year,event_type,location_class,age_band,sex,fatality_type
1996,Avalanche,OTHER,18-39,M,D
1996,Avalanche,OUTDOOR,18-39,M,D
1996,Avalanche,OUTDOOR,18-39,M,D
1996,Avalanche,OTHER,18-39,M,D
1996,Avalanche,OTHER,18-39,M,D
1996,Blizzard,OUTDOOR,65+,M,D
1996,Blizzard,OUTDOOR,40-64,M,D
1996,Blizzard,RES,65+,M,D
1996,Blizzard,VEHICLE,40-64,F,D
1996,Blizzard,OUTDOOR,18-39,M,D
1996,Blizzard,OUTDOOR,40-64,M,D
1996,Blizzard,VEHICLE,40-64,M,D
1996,Blizzard,OUTDOOR,65+,F,D
1996,Blizzard,VEHICLE,40-64,F,D
1996,Blizzard,VEHICLE,40-64,M,D
1996,Blizzard,OUTDOOR,65+,M,D
1996,Blizzard,OUTDOOR,40-64,F,D
1996,Blizzard,OUTDOOR,40-64,M,D
1996,Blizzard,OUTDOOR,40-64,F,D
1996,Blizzard,OUTDOOR,40-64,M,D
1996,Blizzard,OUTDOOR,40-64,M,D
1996,Blizzard,OUTDOOR,40-64,M,D
1996,Blizzard,OUTDOOR,40-64,F,D
1996,Blizzard,OUTDOOR,unknown,F,D
1996,Blizzard,OUTDOOR,65+,F,D
1996,Blizzard,OUTDOOR,18-39,M,D
1996,Blizzard,OUTDOOR,40-64,F,D
1996,Coastal Flood,OUTDOOR,unknown,unknown,D
1996,Coastal Flood,VEHICLE,40-64,M,D
1996,Cold/Wind Chill,OUTDOOR,40-64,M,D
1996,Cold/Wind Chill,RES,65+,M,D
1996,Cold/Wind Chill,OUTDOOR,40-64,F,D
1996,Cold/Wind Chill,OUTDOOR,65+,F,D
1996,Cold/Wind Chill,OUTDOOR,18-39,M,D
1996,Cold/Wind Chill,OUTDOOR,65+,F,D
1996,Cold/Wind Chill,RES,40-64,F,D
1996,Cold/Wind Chill,OUTDOOR,40-64,M,D
1996,Cold/Wind Chill,OUTDOOR,65+,M,D
1996,Cold/Wind Chill,VEHICLE,18-39,M,D
1996,Cold/Wind Chill,OUTDOOR,65+,M,D
1996,Cold/Wind Chill,OUTDOOR,65+,M,D
1996,Cold/Wind Chill,OTHER,40-64,M,D
1996,Cold/Wind Chill,OUTDOOR,40-64,M,D
1996,Cold/Wind Chill,OUTDOOR,18-39,M,D
1996,Cold/Wind Chill,OUTDOOR,18-39,F,D
1996,Cold/Wind Chill,WATER,65+,M,D
1996,Cold/Wind Chill,OUTDOOR,18-39,F,D
1996,Cold/Wind Chill,OTHER,18-39,F,D
1996,Cold/Wind Chill,OTHER,18-39,F,D
1996,Cold/Wind Chill,RES,65+,M,D
1996,Cold/Wind Chill,OUTDOOR,40-64,M,D
1996,Cold/Wind Chill,OTHER,40-64,M,D
1996,Cold/Wind Chill,OUTDOOR,18-39,M,D
1996,Cold/Wind Chill,OUTDOOR,65+,F,D
1996,Cold/Wind Chill,RES,65+,M,D
1996,Cold/Wind Chill,OTHER,unknown,M,D
1996,Cold/Wind Chill,OUTDOOR,18-39,M,D
1996,Cold/Wind Chill,OUTDOOR,65+,M,D
1996,Cold/Wind Chill,OUTDOOR,65+,M,D
1996,Cold/Wind Chill,OUTDOOR,65+,M,D
1996,Cold/Wind Chill,OUTDOOR,40-64,M,D
1996,Cold/Wind Chill,OUTDOOR,40-64,M,D
1996,Cold/Wind Chill,OUTDOOR,65+,F,D
1996,Cold/Wind Chill,RES,65+,F,D
1996,Cold/Wind Chill,RES,65+,M,D
1996,Cold/Wind Chill,RES,65+,M,D
1996,Cold/Wind Chill,OTHER,18-39,M,D
1996,Cold/Wind Chill,WATER,0-17,M,D
1996,Cold/Wind Chill,RES,65+,F,D
1996,Cold/Wind Chill,OUTDOOR,65+,M,D
1996,Cold/Wind Chill,OUTDOOR,65+,M,D
1996,Cold/Wind Chill,MH,40-64,M,D
1996,Cold/Wind Chill,RES,65+,F,D
1996,Cold/Wind Chill,WATER,0-17,M,D
1996,Cold/Wind Chill,OUTDOOR,40-64,M,D
1996,Cold/Wind Chill,OUTDOOR,65+,M,D
1996,Cold/Wind Chill,OUTDOOR,65+,F,D
1996,Cold/Wind Chill,OUTDOOR,40-64,M,D
1996,Cold/Wind Chill,OUTDOOR,65+,M,D
1996,Cold/Wind Chill,OUTDOOR,40-64,M,D
1996,Cold/Wind Chill,OUTDOOR,40-64,M,D
1996,Cold/Wind Chill,OUTDOOR,unknown,unknown,D
1996,Cold/Wind Chill,OUTDOOR,unknown,unknown,D
1996,Cold/Wind Chill,OUTDOOR,65+,M,D
1996,Cold/Wind Chill,RES,65+,M,D
1996,Cold/Wind Chill,RES,65+,F,D
1996,Cold/Wind Chill,RES,65+,M,D
1996,Cold/Wind Chill,RES,65+,F,D
1996,Cold/Wind Chill,OUTDOOR,65+,M,D
1996,Cold/Wind Chill,VEHICLE,40-64,M,D
1996,Cold/Wind Chill,OUTDOOR,65+,F,D
1996,Debris Flow,VEHICLE,18-39,M,D
1996,Dense Fog,VEHICLE,65+,F,D
1996,Dense Fog,VEHICLE,40-64,M,D
1996,Dust Devil,OUTDOOR,18-39,M,D
1996,Flash Flood,VEHICLE,unknown,M,D
1996,Flash Flood,VEHICLE,18-39,M,D
1996,Flash Flood,VEHICLE,40-64,M,D
1996,Flash Flood,WATER,18-39,M,D
1996,Flash Flood,VEHICLE,18-39,F,D
1996,Flash Flood,OUTDOOR,18-39,F,D
1996,Flash Flood,WATER,18-39,M,D
1996,Flash Flood,WATER,0-17,M,D
1996,Flash Flood,WATER,0-17,M,D
1996,Flash Flood,WATER,18-39,F,D
1996,Flash Flood,VEHICLE,40-64,M,D
1996,Flash Flood,VEHICLE,18-39,M,D
1996,Flash Flood,VEHICLE,18-39,M,D
1996,Flash Flood,VEHICLE,65+,F,D
1996,Flash Flood,VEHICLE,18-39,F,D
1996,Flash Flood,VEHICLE,18-39,M,D
1996,Flash Flood,VEHICLE,65+,F,D
1996,Flash Flood,VEHICLE,18-39,M,D
1996,Flash Flood,VEHICLE,18-39,M,D
1996,Flash Flood,VEHICLE,40-64,M,D
1996,Flash Flood,VEHICLE,40-64,M,D
1996,Flash Flood,VEHICLE,0-17,F,D
1996,Flash Flood,VEHICLE,40-64,M,D
1996,Flash Flood,VEHICLE,0-17,F,D
1996,Flash Flood,VEHICLE,40-64,M,D
1996,Flash Flood,VEHICLE,18-39,F,D
1996,Flash Flood,WATER,0-17,M,D
1996,Flash Flood,VEHICLE,40-64,M,D
1996,Flash Flood,VEHICLE,65+,M,D
1996,Flash Flood,VEHICLE,18-39,M,D
1996,Flash Flood,OUTDOOR,0-17,M,D
1996,Flash Flood,VEHICLE,40-64,F,D
1996,Flash Flood,MH,65+,M,D
1996,Flash Flood,VEHICLE,0-17,M,D
1996,Flash Flood,VEHICLE,40-64,M,D
1996,Flash Flood,VEHICLE,40-64,F,D
1996,Flash Flood,VEHICLE,18-39,M,D
1996,Flash Flood,VEHICLE,40-64,M,D
1996,Flash Flood,VEHICLE,0-17,M,D
1996,Flash Flood,VEHICLE,18-39,F,D
1996,Flash Flood,VEHICLE,18-39,M,D
1996,Flash Flood,VEHICLE,18-39,F,D
1996,Flash Flood,WATER,40-64,F,D
1996,Flash Flood,VEHICLE,65+,M,D
1996,Flash Flood,VEHICLE,18-39,F,D
1996,Flash Flood,VEHICLE,unknown,M,D
1996,Flash Flood,WATER,0-17,M,D
1996,Flash Flood,WATER,18-39,F,D
1996,Flash Flood,VEHICLE,0-17,M,D
1996,Flash Flood,VEHICLE,0-17,M,D
1996,Flash Flood,WATER,18-39,F,D
1996,Flash Flood,VEHICLE,40-64,M,D
1996,Flash Flood,VEHICLE,0-17,F,D
1996,Flash Flood,VEHICLE,0-17,M,D
1996,Flash Flood,VEHICLE,0-17,F,D
1996,Flash Flood,VEHICLE,18-39,M,D
1996,Flash Flood,OUTDOOR,40-64,F,D
1996,Flash Flood,WATER,0-17,F,D
1996,Flash Flood,VEHICLE,18-39,F,D
1996,Flash Flood,OUTDOOR,65+,F,D
1996,Flash Flood,WATER,0-17,F,D
1996,Flash Flood,WATER,18-39,F,D
1996,Flash Flood,VEHICLE,65+,F,D
1996,Flash Flood,VEHICLE,65+,M,D
1996,Flash Flood,WATER,40-64,F,D
1996,Flash Flood,WATER,65+,F,D
1996,Flash Flood,WATER,40-64,F,D
1996,Flash Flood,VEHICLE,18-39,F,D
1996,Flash Flood,RES,65+,M,D
1996,Flash Flood,RES,65+,F,D
1996,Flash Flood,WATER,0-17,M,D
1996,Flash Flood,VEHICLE,40-64,F,D
1996,Flash Flood,WATER,18-39,M,D
1996,Flash Flood,WATER,40-64,M,D
1996,Flash Flood,MH,65+,F,D
1996,Flash Flood,WATER,40-64,M,D
1996,Flash Flood,VEHICLE,0-17,M,D
1996,Flash Flood,VEHICLE,65+,M,D
1996,Flash Flood,WATER,40-64,M,D
1996,Flash Flood,VEHICLE,65+,F,D
1996,Flash Flood,VEHICLE,65+,M,D
1996,Flash Flood,MH,18-39,F,D
1996,Flash Flood,WATER,0-17,M,D
1996,Flash Flood,MH,40-64,M,D
1996,Flash Flood,VEHICLE,40-64,F,D
1996,Flash Flood,OUTDOOR,65+,M,D
1996,Flash Flood,VEHICLE,65+,M,D
1996,Flash Flood,WATER,0-17,M,D
1996,Flash Flood,VEHICLE,40-64,F,D
1996,Flash Flood,OUTDOOR,0-17,M,D
1996,Flash Flood,VEHICLE,18-39,M,D
1996,Flash Flood,VEHICLE,18-39,F,D
1996,Flash Flood,VEHICLE,18-39,F,D
1996,Flood,OUTDOOR,40-64,M,D
1996,Flood,VEHICLE,40-64,F,D
1996,Flood,VEHICLE,40-64,F,D
1996,Flood,RES,40-64,F,D
1996,Flood,WATER,0-17,M,D
1996,Flood,RES,40-64,F,D
1996,Flood,RES,40-64,F,D
1996,Flood,RES,40-64,M,D
1996,Flood,VEHICLE,18-39,M,D
1996,Flood,VEHICLE,unknown,unknown,D
1996,Flood,VEHICLE,40-64,F,D
1996,Flood,VEHICLE,40-64,M,D
1996,Flood,WATER,18-39,M,D
1996,Flood,WATER,18-39,M,D
1996,Flood,WATER,40-64,M,D
1996,Flood,VEHICLE,unknown,M,D
1996,Flood,WATER,40-64,M,D
1996,Flood,VEHICLE,40-64,M,D
1996,Flood,VEHICLE,unknown,M,D
1996,Flood,VEHICLE,65+,F,D
1996,Flood,VEHICLE,65+,F,D
1996,Flood,RES,40-64,F,D
1996,Flood,OUTDOOR,0-17,F,D
1996,Flood,VEHICLE,unknown,M,D
1996,Flood,VEHICLE,40-64,M,D
1996,Flood,VEHICLE,0-17,F,D
1996,Flood,RES,40-64,M,D
1996,Flood,WATER,65+,M,D
1996,Flood,WATER,18-39,M,D
1996,Flood,VEHICLE,40-64,M,D
1996,Flood,VEHICLE,40-64,M,D
1996,Flood,VEHICLE,40-64,M,D
1996,Flood,VEHICLE,0-17,M,D
1996,Flood,VEHICLE,0-17,F,D
1996,Flood,VEHICLE,0-17,F,D
1996,Flood,VEHICLE,18-39,M,D
1996,Flood,RES,65+,M,D
1996,Freezing Fog,WATER,40-64,M,D
1996,Hail,OUTDOOR,unknown,M,D
1996,Heat,RES,65+,F,D
1996,Heat,RES,65+,F,D
1996,Heat,RES,65+,F,D
1996,Heat,RES,65+,M,D
1996,Heat,RES,65+,F,D
1996,Heat,OTHER,40-64,M,D
1996,Heat,OUTDOOR,40-64,M,D
1996,Heat,RES,65+,M,D
1996,Heat,RES,65+,F,D
1996,Heat,RES,18-39,M,D
1996,Heat,VEHICLE,18-39,F,D
1996,Heat,RES,65+,M,D
1996,Heat,OUTDOOR,18-39,M,D
1996,Heat,RES,65+,F,D
1996,Heat,RES,65+,F,D
1996,Heat,RES,65+,M,D
1996,Heat,RES,40-64,M,D
1996,Heat,RES,65+,F,D
1996,Heat,RES,65+,M,D
1996,Heat,RES,40-64,M,D
1996,Heat,RES,65+,F,D
1996,Heat,RES,65+,M,D
1996,Heat,RES,65+,M,D
1996,Heat,RES,65+,F,D
1996,Heat,RES,65+,F,D
1996,Heat,VEHICLE,65+,M,D
1996,Heat,RES,65+,F,D
1996,Heat,PUBLIC,18-39,M,D
1996,Heat,RES,18-39,M,D
1996,Heat,RES,65+,M,D
1996,Heat,RES,65+,M,D
1996,Heat,RES,65+,F,D
1996,Heat,OUTDOOR,65+,M,D
1996,Heat,RES,65+,F,D
1996,Heat,RES,65+,M,D
1996,Heavy Rain,VEHICLE,40-64,M,D
1996,Heavy Rain,OUTDOOR,0-17,M,D
1996,Heavy Rain,RES,65+,M,D
1996,Heavy Rain,VEHICLE,40-64,F,D
1996,Heavy Rain,VEHICLE,18-39,M,D
1996,Heavy Rain,WATER,65+,M,D
1996,Heavy Rain,WATER,0-17,F,D
1996,Heavy Rain,WATER,40-64,M,D
1996,Heavy Rain,WATER,18-39,M,D
1996,Heavy Snow,OUTDOOR,65+,M,D
1996,Heavy Snow,VEHICLE,0-17,F,D
1996,Heavy Snow,OUTDOOR,40-64,M,D
1996,Heavy Snow,VEHICLE,18-39,M,D
1996,Heavy Snow,VEHICLE,18-39,F,D
1996,Heavy Snow,OUTDOOR,40-64,F,D
1996,Heavy Snow,VEHICLE,18-39,M,D
1996,Heavy Snow,RES,40-64,F,D
1996,Heavy Snow,OUTDOOR,40-64,M,D
1996,Heavy Snow,VEHICLE,18-39,F,D
1996,Heavy Snow,VEHICLE,65+,M,D
1996,Heavy Snow,RES,65+,M,D
1996,Heavy Snow,OTHER,18-39,M,D
1996,Heavy Snow,OUTDOOR,65+,M,D
1996,Heavy Snow,OUTDOOR,40-64,M,D
1996,Heavy Snow,VEHICLE,65+,F,D
1996,Heavy Snow,VEHICLE,18-39,M,D
1996,Heavy Snow,VEHICLE,18-39,M,D
1996,Heavy Snow,VEHICLE,18-39,M,D
1996,Heavy Snow,OUTDOOR,65+,M,D
1996,Heavy Snow,OUTDOOR,40-64,M,D
1996,Heavy Snow,OUTDOOR,65+,M,D
1996,Heavy Snow,VEHICLE,40-64,F,D
1996,Heavy Snow,OUTDOOR,65+,M,D
1996,Heavy Snow,OUTDOOR,65+,F,D
1996,Heavy Snow,OUTDOOR,40-64,M,D
1996,High Surf,WATER,18-39,M,D
1996,High Surf,WATER,65+,M,D
1996,High Surf,WATER,18-39,M,D
1996,High Surf,WATER,18-39,M,D
1996,High Surf,WATER,65+,M,D
1996,High Surf,WATER,40-64,M,D
1996,High Surf,WATER,18-39,M,D
1996,High Surf,WATER,40-64,M,D
1996,High Wind,PUBLIC,18-39,M,D
1996,High Wind,OUTDOOR,40-64,M,D
1996,High Wind,VEHICLE,18-39,F,D
1996,High Wind,VEHICLE,65+,M,D
1996,High Wind,OUTDOOR,65+,M,D
1996,High Wind,VEHICLE,40-64,M,D
1996,High Wind,VEHICLE,18-39,M,D
1996,High Wind,VEHICLE,40-64,M,D
1996,High Wind,VEHICLE,0-17,M,D
1996,High Wind,OUTDOOR,0-17,M,D
1996,High Wind,OUTDOOR,40-64,M,D
1996,High Wind,PUBLIC,18-39,M,D
1996,High Wind,PUBLIC,40-64,F,D
1996,High Wind,VEHICLE,65+,M,D
1996,High Wind,OUTDOOR,18-39,M,D
1996,High Wind,RES,65+,F,D
1996,High Wind,OUTDOOR,40-64,M,D
1996,High Wind,OTHER,40-64,M,D
1996,High Wind,OUTDOOR,0-17,F,D
1996,High Wind,OUTDOOR,0-17,M,D
1996,High Wind,VEHICLE,65+,M,D
1996,High Wind,VEHICLE,40-64,M,D
1996,High Wind,OUTDOOR,65+,F,D
1996,High Wind,VEHICLE,40-64,M,D
1996,Hurricane (Typhoon),VEHICLE,40-64,M,D
1996,Hurricane (Typhoon),WATER,18-39,M,D
1996,Hurricane (Typhoon),RES,0-17,M,D
1996,Hurricane (Typhoon),VEHICLE,18-39,M,D
1996,Hurricane (Typhoon),VEHICLE,18-39,M,D
1996,Hurricane (Typhoon),WATER,40-64,M,D
1996,Hurricane (Typhoon),RES,65+,F,D
1996,Hurricane (Typhoon),WATER,0-17,M,D
1996,Hurricane (Typhoon),MH,18-39,F,D
1996,Hurricane (Typhoon),VEHICLE,65+,F,D
1996,Hurricane (Typhoon),VEHICLE,40-64,M,D
1996,Hurricane (Typhoon),VEHICLE,18-39,F,D
1996,Hurricane (Typhoon),WATER,40-64,M,D
1996,Hurricane (Typhoon),WATER,65+,F,D
1996,Hurricane (Typhoon),WATER,18-39,M,D
1996,Hurricane (Typhoon),RES,65+,M,D
1996,Hurricane (Typhoon),VEHICLE,65+,F,D
1996,Ice Storm,VEHICLE,18-39,M,D
1996,Ice Storm,VEHICLE,18-39,M,D
1996,Ice Storm,VEHICLE,40-64,F,D
1996,Ice Storm,MH,18-39,M,D
1996,Ice Storm,VEHICLE,18-39,M,D
1996,Ice Storm,VEHICLE,unknown,F,D
1996,Ice Storm,VEHICLE,0-17,M,D
1996,Ice Storm,VEHICLE,0-17,M,D
1996,Ice Storm,VEHICLE,unknown,M,D
1996,Ice Storm,VEHICLE,unknown,M,D
1996,Ice Storm,VEHICLE,18-39,M,D
1996,Lightning,VEHICLE,40-64,M,D
1996,Lightning,OUTDOOR,18-39,M,D
1996,Lightning,OTHER,0-17,M,D
1996,Lightning,OTHER,0-17,F,D
1996,Lightning,OUTDOOR,40-64,M,D
1996,Lightning,OUTDOOR,18-39,M,D
1996,Lightning,OUTDOOR,65+,F,D
1996,Lightning,OUTDOOR,0-17,F,D
1996,Lightning,OUTDOOR,18-39,M,D
1996,Lightning,VEHICLE,40-64,M,D
1996,Lightning,OUTDOOR,18-39,M,D
1996,Lightning,OUTDOOR,18-39,M,D
1996,Lightning,MH,18-39,M,D
1996,Lightning,OTHER,18-39,M,D
1996,Lightning,OUTDOOR,18-39,M,D
1996,Lightning,OUTDOOR,40-64,M,D
1996,Lightning,OUTDOOR,0-17,M,D
1996,Lightning,OUTDOOR,0-17,M,D
1996,Lightning,OUTDOOR,40-64,M,D
1996,Lightning,OUTDOOR,18-39,F,D
1996,Lightning,OUTDOOR,18-39,M,D
1996,Lightning,OUTDOOR,18-39,M,D
1996,Lightning,OUTDOOR,18-39,M,D
1996,Lightning,OUTDOOR,18-39,M,D
1996,Lightning,OUTDOOR,65+,M,D
1996,Lightning,OUTDOOR,18-39,F,D
1996,Lightning,OUTDOOR,18-39,M,D
1996,Lightning,OUTDOOR,18-39,M,D
1996,Lightning,OUTDOOR,18-39,M,D
1996,Lightning,OUTDOOR,18-39,M,D
1996,Lightning,OUTDOOR,18-39,M,D
1996,Lightning,OUTDOOR,18-39,M,D
1996,Lightning,OUTDOOR,unknown,M,D
1996,Lightning,OUTDOOR,0-17,M,D
1996,Lightning,WATER,unknown,unknown,D
1996,Lightning,RES,65+,F,D
1996,Lightning,OUTDOOR,18-39,M,D
1996,Lightning,PUBLIC,18-39,M,D
1996,Lightning,OUTDOOR,40-64,M,D
1996,Lightning,OUTDOOR,18-39,M,D
1996,Lightning,OUTDOOR,40-64,M,D
1996,Lightning,OUTDOOR,18-39,M,D
1996,Lightning,OUTDOOR,0-17,M,D
1996,Lightning,OTHER,18-39,M,D
1996,Lightning,OUTDOOR,0-17,M,D
1996,Lightning,OUTDOOR,0-17,F,D
1996,Lightning,OTHER,18-39,M,D
1996,Lightning,OUTDOOR,18-39,F,D
1996,Lightning,OUTDOOR,0-17,F,D
1996,Lightning,OUTDOOR,0-17,F,D
1996,Lightning,OUTDOOR,unknown,F,D
1996,Lightning,OTHER,40-64,M,D
1996,Lightning,RES,0-17,F,D
1996,Marine High Wind,WATER,18-39,M,D
1996,Rip Current,WATER,18-39,M,D
1996,Rip Current,WATER,0-17,M,D
1996,Rip Current,WATER,18-39,M,D
1996,Rip Current,WATER,18-39,M,D
1996,Rip Current,WATER,18-39,M,D
1996,Rip Current,WATER,0-17,F,D
1996,Rip Current,WATER,0-17,M,D
1996,Rip Current,WATER,65+,F,D
1996,Rip Current,WATER,18-39,M,D
1996,Rip Current,WATER,18-39,M,D
1996,Rip Current,WATER,40-64,M,D
1996,Rip Current,WATER,18-39,M,D
1996,Rip Current,WATER,unknown,M,D
1996,Rip Current,WATER,18-39,M,D
1996,Rip Current,WATER,0-17,M,D
1996,Rip Current,WATER,0-17,M,D
1996,Rip Current,WATER,40-64,M,D
1996,Rip Current,WATER,18-39,M,D
1996,Rip Current,WATER,40-64,M,D
1996,Rip Current,WATER,40-64,M,D
1996,Rip Current,WATER,65+,M,D
1996,Rip Current,WATER,0-17,M,D
1996,Rip Current,WATER,40-64,M,D
1996,Rip Current,WATER,40-64,M,D
1996,Rip Current,WATER,unknown,M,D
1996,Strong Wind,WATER,40-64,M,D
1996,Strong Wind,OUTDOOR,0-17,F,D
1996,Strong Wind,WATER,unknown,M,D
1996,Strong Wind,WATER,unknown,M,D
1996,Strong Wind,WATER,unknown,M,D
1996,Strong Wind,WATER,unknown,M,D
1996,Strong Wind,WATER,unknown,M,D
1996,Thunderstorm Wind,VEHICLE,40-64,M,D
1996,Thunderstorm Wind,WATER,18-39,F,D
1996,Thunderstorm Wind,VEHICLE,65+,M,D
1996,Thunderstorm Wind,MH,40-64,F,D
1996,Thunderstorm Wind,PUBLIC,18-39,M,D
1996,Thunderstorm Wind,WATER,0-17,M,D
1996,Thunderstorm Wind,VEHICLE,unknown,unknown,D
1996,Thunderstorm Wind,OUTDOOR,40-64,M,D
1996,Thunderstorm Wind,VEHICLE,18-39,M,D
1996,Thunderstorm Wind,RES,18-39,M,D
1996,Thunderstorm Wind,OUTDOOR,40-64,F,D
1996,Thunderstorm Wind,MH,18-39,M,D
1996,Thunderstorm Wind,RES,65+,F,D
1996,Thunderstorm Wind,WATER,unknown,M,D
1996,Thunderstorm Wind,MH,0-17,F,D
1996,Thunderstorm Wind,WATER,0-17,F,D
1996,Thunderstorm Wind,WATER,0-17,F,D
1996,Thunderstorm Wind,OUTDOOR,18-39,F,D
1996,Thunderstorm Wind,OTHER,0-17,M,D
1996,Thunderstorm Wind,MH,unknown,F,D
1996,Thunderstorm Wind,VEHICLE,65+,M,D
1996,Thunderstorm Wind,WATER,unknown,M,D
1996,Thunderstorm Wind,OUTDOOR,0-17,M,D
1996,Tornado,MH,18-39,M,D
1996,Tornado,RES,0-17,F,D
1996,Tornado,MH,18-39,M,D
1996,Tornado,MH,0-17,F,D
1996,Tornado,OTHER,40-64,M,D
1996,Tornado,RES,0-17,F,D
1996,Tornado,MH,40-64,M,D
1996,Tornado,VEHICLE,unknown,M,D
1996,Tornado,MH,65+,F,D
1996,Tornado,MH,18-39,M,D
1996,Tornado,RES,65+,M,D
1996,Tornado,MH,65+,M,D
1996,Tornado,MH,0-17,M,D
1996,Tornado,RES,65+,M,D
1996,Tornado,RES,0-17,M,D
1996,Tornado,MH,40-64,F,D
1996,Tornado,MH,65+,M,D
1996,Tornado,MH,65+,M,D
1996,Tornado,MH,40-64,F,D
1996,Tornado,VEHICLE,18-39,M,D
1996,Tornado,MH,40-64,M,D
1996,Tornado,VEHICLE,40-64,F,D
1996,Tornado,RES,40-64,F,D
1996,Tornado,RES,40-64,M,D
1996,Tornado,RES,40-64,F,D
1996,Tornado,MH,65+,F,D
1996,Tropical Storm,WATER,40-64,M,D
1996,Winter Storm,MH,40-64,M,D
1996,Winter Storm,VEHICLE,40-64,M,D
1996,Winter Storm,RES,65+,F,D
1996,Winter Storm,MH,18-39,F,D
1996,Winter Storm,OUTDOOR,40-64,M,D
1996,Winter Storm,OUTDOOR,18-39,M,D
1996,Winter Storm,VEHICLE,40-64,M,D
1996,Winter Storm,VEHICLE,18-39,M,D
1996,Winter Storm,OUTDOOR,unknown,M,D
1996,Winter Storm,OUTDOOR,40-64,M,D
1996,Winter Storm,VEHICLE,18-39,F,D
1996,Winter Storm,OUTDOOR,40-64,M,D
1996,Winter Storm,VEHICLE,0-17,F,D
1996,Winter Storm,VEHICLE,18-39,F,D
1996,Winter Storm,VEHICLE,unknown,F,D
1996,Winter Storm,OUTDOOR,40-64,F,D
1996,Winter Storm,OUTDOOR,unknown,F,D
1996,Winter Storm,VEHICLE,18-39,F,D
1996,Winter Storm,RES,40-64,M,D
1996,Winter Storm,VEHICLE,0-17,F,D
1996,Winter Storm,VEHICLE,18-39,F,D
1996,Winter Storm,VEHICLE,18-39,F,D
1996,Winter Storm,OUTDOOR,65+,M,D
1996,Winter Storm,MH,0-17,M,D
1996,Winter Weather,VEHICLE,18-39,F,D
1997,Avalanche,OUTDOOR,18-39,M,D
1997,Avalanche,OUTDOOR,18-39,M,D
1997,Avalanche,OUTDOOR,18-39,M,D
1997,Avalanche,OUTDOOR,18-39,M,D
1997,Blizzard,OTHER,18-39,M,D
1997,Blizzard,VEHICLE,40-64,F,D
1997,Blizzard,RES,40-64,M,D
1997,Blizzard,RES,65+,M,D
1997,Blizzard,OUTDOOR,40-64,M,D
1997,Blizzard,RES,65+,M,D
1997,Blizzard,OUTDOOR,40-64,M,D
1997,Blizzard,OUTDOOR,18-39,M,D
1997,Blizzard,OTHER,18-39,M,D
1997,Blizzard,OTHER,18-39,M,D
1997,Blizzard,OUTDOOR,65+,F,D
1997,Blizzard,RES,40-64,M,D
1997,Blizzard,RES,40-64,M,D
1997,Blizzard,VEHICLE,18-39,M,D
1997,Blizzard,VEHICLE,18-39,F,D
1997,Blizzard,RES,unknown,M,D
1997,Blizzard,VEHICLE,18-39,M,D
1997,Blizzard,VEHICLE,18-39,M,D
1997,Blizzard,VEHICLE,40-64,M,D
1997,Blizzard,VEHICLE,18-39,M,D
1997,Blizzard,VEHICLE,18-39,F,D
1997,Blizzard,VEHICLE,18-39,M,D
1997,Blizzard,OUTDOOR,65+,F,D
1997,Blizzard,OUTDOOR,0-17,M,D
1997,Blizzard,OUTDOOR,40-64,M,D
1997,Blizzard,VEHICLE,18-39,F,D
1997,Coastal Flood,VEHICLE,18-39,M,D
1997,Coastal Flood,VEHICLE,40-64,F,D
1997,Cold/Wind Chill,RES,65+,F,D
1997,Cold/Wind Chill,RES,40-64,F,D
1997,Cold/Wind Chill,OUTDOOR,18-39,M,D
1997,Cold/Wind Chill,OUTDOOR,65+,F,D
1997,Cold/Wind Chill,RES,65+,F,D
1997,Cold/Wind Chill,RES,unknown,F,D
1997,Cold/Wind Chill,RES,65+,F,D
1997,Cold/Wind Chill,OUTDOOR,18-39,M,D
1997,Cold/Wind Chill,OUTDOOR,40-64,M,D
1997,Cold/Wind Chill,VEHICLE,unknown,M,D
1997,Cold/Wind Chill,RES,65+,M,D
1997,Cold/Wind Chill,OUTDOOR,18-39,M,D
1997,Cold/Wind Chill,OUTDOOR,40-64,M,D
1997,Cold/Wind Chill,OUTDOOR,65+,M,D
1997,Cold/Wind Chill,VEHICLE,40-64,M,D
1997,Cold/Wind Chill,OUTDOOR,65+,F,D
1997,Cold/Wind Chill,VEHICLE,40-64,M,D
1997,Cold/Wind Chill,OUTDOOR,40-64,M,D
1997,Cold/Wind Chill,OUTDOOR,18-39,F,D
1997,Cold/Wind Chill,OUTDOOR,40-64,F,D
1997,Cold/Wind Chill,OUTDOOR,65+,F,D
1997,Cold/Wind Chill,OUTDOOR,65+,M,D
1997,Cold/Wind Chill,OUTDOOR,40-64,M,D
1997,Cold/Wind Chill,OUTDOOR,40-64,M,D
1997,Cold/Wind Chill,OUTDOOR,40-64,M,D
1997,Cold/Wind Chill,RES,40-64,F,D
1997,Cold/Wind Chill,RES,65+,M,D
1997,Cold/Wind Chill,OUTDOOR,65+,M,D
1997,Cold/Wind Chill,OTHER,unknown,M,D
1997,Cold/Wind Chill,OUTDOOR,18-39,M,D
1997,Cold/Wind Chill,OUTDOOR,18-39,M,D
1997,Cold/Wind Chill,OUTDOOR,40-64,F,D
1997,Cold/Wind Chill,OUTDOOR,18-39,M,D
1997,Cold/Wind Chill,OUTDOOR,65+,F,D
1997,Cold/Wind Chill,OUTDOOR,40-64,M,D
1997,Debris Flow,RES,0-17,M,D
1997,Debris Flow,RES,40-64,M,D
1997,Debris Flow,RES,18-39,F,D
1997,Debris Flow,RES,0-17,M,D
1997,Dense Fog,VEHICLE,40-64,M,D
1997,Dense Fog,VEHICLE,unknown,unknown,D
1997,Dense Fog,VEHICLE,18-39,F,D
1997,Dense Fog,VEHICLE,unknown,unknown,D
1997,Dense Fog,VEHICLE,40-64,M,D
1997,Dense Fog,VEHICLE,40-64,M,D
1997,Dense Fog,VEHICLE,18-39,M,D
1997,Dense Fog,VEHICLE,unknown,M,D
1997,Dense Fog,VEHICLE,0-17,F,D
1997,Dense Fog,VEHICLE,18-39,F,D
1997,Flash Flood,OUTDOOR,40-64,F,D
1997,Flash Flood,WATER,18-39,F,D
1997,Flash Flood,WATER,18-39,F,D
1997,Flash Flood,WATER,18-39,F,D
1997,Flash Flood,WATER,18-39,F,D
1997,Flash Flood,WATER,40-64,M,D
1997,Flash Flood,WATER,18-39,M,D
1997,Flash Flood,VEHICLE,40-64,M,D
1997,Flash Flood,WATER,18-39,M,D
1997,Flash Flood,OUTDOOR,0-17,F,D
1997,Flash Flood,WATER,18-39,M,D
1997,Flash Flood,WATER,18-39,M,D
1997,Flash Flood,WATER,18-39,M,D
1997,Flash Flood,WATER,18-39,F,D
1997,Flash Flood,OTHER,40-64,M,D
1997,Flash Flood,OTHER,40-64,F,D
1997,Flash Flood,WATER,18-39,M,D
1997,Flash Flood,VEHICLE,40-64,M,D
1997,Flash Flood,VEHICLE,40-64,F,D
1997,Flash Flood,WATER,0-17,F,D
1997,Flash Flood,VEHICLE,18-39,F,D
1997,Flash Flood,OUTDOOR,0-17,M,D
1997,Flash Flood,OUTDOOR,18-39,F,D
1997,Flash Flood,VEHICLE,65+,M,D
1997,Flash Flood,WATER,18-39,F,D
1997,Flash Flood,WATER,18-39,M,D
1997,Flash Flood,OUTDOOR,18-39,F,D
1997,Flash Flood,MH,65+,F,D
1997,Flash Flood,MH,40-64,F,D
1997,Flash Flood,MH,40-64,F,D
1997,Flash Flood,MH,40-64,F,D
1997,Flash Flood,WATER,40-64,M,D
1997,Flash Flood,VEHICLE,65+,M,D
1997,Flash Flood,WATER,40-64,M,D
1997,Flash Flood,WATER,18-39,M,D
1997,Flash Flood,RES,65+,M,D
1997,Flash Flood,VEHICLE,40-64,F,D
1997,Flash Flood,VEHICLE,18-39,M,D
1997,Flash Flood,VEHICLE,18-39,M,D
1997,Flash Flood,VEHICLE,0-17,M,D
1997,Flash Flood,VEHICLE,65+,F,D
1997,Flash Flood,VEHICLE,65+,M,D
1997,Flash Flood,WATER,18-39,F,D
1997,Flash Flood,WATER,18-39,F,D
1997,Flash Flood,WATER,0-17,M,D
1997,Flash Flood,WATER,18-39,M,D
1997,Flash Flood,VEHICLE,40-64,F,D
1997,Flash Flood,WATER,18-39,M,D
1997,Flash Flood,WATER,65+,M,D
1997,Flash Flood,WATER,0-17,M,D
1997,Flash Flood,OUTDOOR,18-39,M,D
1997,Flash Flood,WATER,0-17,F,D
1997,Flash Flood,VEHICLE,18-39,M,D
1997,Flash Flood,VEHICLE,18-39,M,D
1997,Flash Flood,WATER,18-39,M,D
1997,Flash Flood,WATER,18-39,F,D
1997,Flash Flood,VEHICLE,0-17,M,D
1997,Flash Flood,VEHICLE,18-39,M,D
1997,Flash Flood,OUTDOOR,0-17,F,D
1997,Flash Flood,VEHICLE,40-64,F,D
1997,Flash Flood,WATER,0-17,F,D
1997,Flash Flood,WATER,0-17,M,D
1997,Flash Flood,WATER,0-17,M,D
1997,Flash Flood,VEHICLE,65+,F,D
1997,Flash Flood,VEHICLE,40-64,M,D
1997,Flash Flood,VEHICLE,0-17,F,D
1997,Flash Flood,VEHICLE,0-17,M,D
1997,Flash Flood,OTHER,18-39,F,D
1997,Flash Flood,WATER,40-64,M,D
1997,Flash Flood,WATER,40-64,M,D
1997,Flash Flood,VEHICLE,65+,M,D
1997,Flash Flood,WATER,18-39,M,D
1997,Flash Flood,VEHICLE,18-39,M,D
1997,Flash Flood,VEHICLE,40-64,M,D
1997,Flash Flood,VEHICLE,18-39,F,D
1997,Flash Flood,WATER,40-64,M,D
1997,Flash Flood,RES,18-39,M,D
1997,Flash Flood,VEHICLE,40-64,F,D
1997,Flash Flood,VEHICLE,18-39,F,D
1997,Flash Flood,VEHICLE,65+,M,D
1997,Flash Flood,VEHICLE,40-64,F,D
1997,Flash Flood,RES,65+,M,D
1997,Flash Flood,VEHICLE,65+,F,D
1997,Flash Flood,OUTDOOR,0-17,F,D
1997,Flash Flood,OUTDOOR,0-17,F,D
1997,Flood,VEHICLE,18-39,M,D
1997,Flood,VEHICLE,18-39,M,D
1997,Flood,RES,40-64,F,D
1997,Flood,VEHICLE,40-64,M,D
1997,Flood,VEHICLE,65+,M,D
1997,Flood,VEHICLE,18-39,F,D
1997,Flood,WATER,0-17,M,D
1997,Flood,WATER,0-17,M,D
1997,Flood,VEHICLE,40-64,F,D
1997,Flood,WATER,0-17,M,D
1997,Flood,WATER,18-39,M,D
1997,Flood,VEHICLE,18-39,F,D
1997,Flood,OUTDOOR,65+,M,D
1997,Flood,VEHICLE,40-64,F,D
1997,Flood,VEHICLE,65+,M,D
1997,Flood,RES,65+,F,D
1997,Flood,MH,40-64,M,D
1997,Flood,VEHICLE,40-64,F,D
1997,Flood,VEHICLE,0-17,F,D
1997,Flood,VEHICLE,40-64,M,D
1997,Flood,VEHICLE,40-64,M,D
1997,Flood,MH,40-64,F,D
1997,Flood,WATER,0-17,M,D
1997,Flood,MH,0-17,F,D
1997,Flood,WATER,40-64,M,D
1997,Flood,WATER,18-39,M,D
1997,Flood,WATER,65+,M,D
1997,Flood,WATER,65+,M,D
1997,Flood,WATER,18-39,M,D
1997,Flood,VEHICLE,40-64,F,D
1997,Flood,WATER,40-64,M,D
1997,Frost/Freeze,VEHICLE,40-64,M,D
1997,Heat,VEHICLE,18-39,M,D
1997,Heat,RES,18-39,F,D
1997,Heat,RES,40-64,F,D
1997,Heat,OUTDOOR,18-39,M,D
1997,Heat,PUBLIC,40-64,M,D
1997,Heat,OTHER,18-39,M,D
1997,Heat,RES,65+,F,D
1997,Heat,RES,unknown,M,D
1997,Heat,OUTDOOR,65+,M,D
1997,Heat,RES,65+,F,D
1997,Heat,RES,40-64,F,D
1997,Heat,OUTDOOR,18-39,F,D
1997,Heat,RES,40-64,M,D
1997,Heat,OUTDOOR,18-39,M,D
1997,Heat,OUTDOOR,65+,F,D
1997,Heat,OTHER,18-39,F,D
1997,Heat,VEHICLE,18-39,F,D
1997,Heat,RES,65+,M,D
1997,Heat,RES,40-64,M,D
1997,Heat,OUTDOOR,18-39,M,D
1997,Heat,RES,40-64,F,D
1997,Heat,RES,65+,F,D
1997,Heat,OUTDOOR,40-64,M,D
1997,Heat,RES,40-64,M,D
1997,Heat,RES,65+,M,D
1997,Heat,RES,65+,M,D
1997,Heat,RES,65+,F,D
1997,Heat,RES,40-64,M,D
1997,Heat,RES,40-64,F,D
1997,Heat,RES,40-64,F,D
1997,Heat,RES,65+,M,D
1997,Heat,RES,18-39,M,D
1997,Heat,RES,18-39,F,D
1997,Heat,RES,65+,F,D
1997,Heat,RES,65+,M,D
1997,Heat,RES,65+,F,D
1997,Heat,RES,65+,F,D
1997,Heat,RES,65+,M,D
1997,Heat,RES,65+,M,D
1997,Heat,RES,40-64,M,D
1997,Heat,RES,65+,F,D
1997,Heat,RES,65+,F,D
1997,Heat,RES,65+,M,D
1997,Heat,RES,40-64,F,D
1997,Heat,RES,65+,M,D
1997,Heat,RES,65+,M,D
1997,Heat,RES,65+,F,D
1997,Heat,RES,65+,F,D
1997,Heat,RES,65+,F,D
1997,Heat,RES,40-64,M,D
1997,Heat,RES,40-64,M,D
1997,Heat,RES,65+,M,D
1997,Heat,RES,65+,F,D
1997,Heat,RES,40-64,F,D
1997,Heat,RES,65+,F,D
1997,Heat,RES,18-39,M,D
1997,Heat,RES,18-39,F,D
1997,Heat,RES,40-64,M,D
1997,Heat,VEHICLE,40-64,M,D
1997,Heat,RES,40-64,M,D
1997,Heat,RES,65+,F,D
1997,Heat,RES,40-64,F,D
1997,Heat,RES,65+,M,D
1997,Heat,RES,40-64,M,D
1997,Heat,RES,65+,M,D
1997,Heat,RES,65+,F,D
1997,Heat,RES,65+,M,D
1997,Heat,RES,40-64,F,D
1997,Heat,RES,40-64,M,D
1997,Heat,RES,65+,F,D
1997,Heat,RES,65+,M,D
1997,Heat,RES,65+,M,D
1997,Heat,RES,40-64,M,D
1997,Heat,RES,65+,M,D
1997,Heat,RES,65+,M,D
1997,Heat,RES,65+,F,D
1997,Heat,RES,65+,F,D
1997,Heat,RES,65+,M,D
1997,Heat,RES,65+,M,D
1997,Heat,RES,65+,F,D
1997,Heat,RES,40-64,M,D
1997,Heavy Rain,VEHICLE,0-17,M,D
1997,Heavy Rain,VEHICLE,65+,F,D
1997,Heavy Rain,OUTDOOR,40-64,M,D
1997,Heavy Rain,VEHICLE,18-39,F,D
1997,Heavy Rain,OUTDOOR,0-17,M,D
1997,Heavy Rain,VEHICLE,18-39,M,D
1997,Heavy Rain,VEHICLE,18-39,M,D
1997,Heavy Rain,VEHICLE,18-39,M,D
1997,Heavy Rain,OTHER,unknown,M,D
1997,Heavy Rain,VEHICLE,18-39,M,D
1997,Heavy Snow,VEHICLE,40-64,M,D
1997,Heavy Snow,VEHICLE,18-39,F,D
1997,Heavy Snow,OUTDOOR,40-64,M,D
1997,Heavy Snow,VEHICLE,18-39,F,D
1997,Heavy Snow,VEHICLE,65+,M,D
1997,Heavy Snow,VEHICLE,40-64,F,D
1997,Heavy Snow,VEHICLE,40-64,M,D
1997,Heavy Snow,VEHICLE,40-64,M,D
1997,Heavy Snow,OUTDOOR,40-64,M,D
1997,Heavy Snow,OUTDOOR,65+,M,D
1997,Heavy Snow,VEHICLE,18-39,M,D
1997,Heavy Snow,VEHICLE,18-39,F,D
1997,Heavy Snow,OUTDOOR,40-64,M,D
1997,Heavy Snow,OUTDOOR,65+,M,D
1997,Heavy Snow,VEHICLE,65+,M,D
1997,Heavy Snow,VEHICLE,0-17,M,D
1997,Heavy Snow,VEHICLE,40-64,F,D
1997,Heavy Snow,VEHICLE,18-39,M,D
1997,Heavy Snow,VEHICLE,40-64,F,D
1997,Heavy Snow,VEHICLE,40-64,M,D
1997,High Surf,WATER,18-39,M,D
1997,High Surf,WATER,18-39,M,D
1997,High Surf,WATER,18-39,M,D
1997,High Surf,WATER,18-39,M,D
1997,High Surf,WATER,18-39,M,D
1997,High Surf,WATER,40-64,M,D
1997,High Surf,WATER,40-64,F,D
1997,High Surf,WATER,18-39,M,D
1997,High Surf,WATER,18-39,M,D
1997,High Wind,VEHICLE,unknown,unknown,D
1997,High Wind,WATER,40-64,M,D
1997,High Wind,OUTDOOR,18-39,M,D
1997,High Wind,OUTDOOR,40-64,M,D
1997,High Wind,OUTDOOR,40-64,M,D
1997,High Wind,VEHICLE,40-64,F,D
1997,High Wind,VEHICLE,unknown,M,D
1997,High Wind,WATER,unknown,unknown,D
1997,High Wind,WATER,unknown,unknown,D
1997,High Wind,WATER,unknown,unknown,D
1997,High Wind,WATER,unknown,unknown,D
1997,High Wind,OTHER,65+,F,D
1997,High Wind,OUTDOOR,18-39,M,D
1997,High Wind,WATER,65+,F,D
1997,High Wind,WATER,65+,M,D
1997,High Wind,OUTDOOR,unknown,F,D
1997,High Wind,WATER,0-17,F,D
1997,High Wind,VEHICLE,18-39,F,D
1997,High Wind,VEHICLE,0-17,M,D
1997,High Wind,VEHICLE,40-64,M,D
1997,High Wind,VEHICLE,0-17,F,D
1997,High Wind,WATER,40-64,F,D
1997,High Wind,VEHICLE,0-17,F,D
1997,High Wind,VEHICLE,0-17,F,D
1997,High Wind,OTHER,40-64,M,D
1997,High Wind,VEHICLE,0-17,F,D
1997,High Wind,VEHICLE,18-39,M,D
1997,High Wind,WATER,0-17,M,D
1997,High Wind,WATER,40-64,M,D
1997,High Wind,OUTDOOR,65+,M,D
1997,High Wind,VEHICLE,40-64,M,D
1997,High Wind,VEHICLE,18-39,F,D
1997,High Wind,VEHICLE,18-39,M,D
1997,Hurricane (Typhoon),WATER,40-64,M,D
1997,Ice Storm,VEHICLE,40-64,M,D
1997,Ice Storm,VEHICLE,unknown,M,D
1997,Ice Storm,VEHICLE,18-39,M,D
1997,Ice Storm,VEHICLE,65+,M,D
1997,Ice Storm,OTHER,40-64,F,D
1997,Ice Storm,VEHICLE,18-39,F,D
1997,Ice Storm,OTHER,40-64,M,D
1997,Ice Storm,VEHICLE,40-64,M,D
1997,Ice Storm,VEHICLE,40-64,M,D
1997,Ice Storm,VEHICLE,40-64,F,D
1997,Lightning,OUTDOOR,18-39,M,D
1997,Lightning,OUTDOOR,40-64,M,D
1997,Lightning,WATER,40-64,M,D
1997,Lightning,OTHER,18-39,M,D
1997,Lightning,OUTDOOR,40-64,M,D
1997,Lightning,OUTDOOR,65+,M,D
1997,Lightning,OUTDOOR,18-39,M,D
1997,Lightning,OTHER,0-17,M,D
1997,Lightning,OUTDOOR,40-64,M,D
1997,Lightning,OUTDOOR,40-64,M,D
1997,Lightning,OUTDOOR,40-64,M,D
1997,Lightning,OUTDOOR,18-39,F,D
1997,Lightning,OUTDOOR,0-17,M,D
1997,Lightning,OUTDOOR,18-39,M,D
1997,Lightning,OUTDOOR,18-39,M,D
1997,Lightning,PUBLIC,18-39,M,D
1997,Lightning,RES,18-39,M,D
1997,Lightning,OUTDOOR,18-39,M,D
1997,Lightning,OUTDOOR,40-64,M,D
1997,Lightning,WATER,40-64,M,D
1997,Lightning,OUTDOOR,0-17,M,D
1997,Lightning,OUTDOOR,40-64,M,D
1997,Lightning,OUTDOOR,18-39,F,D
1997,Lightning,OUTDOOR,40-64,M,D
1997,Lightning,VEHICLE,unknown,M,D
1997,Lightning,RES,18-39,M,D
1997,Lightning,RES,65+,F,D
1997,Lightning,OUTDOOR,40-64,M,D
1997,Lightning,WATER,18-39,M,D
1997,Lightning,OUTDOOR,40-64,M,D
1997,Lightning,OUTDOOR,18-39,M,D
1997,Lightning,OUTDOOR,18-39,F,D
1997,Lightning,OTHER,18-39,M,D
1997,Lightning,OUTDOOR,40-64,M,D
1997,Lightning,OUTDOOR,18-39,M,D
1997,Lightning,OTHER,40-64,M,D
1997,Lightning,OUTDOOR,40-64,M,D
1997,Lightning,OUTDOOR,40-64,M,D
1997,Lightning,OUTDOOR,18-39,F,D
1997,Lightning,OUTDOOR,40-64,M,D
1997,Lightning,OUTDOOR,18-39,M,D
1997,Lightning,OUTDOOR,18-39,M,D
1997,Rip Current,WATER,18-39,M,D
1997,Rip Current,WATER,18-39,M,D
1997,Rip Current,WATER,40-64,M,D
1997,Rip Current,WATER,40-64,M,D
1997,Rip Current,WATER,40-64,F,D
1997,Rip Current,WATER,40-64,F,D
1997,Rip Current,WATER,0-17,F,D
1997,Rip Current,WATER,0-17,F,D
1997,Rip Current,WATER,40-64,M,D
1997,Rip Current,WATER,18-39,M,D
1997,Strong Wind,PUBLIC,18-39,M,D
1997,Strong Wind,WATER,65+,M,D
1997,Strong Wind,OTHER,18-39,M,D
1997,Strong Wind,WATER,65+,M,D
1997,Strong Wind,OUTDOOR,18-39,F,D
1997,Thunderstorm Wind,OUTDOOR,0-17,M,D
1997,Thunderstorm Wind,VEHICLE,18-39,F,D
1997,Thunderstorm Wind,WATER,18-39,M,D
1997,Thunderstorm Wind,OUTDOOR,0-17,F,D
1997,Thunderstorm Wind,OUTDOOR,18-39,M,D
1997,Thunderstorm Wind,WATER,40-64,M,D
1997,Thunderstorm Wind,VEHICLE,40-64,M,D
1997,Thunderstorm Wind,OUTDOOR,18-39,M,D
1997,Thunderstorm Wind,OUTDOOR,unknown,unknown,D
1997,Thunderstorm Wind,OUTDOOR,40-64,M,D
1997,Thunderstorm Wind,OUTDOOR,40-64,M,D
1997,Thunderstorm Wind,MH,0-17,F,D
1997,Thunderstorm Wind,OTHER,40-64,M,D
1997,Thunderstorm Wind,MH,40-64,M,D
1997,Thunderstorm Wind,OUTDOOR,40-64,F,D
1997,Thunderstorm Wind,WATER,65+,M,D
1997,Thunderstorm Wind,VEHICLE,40-64,F,D
1997,Thunderstorm Wind,OUTDOOR,18-39,M,D
1997,Thunderstorm Wind,VEHICLE,40-64,M,D
1997,Thunderstorm Wind,WATER,18-39,F,D
1997,Thunderstorm Wind,WATER,40-64,M,D
1997,Thunderstorm Wind,VEHICLE,18-39,M,D
1997,Thunderstorm Wind,VEHICLE,40-64,M,D
1997,Thunderstorm Wind,VEHICLE,40-64,M,D
1997,Thunderstorm Wind,WATER,0-17,F,D
1997,Thunderstorm Wind,WATER,0-17,M,D
1997,Thunderstorm Wind,WATER,0-17,M,D
1997,Thunderstorm Wind,WATER,18-39,F,D
1997,Thunderstorm Wind,VEHICLE,40-64,F,D
1997,Thunderstorm Wind,MH,18-39,M,D
1997,Thunderstorm Wind,VEHICLE,18-39,F,D
1997,Thunderstorm Wind,OUTDOOR,40-64,M,D
1997,Thunderstorm Wind,WATER,40-64,F,D
1997,Thunderstorm Wind,OUTDOOR,40-64,M,D
1997,Thunderstorm Wind,VEHICLE,0-17,F,D
1997,Thunderstorm Wind,MH,18-39,M,D
1997,Thunderstorm Wind,VEHICLE,40-64,F,D
1997,Tornado,PUBLIC,40-64,M,D
1997,Tornado,RES,0-17,F,D
1997,Tornado,MH,40-64,M,D
1997,Tornado,OUTDOOR,65+,M,D
1997,Tornado,OUTDOOR,0-17,M,D
1997,Tornado,RES,0-17,M,D
1997,Tornado,RES,40-64,F,D
1997,Tornado,RES,0-17,M,D
1997,Tornado,MH,0-17,F,D
1997,Tornado,RES,0-17,F,D
1997,Tornado,RES,18-39,F,D
1997,Tornado,RES,0-17,M,D
1997,Tornado,OUTDOOR,18-39,F,D
1997,Tornado,RES,0-17,M,D
1997,Tornado,RES,0-17,M,D
1997,Tornado,RES,40-64,F,D
1997,Tornado,RES,18-39,F,D
1997,Tornado,RES,40-64,M,D
1997,Tornado,RES,0-17,M,D
1997,Tornado,VEHICLE,65+,M,D
1997,Tornado,RES,40-64,M,D
1997,Tornado,RES,40-64,M,D
1997,Tornado,RES,40-64,F,D
1997,Tornado,RES,0-17,F,D
1997,Tornado,MH,18-39,M,D
1997,Tornado,OUTDOOR,65+,F,D
1997,Tornado,MH,18-39,M,D
1997,Tornado,RES,40-64,F,D
1997,Tornado,RES,0-17,M,D
1997,Tornado,VEHICLE,40-64,M,D
1997,Tornado,RES,18-39,F,D
1997,Tornado,MH,18-39,F,D
1997,Tornado,RES,40-64,F,D
1997,Tornado,OUTDOOR,40-64,M,D
1997,Tornado,PUBLIC,40-64,M,D
1997,Tornado,RES,0-17,M,D
1997,Tornado,RES,0-17,M,D
1997,Tornado,RES,18-39,F,D
1997,Tornado,RES,40-64,F,D
1997,Tornado,MH,18-39,F,D
1997,Tornado,RES,40-64,F,D
1997,Tornado,RES,40-64,M,D
1997,Tornado,RES,0-17,F,D
1997,Tornado,RES,0-17,F,D
1997,Tornado,MH,0-17,F,D
1997,Tornado,MH,40-64,F,D
1997,Tornado,MH,18-39,M,D
1997,Tornado,PUBLIC,40-64,F,D
1997,Tornado,RES,18-39,F,D
1997,Tornado,RES,0-17,F,D
1997,Tornado,MH,40-64,M,D
1997,Tornado,RES,18-39,M,D
1997,Tornado,RES,0-17,F,D
1997,Tornado,MH,18-39,F,D
1997,Tornado,RES,18-39,F,D
1997,Tornado,RES,40-64,M,D
1997,Tornado,RES,65+,M,D
1997,Tornado,VEHICLE,65+,F,D
1997,Tornado,RES,40-64,M,D
1997,Tornado,MH,40-64,F,D
1997,Tornado,OUTDOOR,18-39,M,D
1997,Tornado,OUTDOOR,18-39,M,D
1997,Tornado,MH,65+,M,D
1997,Tornado,MH,0-17,M,D
1997,Tornado,MH,65+,M,D
1997,Tornado,OUTDOOR,40-64,F,D
1997,Tornado,MH,18-39,F,D
1997,Tornado,RES,40-64,M,D
1997,Wildfire,OUTDOOR,18-39,M,D
1997,Winter Storm,OUTDOOR,65+,M,D
1997,Winter Storm,VEHICLE,65+,F,D
1997,Winter Storm,PUBLIC,unknown,M,D
1997,Winter Storm,OUTDOOR,65+,F,D
1997,Winter Storm,VEHICLE,18-39,M,D
1997,Winter Storm,VEHICLE,40-64,F,D
1997,Winter Storm,VEHICLE,40-64,M,D
1997,Winter Storm,RES,65+,F,D
1997,Winter Storm,VEHICLE,65+,M,D
1997,Winter Storm,OUTDOOR,18-39,M,D
1997,Winter Storm,VEHICLE,40-64,F,D
1997,Winter Storm,OUTDOOR,65+,F,D
1997,Winter Storm,VEHICLE,unknown,M,D
1997,Winter Storm,OUTDOOR,65+,F,D
1997,Winter Storm,VEHICLE,40-64,F,D
1997,Winter Storm,OTHER,18-39,M,D
1997,Winter Storm,RES,65+,M,D
1997,Winter Storm,OUTDOOR,18-39,M,D
1997,Winter Storm,OUTDOOR,40-64,M,D
1997,Winter Storm,RES,40-64,M,D
1997,Winter Storm,OUTDOOR,40-64,M,D
1997,Winter Storm,OUTDOOR,18-39,M,D
1997,Winter Storm,VEHICLE,18-39,F,D
1997,Winter Storm,VEHICLE,65+,M,D
1997,Winter Storm,OUTDOOR,65+,M,D
1997,Winter Weather,OUTDOOR,18-39,F,D
1997,Winter Weather,OUTDOOR,0-17,M,D
1997,Winter Weather,VEHICLE,65+,M,D
1997,Winter Weather,OUTDOOR,40-64,F,D
1997,Winter Weather,OUTDOOR,18-39,M,D
1997,Winter Weather,WATER,0-17,M,D
1997,Winter Weather,WATER,0-17,F,D
1997,Winter Weather,VEHICLE,40-64,M,D
1997,Winter Weather,WATER,0-17,F,D
1997,Winter Weather,VEHICLE,40-64,M,D
1997,Winter Weather,VEHICLE,65+,M,D
1997,Winter Weather,WATER,18-39,M,D
1997,Winter Weather,OUTDOOR,unknown,M,D
1997,Winter Weather,OUTDOOR,0-17,M,D
1997,Winter Weather,OUTDOOR,18-39,M,D
1997,Winter Weather,VEHICLE,40-64,F,D
1997,Winter Weather,VEHICLE,65+,M,D
1997,Winter Weather,OTHER,40-64,M,D
1997,Winter Weather,OUTDOOR,18-39,F,D
1997,Winter Weather,OUTDOOR,18-39,M,D
1997,Winter Weather,OUTDOOR,18-39,M,D
1997,Winter Weather,OUTDOOR,18-39,M,D
1997,Winter Weather,OUTDOOR,unknown,M,D
1997,Winter Weather,VEHICLE,18-39,M,D
1997,Winter Weather,OUTDOOR,18-39,M,D
1997,Winter Weather,VEHICLE,0-17,M,D
1997,Winter Weather,OUTDOOR,18-39,M,D
1997,Winter Weather,VEHICLE,18-39,F,D
1998,Avalanche,OUTDOOR,40-64,M,D
1998,Avalanche,OUTDOOR,18-39,M,D
1998,Avalanche,OUTDOOR,40-64,M,D
1998,Avalanche,OUTDOOR,18-39,M,D
1998,Avalanche,OUTDOOR,18-39,M,D
1998,Avalanche,OUTDOOR,18-39,M,D
1998,Avalanche,OUTDOOR,18-39,M,D
1998,Avalanche,OUTDOOR,18-39,M,D
1998,Avalanche,OUTDOOR,18-39,M,D
1998,Blizzard,VEHICLE,40-64,F,D
1998,Blizzard,OUTDOOR,40-64,M,D
1998,Cold/Wind Chill,OUTDOOR,65+,F,D
1998,Cold/Wind Chill,OUTDOOR,40-64,M,D
1998,Cold/Wind Chill,OUTDOOR,40-64,M,D
1998,Cold/Wind Chill,OUTDOOR,40-64,M,D
1998,Cold/Wind Chill,OUTDOOR,18-39,M,D
1998,Cold/Wind Chill,OUTDOOR,18-39,M,D
1998,Cold/Wind Chill,OUTDOOR,18-39,M,D
1998,Cold/Wind Chill,OUTDOOR,40-64,M,D
1998,Cold/Wind Chill,OTHER,18-39,M,D
1998,Cold/Wind Chill,OUTDOOR,40-64,M,D
1998,Cold/Wind Chill,OUTDOOR,40-64,M,D
1998,Dense Fog,VEHICLE,18-39,F,D
1998,Dense Fog,VEHICLE,18-39,F,D
1998,Dense Fog,VEHICLE,18-39,M,D
1998,Dense Fog,VEHICLE,18-39,F,D
1998,Dense Fog,VEHICLE,65+,F,D
1998,Dense Fog,VEHICLE,40-64,M,D
1998,Flash Flood,WATER,18-39,M,D
1998,Flash Flood,WATER,0-17,M,D
1998,Flash Flood,WATER,18-39,M,D
1998,Flash Flood,VEHICLE,40-64,F,D
1998,Flash Flood,WATER,18-39,M,D
1998,Flash Flood,VEHICLE,65+,M,D
1998,Flash Flood,RES,65+,F,D
1998,Flash Flood,RES,65+,M,D
1998,Flash Flood,WATER,unknown,M,D
1998,Flash Flood,WATER,unknown,M,D
1998,Flash Flood,WATER,unknown,M,D
1998,Flash Flood,VEHICLE,0-17,M,D
1998,Flash Flood,WATER,0-17,M,D
1998,Flash Flood,WATER,40-64,M,D
1998,Flash Flood,VEHICLE,unknown,M,D
1998,Flash Flood,VEHICLE,18-39,M,D
1998,Flash Flood,VEHICLE,0-17,F,D
1998,Flash Flood,VEHICLE,40-64,F,D
1998,Flash Flood,VEHICLE,40-64,M,D
1998,Flash Flood,VEHICLE,65+,F,D
1998,Flash Flood,WATER,18-39,M,D
1998,Flash Flood,OUTDOOR,0-17,F,D
1998,Flash Flood,VEHICLE,18-39,M,D
1998,Flash Flood,OUTDOOR,0-17,F,D
1998,Flash Flood,OUTDOOR,40-64,F,D
1998,Flash Flood,WATER,18-39,M,D
1998,Flash Flood,RES,40-64,M,D
1998,Flash Flood,VEHICLE,0-17,F,D
1998,Flash Flood,VEHICLE,40-64,M,D
1998,Flash Flood,WATER,18-39,M,D
1998,Flash Flood,VEHICLE,18-39,M,D
1998,Flash Flood,VEHICLE,18-39,F,D
1998,Flash Flood,VEHICLE,0-17,F,D
1998,Flash Flood,VEHICLE,0-17,F,D
1998,Flash Flood,MH,18-39,M,D
1998,Flash Flood,MH,40-64,F,D
1998,Flash Flood,RES,40-64,F,D
1998,Flash Flood,RES,65+,F,D
1998,Flash Flood,RES,65+,M,D
1998,Flash Flood,RES,65+,M,D
1998,Flash Flood,RES,65+,M,D
1998,Flash Flood,RES,65+,M,D
1998,Flash Flood,VEHICLE,65+,M,D
1998,Flash Flood,VEHICLE,0-17,F,D
1998,Flash Flood,VEHICLE,65+,M,D
1998,Flash Flood,VEHICLE,65+,M,D
1998,Flash Flood,RES,65+,M,D
1998,Flash Flood,VEHICLE,65+,M,D
1998,Flash Flood,VEHICLE,0-17,M,D
1998,Flash Flood,VEHICLE,65+,M,D
1998,Flash Flood,VEHICLE,0-17,M,D
1998,Flash Flood,WATER,18-39,M,D
1998,Flash Flood,OUTDOOR,0-17,M,D
1998,Flash Flood,OUTDOOR,0-17,M,D
1998,Flash Flood,RES,65+,F,D
1998,Flash Flood,RES,65+,M,D
1998,Flash Flood,VEHICLE,0-17,F,D
1998,Flash Flood,VEHICLE,18-39,F,D
1998,Flash Flood,VEHICLE,0-17,F,D
1998,Flash Flood,VEHICLE,18-39,F,D
1998,Flash Flood,VEHICLE,65+,F,D
1998,Flash Flood,VEHICLE,65+,F,D
1998,Flash Flood,VEHICLE,65+,M,D
1998,Flash Flood,WATER,unknown,F,D
1998,Flash Flood,VEHICLE,40-64,M,D
1998,Flash Flood,VEHICLE,18-39,M,D
1998,Flash Flood,VEHICLE,18-39,M,D
1998,Flash Flood,VEHICLE,40-64,M,D
1998,Flash Flood,VEHICLE,18-39,M,D
1998,Flash Flood,OTHER,40-64,F,D
1998,Flash Flood,VEHICLE,40-64,F,D
1998,Flash Flood,VEHICLE,40-64,F,D
1998,Flash Flood,VEHICLE,18-39,M,D
1998,Flash Flood,VEHICLE,18-39,F,D
1998,Flash Flood,VEHICLE,18-39,M,D
1998,Flash Flood,VEHICLE,0-17,M,D
1998,Flash Flood,WATER,18-39,F,D
1998,Flash Flood,WATER,0-17,F,D
1998,Flash Flood,VEHICLE,40-64,F,D
1998,Flash Flood,WATER,40-64,M,D
1998,Flash Flood,WATER,0-17,M,D
1998,Flash Flood,MH,40-64,F,D
1998,Flash Flood,OUTDOOR,40-64,M,D
1998,Flash Flood,VEHICLE,40-64,M,D
1998,Flash Flood,VEHICLE,40-64,M,D
1998,Flash Flood,VEHICLE,40-64,F,D
1998,Flash Flood,VEHICLE,40-64,M,D
1998,Flash Flood,OUTDOOR,0-17,M,D
1998,Flash Flood,RES,65+,M,D
1998,Flash Flood,VEHICLE,18-39,F,D
1998,Flash Flood,RES,40-64,M,D
1998,Flash Flood,RES,18-39,M,D
1998,Flash Flood,VEHICLE,18-39,M,D
1998,Flash Flood,RES,65+,F,D
1998,Flash Flood,VEHICLE,18-39,M,D
1998,Flash Flood,VEHICLE,65+,M,D
1998,Flash Flood,VEHICLE,18-39,F,D
1998,Flash Flood,VEHICLE,40-64,M,D
1998,Flash Flood,WATER,40-64,M,D
1998,Flash Flood,VEHICLE,18-39,M,D
1998,Flash Flood,VEHICLE,0-17,M,D
1998,Flash Flood,VEHICLE,18-39,M,D
1998,Flash Flood,VEHICLE,18-39,M,D
1998,Flash Flood,OUTDOOR,40-64,M,D
1998,Flash Flood,WATER,18-39,F,D
1998,Flash Flood,VEHICLE,40-64,F,D
1998,Flash Flood,VEHICLE,65+,M,D
1998,Flash Flood,VEHICLE,18-39,F,D
1998,Flash Flood,VEHICLE,18-39,F,D
1998,Flash Flood,VEHICLE,18-39,M,D
1998,Flash Flood,WATER,18-39,M,D
1998,Flash Flood,VEHICLE,40-64,M,D
1998,Flash Flood,VEHICLE,0-17,M,D
1998,Flash Flood,VEHICLE,65+,M,D
1998,Flash Flood,VEHICLE,18-39,M,D
1998,Flood,VEHICLE,65+,F,D
1998,Flood,VEHICLE,18-39,M,D
1998,Flood,VEHICLE,65+,M,D
1998,Flood,OUTDOOR,0-17,M,D
1998,Flood,WATER,65+,M,D
1998,Flood,VEHICLE,40-64,M,D
1998,Flood,VEHICLE,18-39,M,D
1998,Flood,VEHICLE,unknown,unknown,D
1998,Flood,VEHICLE,40-64,F,D
1998,Flood,WATER,18-39,M,D
1998,Flood,WATER,40-64,M,D
1998,Flood,OUTDOOR,40-64,M,D
1998,Flood,OUTDOOR,18-39,M,D
1998,Flood,OUTDOOR,40-64,M,D
1998,Flood,VEHICLE,40-64,M,D
1998,Flood,PUBLIC,0-17,M,D
1998,Flood,PUBLIC,18-39,F,D
1998,Flood,WATER,40-64,M,D
1998,Hail,RES,65+,F,D
1998,Heat,RES,65+,F,D
1998,Heat,RES,65+,F,D
1998,Heat,RES,65+,M,D
1998,Heat,RES,40-64,F,D
1998,Heat,RES,65+,F,D
1998,Heat,RES,40-64,M,D
1998,Heat,RES,40-64,F,D
1998,Heat,MH,18-39,M,D
1998,Heat,MH,40-64,M,D
1998,Heat,OUTDOOR,65+,M,D
1998,Heat,RES,65+,F,D
1998,Heat,RES,40-64,F,D
1998,Heat,RES,65+,M,D
1998,Heat,RES,65+,M,D
1998,Heat,RES,65+,M,D
1998,Heat,RES,65+,M,D
1998,Heat,RES,65+,F,D
1998,Heat,RES,65+,M,D
1998,Heat,MH,65+,M,D
1998,Heat,RES,65+,F,D
1998,Heat,RES,40-64,M,D
1998,Heat,RES,65+,F,D
1998,Heat,RES,65+,M,D
1998,Heat,OTHER,18-39,M,D
1998,Heat,MH,40-64,F,D
1998,Heat,RES,65+,F,D
1998,Heat,RES,65+,M,D
1998,Heat,RES,65+,M,D
1998,Heat,MH,65+,M,D
1998,Heat,RES,65+,F,D
1998,Heat,RES,65+,F,D
1998,Heat,PUBLIC,40-64,M,D
1998,Heat,OTHER,40-64,M,D
1998,Heat,RES,65+,M,D
1998,Heat,RES,40-64,M,D
1998,Heat,RES,40-64,F,D
1998,Heat,RES,40-64,M,D
1998,Heat,RES,65+,F,D
1998,Heat,RES,40-64,M,D
1998,Heat,RES,40-64,F,D
1998,Heat,RES,65+,M,D
1998,Heat,PUBLIC,18-39,M,D
1998,Heat,RES,65+,F,D
1998,Heat,RES,65+,M,D
1998,Heat,RES,65+,F,D
1998,Heat,RES,65+,F,D
1998,Heat,RES,65+,F,D
1998,Heat,RES,65+,F,D
1998,Heat,RES,65+,M,D
1998,Heat,RES,65+,F,D
1998,Heat,RES,65+,M,D
1998,Heat,VEHICLE,0-17,M,D
1998,Heat,RES,65+,F,D
1998,Heat,RES,65+,F,D
1998,Heat,RES,65+,F,D
1998,Heat,RES,65+,M,D
1998,Heat,RES,40-64,F,D
1998,Heat,RES,65+,M,D
1998,Heat,OUTDOOR,40-64,M,D
1998,Heat,RES,65+,M,D
1998,Heat,RES,65+,M,D
1998,Heat,RES,65+,M,D
1998,Heat,RES,65+,M,D
1998,Heat,RES,65+,M,D
1998,Heat,RES,65+,F,D
1998,Heat,OTHER,unknown,unknown,D
1998,Heat,OTHER,0-17,F,D
1998,Heat,OTHER,65+,M,D
1998,Heat,OUTDOOR,18-39,M,D
1998,Heat,VEHICLE,0-17,F,D
1998,Heat,OTHER,40-64,F,D
1998,Heat,RES,65+,F,D
1998,Heat,OTHER,65+,F,D
1998,Heat,RES,65+,F,D
1998,Heat,RES,65+,M,D
1998,Heat,RES,65+,M,D
1998,Heat,OTHER,65+,F,D
1998,Heat,RES,65+,M,D
1998,Heat,RES,65+,F,D
1998,Heat,OUTDOOR,0-17,M,D
1998,Heat,OUTDOOR,40-64,M,D
1998,Heat,OUTDOOR,65+,M,D
1998,Heat,OTHER,65+,M,D
1998,Heat,RES,40-64,F,D
1998,Heat,OTHER,65+,F,D
1998,Heat,OUTDOOR,40-64,M,D
1998,Heat,RES,40-64,M,D
1998,Heat,OTHER,40-64,M,D
1998,Heat,RES,65+,F,D
1998,Heat,RES,65+,F,D
1998,Heat,RES,65+,F,D
1998,Heat,RES,65+,F,D
1998,Heat,RES,65+,F,D
1998,Heat,OTHER,40-64,F,D
1998,Heat,RES,40-64,M,D
1998,Heat,OTHER,40-64,M,D
1998,Heat,RES,40-64,F,D
1998,Heat,VEHICLE,unknown,M,D
1998,Heat,RES,65+,M,D
1998,Heat,RES,65+,F,D
1998,Heat,RES,40-64,F,D
1998,Heat,OTHER,0-17,unknown,D
1998,Heat,OTHER,65+,F,D
1998,Heat,RES,65+,M,D
1998,Heat,RES,65+,M,D
1998,Heat,OUTDOOR,40-64,M,D
1998,Heat,RES,40-64,M,D
1998,Heat,RES,0-17,F,D
1998,Heat,OTHER,0-17,unknown,D
1998,Heat,RES,65+,F,D
1998,Heat,VEHICLE,40-64,M,D
1998,Heat,RES,65+,M,D
1998,Heat,OUTDOOR,0-17,M,D
1998,Heat,OTHER,18-39,F,D
1998,Heat,OUTDOOR,0-17,M,D
1998,Heat,OUTDOOR,0-17,M,D
1998,Heat,RES,65+,M,D
1998,Heat,RES,65+,F,D
1998,Heat,RES,65+,F,D
1998,Heat,RES,65+,F,D
1998,Heat,OUTDOOR,40-64,M,D
1998,Heat,OUTDOOR,65+,M,D
1998,Heat,RES,unknown,M,D
1998,Heat,RES,65+,M,D
1998,Heat,OUTDOOR,18-39,F,D
1998,Heat,RES,65+,F,D
1998,Heat,RES,65+,F,D
1998,Heat,OUTDOOR,40-64,M,D
1998,Heat,RES,65+,M,D
1998,Heat,RES,65+,F,D
1998,Heat,OTHER,40-64,M,D
1998,Heat,OTHER,40-64,M,D
1998,Heat,OUTDOOR,40-64,M,D
1998,Heat,RES,65+,M,D
1998,Heat,RES,65+,M,D
1998,Heat,RES,65+,F,D
1998,Heat,OUTDOOR,40-64,M,D
1998,Heat,RES,40-64,F,D
1998,Heat,RES,40-64,F,D
1998,Heat,RES,40-64,M,D
1998,Heat,RES,40-64,M,D
1998,Heat,RES,65+,M,D
1998,Heat,RES,40-64,M,D
1998,Heat,OUTDOOR,18-39,M,D
1998,Heat,RES,65+,F,D
1998,Heat,VEHICLE,40-64,M,D
1998,Heat,OUTDOOR,40-64,M,D
1998,Heat,RES,65+,M,D
1998,Heat,RES,65+,F,D
1998,Heat,OUTDOOR,40-64,M,D
1998,Heat,RES,65+,M,D
1998,Heat,RES,65+,F,D
1998,Heat,RES,65+,F,D
1998,Heat,OUTDOOR,18-39,M,D
1998,Heat,RES,65+,F,D
1998,Heat,RES,65+,M,D
1998,Heat,RES,65+,M,D
1998,Heat,RES,65+,F,D
1998,Heat,RES,65+,M,D
1998,Heat,RES,18-39,F,D
1998,Heat,RES,65+,M,D
1998,Heat,OUTDOOR,18-39,M,D
1998,Heat,RES,65+,M,D
1998,Heat,RES,65+,M,D
1998,Heat,RES,65+,M,D
1998,Heat,OUTDOOR,40-64,M,D
1998,Heat,OUTDOOR,65+,M,D
1998,Heat,RES,65+,M,D
1998,Heat,RES,40-64,M,D
1998,Heat,RES,65+,M,D
1998,Heat,RES,65+,M,D
1998,Heat,VEHICLE,18-39,M,D
1998,Heat,RES,18-39,F,D
1998,Heat,RES,65+,F,D
1998,Heavy Rain,PUBLIC,40-64,M,D
1998,Heavy Rain,OTHER,unknown,M,D
1998,Heavy Rain,OTHER,unknown,M,D
1998,Heavy Rain,VEHICLE,0-17,M,D
1998,Heavy Rain,VEHICLE,0-17,M,D
1998,Heavy Rain,PUBLIC,40-64,M,D
1998,Heavy Snow,OTHER,18-39,M,D
1998,Heavy Snow,OUTDOOR,65+,M,D
1998,Heavy Snow,OUTDOOR,40-64,M,D
1998,Heavy Snow,RES,65+,F,D
1998,Heavy Snow,VEHICLE,0-17,F,D
1998,Heavy Snow,OTHER,18-39,M,D
1998,Heavy Snow,MH,40-64,M,D
1998,Heavy Snow,RES,65+,F,D
1998,Heavy Snow,VEHICLE,40-64,M,D
1998,Heavy Snow,OTHER,0-17,M,D
1998,Heavy Snow,OUTDOOR,0-17,M,D
1998,Heavy Snow,VEHICLE,40-64,M,D
1998,Heavy Snow,VEHICLE,18-39,M,D
1998,Heavy Snow,OTHER,18-39,M,D
1998,Heavy Snow,OUTDOOR,65+,F,D
1998,Heavy Snow,VEHICLE,65+,F,D
1998,Heavy Snow,RES,18-39,M,D
1998,Heavy Snow,OTHER,65+,M,D
1998,High Surf,WATER,18-39,M,D
1998,High Wind,OUTDOOR,18-39,M,D
1998,High Wind,OUTDOOR,18-39,M,D
1998,High Wind,WATER,40-64,F,D
1998,High Wind,OUTDOOR,40-64,M,D
1998,High Wind,WATER,40-64,M,D
1998,High Wind,WATER,40-64,M,D
1998,High Wind,OUTDOOR,65+,M,D
1998,High Wind,VEHICLE,18-39,F,D
1998,High Wind,OUTDOOR,40-64,M,D
1998,High Wind,OUTDOOR,unknown,F,D
1998,High Wind,OUTDOOR,65+,F,D
1998,High Wind,VEHICLE,0-17,M,D
1998,High Wind,WATER,65+,M,D
1998,High Wind,WATER,18-39,M,D
1998,High Wind,OUTDOOR,unknown,M,D
1998,High Wind,WATER,18-39,M,D
1998,High Wind,RES,40-64,M,D
1998,High Wind,VEHICLE,65+,M,D
1998,High Wind,RES,65+,M,D
1998,High Wind,VEHICLE,40-64,M,D
1998,Hurricane (Typhoon),WATER,65+,M,D
1998,Hurricane (Typhoon),WATER,18-39,M,D
1998,Hurricane (Typhoon),RES,0-17,F,D
1998,Hurricane (Typhoon),OUTDOOR,40-64,F,D
1998,Ice Storm,OUTDOOR,18-39,M,D
1998,Ice Storm,VEHICLE,18-39,F,D
1998,Ice Storm,VEHICLE,18-39,M,D
1998,Ice Storm,VEHICLE,18-39,M,D
1998,Ice Storm,OUTDOOR,unknown,M,D
1998,Ice Storm,VEHICLE,40-64,M,D
1998,Ice Storm,VEHICLE,40-64,F,D
1998,Ice Storm,RES,65+,F,D
1998,Ice Storm,VEHICLE,0-17,M,D
1998,Ice Storm,OUTDOOR,40-64,M,D
1998,Ice Storm,VEHICLE,40-64,F,D
1998,Ice Storm,VEHICLE,65+,F,D
1998,Ice Storm,RES,65+,M,D
1998,Ice Storm,OUTDOOR,40-64,M,D
1998,Ice Storm,VEHICLE,unknown,M,D
1998,Ice Storm,VEHICLE,40-64,M,D
1998,Ice Storm,VEHICLE,40-64,F,D
1998,Ice Storm,OUTDOOR,40-64,M,D
1998,Ice Storm,VEHICLE,18-39,F,D
1998,Ice Storm,VEHICLE,18-39,M,D
1998,Ice Storm,VEHICLE,18-39,F,D
1998,Lightning,OUTDOOR,18-39,M,D
1998,Lightning,OUTDOOR,18-39,F,D
1998,Lightning,OUTDOOR,18-39,M,D
1998,Lightning,WATER,18-39,M,D
1998,Lightning,OUTDOOR,0-17,M,D
1998,Lightning,OUTDOOR,18-39,M,D
1998,Lightning,OUTDOOR,0-17,F,D
1998,Lightning,OUTDOOR,18-39,M,D
1998,Lightning,OUTDOOR,18-39,M,D
1998,Lightning,OTHER,18-39,M,D
1998,Lightning,OUTDOOR,18-39,M,D
1998,Lightning,WATER,40-64,F,D
1998,Lightning,OUTDOOR,65+,M,D
1998,Lightning,OUTDOOR,18-39,M,D
1998,Lightning,OUTDOOR,18-39,M,D
1998,Lightning,OUTDOOR,40-64,M,D
1998,Lightning,OUTDOOR,40-64,F,D
1998,Lightning,WATER,18-39,M,D
1998,Lightning,OUTDOOR,0-17,F,D
1998,Lightning,OUTDOOR,18-39,M,D
1998,Lightning,OUTDOOR,18-39,F,D
1998,Lightning,WATER,18-39,M,D
1998,Lightning,OUTDOOR,18-39,M,D
1998,Lightning,RES,18-39,M,D
1998,Lightning,OTHER,40-64,M,D
1998,Lightning,OUTDOOR,40-64,M,D
1998,Lightning,OUTDOOR,18-39,M,D
1998,Lightning,PUBLIC,18-39,M,D
1998,Lightning,OUTDOOR,18-39,M,D
1998,Lightning,OUTDOOR,40-64,M,D
1998,Lightning,OTHER,40-64,M,D
1998,Lightning,OUTDOOR,40-64,M,D
1998,Lightning,OUTDOOR,18-39,F,D
1998,Lightning,OUTDOOR,18-39,M,D
1998,Lightning,WATER,65+,M,D
1998,Lightning,OUTDOOR,18-39,M,D
1998,Lightning,WATER,18-39,M,D
1998,Lightning,OUTDOOR,40-64,M,D
1998,Lightning,OUTDOOR,40-64,M,D
1998,Lightning,OUTDOOR,0-17,M,D
1998,Lightning,OTHER,18-39,M,D
1998,Lightning,OUTDOOR,18-39,M,D
1998,Lightning,OUTDOOR,18-39,M,D
1998,Lightning,OUTDOOR,18-39,M,D
1998,Rip Current,WATER,40-64,M,D
1998,Rip Current,WATER,18-39,F,D
1998,Rip Current,WATER,65+,M,D
1998,Rip Current,WATER,18-39,M,D
1998,Rip Current,WATER,40-64,M,D
1998,Rip Current,WATER,18-39,M,D
1998,Rip Current,WATER,40-64,M,D
1998,Rip Current,WATER,40-64,F,D
1998,Rip Current,WATER,18-39,M,D
1998,Rip Current,WATER,0-17,F,D
1998,Rip Current,WATER,0-17,F,D
1998,Rip Current,WATER,65+,M,D
1998,Rip Current,WATER,40-64,M,D
1998,Rip Current,WATER,18-39,M,D
1998,Rip Current,WATER,18-39,M,D
1998,Rip Current,WATER,18-39,M,D
1998,Rip Current,WATER,40-64,M,D
1998,Strong Wind,VEHICLE,40-64,M,D
1998,Strong Wind,VEHICLE,40-64,M,D
1998,Strong Wind,VEHICLE,40-64,M,D
1998,Strong Wind,OUTDOOR,18-39,M,D
1998,Thunderstorm Wind,MH,0-17,M,D
1998,Thunderstorm Wind,RES,40-64,F,D
1998,Thunderstorm Wind,WATER,18-39,F,D
1998,Thunderstorm Wind,OUTDOOR,0-17,M,D
1998,Thunderstorm Wind,WATER,18-39,M,D
1998,Thunderstorm Wind,WATER,40-64,M,D
1998,Thunderstorm Wind,OTHER,18-39,M,D
1998,Thunderstorm Wind,VEHICLE,40-64,M,D
1998,Thunderstorm Wind,OUTDOOR,65+,M,D
1998,Thunderstorm Wind,OUTDOOR,65+,M,D
1998,Thunderstorm Wind,PUBLIC,unknown,F,D
1998,Thunderstorm Wind,OUTDOOR,18-39,M,D
1998,Thunderstorm Wind,OUTDOOR,65+,M,D
1998,Thunderstorm Wind,VEHICLE,65+,F,D
1998,Thunderstorm Wind,OUTDOOR,0-17,M,D
1998,Thunderstorm Wind,OUTDOOR,18-39,M,D
1998,Thunderstorm Wind,VEHICLE,18-39,M,D
1998,Thunderstorm Wind,VEHICLE,40-64,F,D
1998,Thunderstorm Wind,OUTDOOR,unknown,M,D
1998,Thunderstorm Wind,PUBLIC,18-39,M,D
1998,Thunderstorm Wind,MH,65+,M,D
1998,Thunderstorm Wind,OUTDOOR,65+,F,D
1998,Thunderstorm Wind,VEHICLE,18-39,M,D
1998,Thunderstorm Wind,OUTDOOR,18-39,F,D
1998,Thunderstorm Wind,WATER,65+,M,D
1998,Thunderstorm Wind,RES,18-39,F,D
1998,Thunderstorm Wind,OUTDOOR,40-64,M,D
1998,Thunderstorm Wind,OUTDOOR,18-39,M,D
1998,Thunderstorm Wind,WATER,40-64,M,D
1998,Thunderstorm Wind,OUTDOOR,18-39,F,D
1998,Thunderstorm Wind,OUTDOOR,18-39,M,D
1998,Thunderstorm Wind,RES,65+,F,D
1998,Thunderstorm Wind,OUTDOOR,18-39,M,D
1998,Thunderstorm Wind,OUTDOOR,18-39,M,D
1998,Thunderstorm Wind,MH,0-17,M,D
1998,Thunderstorm Wind,OUTDOOR,40-64,M,D
1998,Thunderstorm Wind,WATER,40-64,M,D
1998,Thunderstorm Wind,VEHICLE,18-39,M,D
1998,Thunderstorm Wind,VEHICLE,40-64,M,D
1998,Tornado,MH,40-64,F,D
1998,Tornado,VEHICLE,65+,F,D
1998,Tornado,MH,18-39,M,D
1998,Tornado,MH,0-17,F,D
1998,Tornado,MH,65+,M,D
1998,Tornado,VEHICLE,18-39,F,D
1998,Tornado,RES,65+,M,D
1998,Tornado,MH,18-39,F,D
1998,Tornado,RES,65+,M,D
1998,Tornado,MH,40-64,M,D
1998,Tornado,MH,40-64,M,D
1998,Tornado,MH,40-64,M,D
1998,Tornado,MH,18-39,M,D
1998,Tornado,MH,18-39,F,D
1998,Tornado,MH,40-64,M,D
1998,Tornado,MH,18-39,M,D
1998,Tornado,MH,65+,F,D
1998,Tornado,MH,18-39,M,D
1998,Tornado,MH,18-39,M,D
1998,Tornado,MH,0-17,F,D
1998,Tornado,MH,0-17,M,D
1998,Tornado,MH,0-17,M,D
1998,Tornado,MH,0-17,F,D
1998,Tornado,MH,18-39,F,D
1998,Tornado,RES,65+,M,D
1998,Tornado,OUTDOOR,40-64,M,D
1998,Tornado,MH,65+,M,D
1998,Tornado,RES,65+,M,D
1998,Tornado,PUBLIC,40-64,M,D
1998,Tornado,MH,18-39,M,D
1998,Tornado,RES,65+,F,D
1998,Tornado,RES,18-39,M,D
1998,Tornado,RES,18-39,M,D
1998,Tornado,RES,18-39,F,D
1998,Tornado,RES,65+,F,D
1998,Tornado,RES,0-17,M,D
1998,Tornado,RES,65+,F,D
1998,Tornado,RES,18-39,F,D
1998,Tornado,RES,65+,F,D
1998,Tornado,MH,40-64,M,D
1998,Tornado,OUTDOOR,65+,M,D
1998,Tornado,VEHICLE,0-17,F,D
1998,Tornado,MH,18-39,F,D
1998,Tornado,RES,65+,F,D
1998,Tornado,RES,40-64,M,D
1998,Tornado,RES,65+,M,D
1998,Tornado,RES,65+,F,D
1998,Tornado,RES,18-39,F,D
1998,Tornado,RES,65+,M,D
1998,Tornado,RES,40-64,F,D
1998,Tornado,MH,40-64,F,D
1998,Tornado,VEHICLE,18-39,M,D
1998,Tornado,VEHICLE,40-64,M,D
1998,Tornado,VEHICLE,65+,F,D
1998,Tornado,RES,65+,F,D
1998,Tornado,RES,40-64,M,D
1998,Tornado,RES,65+,F,D
1998,Tornado,MH,65+,F,D
1998,Tornado,VEHICLE,0-17,M,D
1998,Tornado,RES,65+,F,D
1998,Tornado,RES,65+,F,D
1998,Tornado,VEHICLE,65+,M,D
1998,Tornado,VEHICLE,40-64,M,D
1998,Tornado,VEHICLE,65+,M,D
1998,Tornado,OUTDOOR,18-39,M,D
1998,Tornado,VEHICLE,40-64,M,D
1998,Tornado,MH,65+,F,D
1998,Tornado,MH,18-39,F,D
1998,Tornado,RES,0-17,M,D
1998,Tornado,RES,65+,F,D
1998,Tornado,MH,40-64,F,D
1998,Tornado,MH,65+,F,D
1998,Tornado,RES,18-39,F,D
1998,Tornado,VEHICLE,65+,F,D
1998,Tornado,MH,40-64,F,D
1998,Tornado,MH,40-64,M,D
1998,Tornado,MH,0-17,M,D
1998,Tornado,MH,0-17,F,D
1998,Tornado,VEHICLE,65+,M,D
1998,Tornado,RES,40-64,F,D
1998,Tornado,RES,40-64,F,D
1998,Tornado,RES,40-64,F,D
1998,Tornado,RES,40-64,F,D
1998,Tornado,RES,40-64,M,D
1998,Tornado,RES,65+,F,D
1998,Tornado,RES,65+,M,D
1998,Tornado,RES,65+,F,D
1998,Tornado,RES,40-64,M,D
1998,Tornado,RES,40-64,F,D
1998,Tornado,MH,18-39,F,D
1998,Tornado,MH,0-17,F,D
1998,Tornado,MH,40-64,M,D
1998,Tornado,RES,65+,F,D
1998,Tornado,RES,65+,M,D
1998,Tornado,RES,65+,F,D
1998,Tornado,RES,65+,F,D
1998,Tornado,RES,0-17,M,D
1998,Tornado,MH,40-64,M,D
1998,Tornado,VEHICLE,40-64,M,D
1998,Tornado,MH,40-64,M,D
1998,Tornado,VEHICLE,40-64,F,D
1998,Tornado,RES,0-17,M,D
1998,Tornado,RES,40-64,M,D
1998,Tornado,MH,40-64,M,D
1998,Tornado,MH,65+,F,D
1998,Tornado,MH,65+,M,D
1998,Tornado,MH,65+,M,D
1998,Tornado,MH,0-17,M,D
1998,Tornado,MH,0-17,F,D
1998,Tornado,MH,18-39,F,D
1998,Tornado,MH,18-39,M,D
1998,Tornado,MH,18-39,M,D
1998,Tornado,MH,18-39,M,D
1998,Tornado,MH,18-39,F,D
1998,Tornado,MH,65+,F,D
1998,Tornado,MH,40-64,M,D
1998,Tornado,MH,40-64,M,D
1998,Tornado,RES,40-64,M,D
1998,Tornado,MH,40-64,M,D
1998,Tornado,MH,0-17,M,D
1998,Tornado,MH,18-39,M,D
1998,Tornado,MH,18-39,M,D
1998,Tornado,VEHICLE,18-39,M,D
1998,Tornado,MH,18-39,F,D
1998,Tornado,MH,18-39,F,D
1998,Tornado,MH,18-39,M,D
1998,Tornado,MH,40-64,F,D
1998,Tornado,MH,40-64,F,D
1998,Tornado,MH,65+,F,D
1998,Tornado,MH,65+,F,D
1998,Tropical Storm,WATER,unknown,M,D
1998,Tropical Storm,WATER,18-39,M,D
1998,Tropical Storm,WATER,40-64,M,D
1998,Tropical Storm,WATER,unknown,F,D
1998,Tropical Storm,WATER,unknown,M,D
1998,Winter Storm,WATER,unknown,M,D
1998,Winter Storm,OUTDOOR,0-17,M,D
1998,Winter Storm,OUTDOOR,40-64,M,D
1998,Winter Storm,OUTDOOR,40-64,F,D
1998,Winter Storm,VEHICLE,unknown,M,D
1998,Winter Storm,VEHICLE,40-64,M,D
1998,Winter Storm,VEHICLE,18-39,F,D
1998,Winter Storm,VEHICLE,40-64,M,D
1998,Winter Storm,VEHICLE,40-64,M,D
1998,Winter Storm,WATER,unknown,M,D
1998,Winter Storm,WATER,unknown,M,D
1998,Winter Storm,OUTDOOR,40-64,M,D
1998,Winter Storm,VEHICLE,18-39,M,D
1998,Winter Storm,VEHICLE,18-39,F,D
1998,Winter Storm,VEHICLE,0-17,M,D
1998,Winter Storm,VEHICLE,40-64,M,D
1998,Winter Storm,PUBLIC,65+,M,D
1998,Winter Storm,VEHICLE,40-64,M,D
1998,Winter Storm,VEHICLE,18-39,M,D
1998,Winter Storm,VEHICLE,40-64,M,D
1998,Winter Storm,WATER,unknown,M,D
1998,Winter Weather,VEHICLE,40-64,F,D
1998,Winter Weather,VEHICLE,18-39,F,D
1998,Winter Weather,VEHICLE,40-64,M,D
1998,Winter Weather,OUTDOOR,65+,F,D
1998,Winter Weather,VEHICLE,unknown,unknown,D
1998,Winter Weather,OTHER,65+,M,D
1999,Avalanche,OUTDOOR,18-39,M,D
1999,Avalanche,OUTDOOR,18-39,M,D
1999,Avalanche,OTHER,18-39,M,D
1999,Avalanche,OUTDOOR,18-39,M,D
1999,Avalanche,OUTDOOR,18-39,M,D
1999,Avalanche,OUTDOOR,0-17,M,D
1999,Avalanche,OUTDOOR,0-17,M,D
1999,Avalanche,OUTDOOR,18-39,M,D
1999,Avalanche,OUTDOOR,40-64,M,D
1999,Avalanche,OUTDOOR,40-64,M,D
1999,Avalanche,OUTDOOR,40-64,M,D
1999,Avalanche,OUTDOOR,18-39,M,D
1999,Avalanche,OUTDOOR,40-64,M,D
1999,Avalanche,OUTDOOR,18-39,M,D
1999,Avalanche,OUTDOOR,18-39,M,D
1999,Avalanche,OUTDOOR,18-39,M,D
1999,Avalanche,OUTDOOR,18-39,M,D
1999,Avalanche,OUTDOOR,18-39,M,D
1999,Avalanche,OUTDOOR,18-39,M,D
1999,Avalanche,OUTDOOR,18-39,M,D
1999,Avalanche,OUTDOOR,40-64,M,D
1999,Avalanche,OUTDOOR,40-64,M,D
1999,Avalanche,OUTDOOR,unknown,M,D
1999,Avalanche,OUTDOOR,18-39,M,D
1999,Avalanche,OTHER,18-39,M,D
1999,Avalanche,OUTDOOR,18-39,M,D
1999,Cold/Wind Chill,OUTDOOR,65+,F,D
1999,Cold/Wind Chill,WATER,40-64,M,D
1999,Cold/Wind Chill,RES,40-64,M,D
1999,Cold/Wind Chill,RES,65+,M,D
1999,Cold/Wind Chill,OUTDOOR,18-39,M,D
1999,Cold/Wind Chill,OUTDOOR,0-17,M,D
1999,Cold/Wind Chill,OUTDOOR,40-64,M,D
1999,Dense Fog,VEHICLE,18-39,M,D
1999,Dense Fog,VEHICLE,18-39,M,D
1999,Dense Fog,VEHICLE,18-39,F,D
1999,Flash Flood,VEHICLE,18-39,M,D
1999,Flash Flood,WATER,40-64,M,D
1999,Flash Flood,WATER,18-39,M,D
1999,Flash Flood,OUTDOOR,40-64,M,D
1999,Flash Flood,VEHICLE,18-39,M,D
1999,Flash Flood,VEHICLE,40-64,M,D
1999,Flash Flood,PUBLIC,0-17,M,D
1999,Flash Flood,VEHICLE,40-64,M,D
1999,Flash Flood,VEHICLE,40-64,M,D
1999,Flash Flood,VEHICLE,18-39,F,D
1999,Flash Flood,WATER,0-17,M,D
1999,Flash Flood,VEHICLE,0-17,F,D
1999,Flash Flood,WATER,65+,F,D
1999,Flash Flood,VEHICLE,40-64,F,D
1999,Flash Flood,RES,65+,M,D
1999,Flash Flood,OTHER,18-39,F,D
1999,Flash Flood,WATER,65+,M,D
1999,Flash Flood,WATER,0-17,F,D
1999,Flash Flood,WATER,0-17,F,D
1999,Flash Flood,WATER,65+,M,D
1999,Flash Flood,WATER,40-64,M,D
1999,Flash Flood,WATER,40-64,F,D
1999,Flash Flood,WATER,0-17,F,D
1999,Flash Flood,WATER,0-17,F,D
1999,Flash Flood,VEHICLE,18-39,F,D
1999,Flash Flood,VEHICLE,18-39,M,D
1999,Flash Flood,WATER,18-39,M,D
1999,Flash Flood,VEHICLE,18-39,F,D
1999,Flash Flood,OUTDOOR,65+,M,D
1999,Flash Flood,WATER,40-64,M,D
1999,Flash Flood,WATER,40-64,M,D
1999,Flash Flood,WATER,40-64,M,D
1999,Flash Flood,WATER,40-64,F,D
1999,Flash Flood,WATER,65+,M,D
1999,Flash Flood,WATER,65+,M,D
1999,Flash Flood,WATER,0-17,F,D
1999,Flash Flood,RES,18-39,F,D
1999,Flash Flood,WATER,0-17,F,D
1999,Flash Flood,WATER,18-39,F,D
1999,Flash Flood,WATER,40-64,M,D
1999,Flash Flood,WATER,40-64,M,D
1999,Flash Flood,VEHICLE,18-39,F,D
1999,Flash Flood,WATER,40-64,F,D
1999,Flash Flood,RES,0-17,F,D
1999,Flash Flood,WATER,18-39,M,D
1999,Flash Flood,WATER,18-39,M,D
1999,Flash Flood,VEHICLE,0-17,F,D
1999,Flash Flood,VEHICLE,18-39,M,D
1999,Flash Flood,OTHER,40-64,M,D
1999,Flash Flood,VEHICLE,65+,M,D
1999,Flash Flood,RES,65+,M,D
1999,Flash Flood,VEHICLE,40-64,M,D
1999,Flash Flood,RES,65+,F,D
1999,Flash Flood,RES,40-64,M,D
1999,Flash Flood,WATER,40-64,M,D
1999,Flash Flood,VEHICLE,40-64,M,D
1999,Flash Flood,VEHICLE,65+,F,D
1999,Flash Flood,VEHICLE,40-64,M,D
1999,Flash Flood,VEHICLE,65+,M,D
1999,Flash Flood,RES,40-64,F,D
1999,Flood,VEHICLE,18-39,F,D
1999,Flood,VEHICLE,40-64,F,D
1999,Flood,VEHICLE,0-17,M,D
1999,Flood,VEHICLE,0-17,F,D
1999,Flood,VEHICLE,18-39,F,D
1999,Flood,VEHICLE,40-64,M,D
1999,Flood,WATER,18-39,M,D
1999,Flood,WATER,18-39,M,D
1999,Heat,OTHER,65+,M,D
1999,Heat,OTHER,65+,M,D
1999,Heat,RES,40-64,M,D
1999,Heat,MH,65+,F,D
1999,Heat,VEHICLE,40-64,M,D
1999,Heat,RES,unknown,unknown,D
1999,Heat,RES,unknown,unknown,D
1999,Heat,RES,unknown,unknown,D
1999,Heat,RES,unknown,unknown,D
1999,Heat,RES,unknown,unknown,D
1999,Heat,RES,unknown,unknown,D
1999,Heat,RES,unknown,unknown,D
1999,Heat,RES,unknown,unknown,D
1999,Heat,RES,unknown,unknown,D
1999,Heat,RES,unknown,unknown,D
1999,Heat,RES,unknown,unknown,D
1999,Heat,RES,unknown,unknown,D
1999,Heat,RES,unknown,unknown,D
1999,Heat,RES,unknown,unknown,D
1999,Heat,RES,unknown,unknown,D
1999,Heat,OUTDOOR,18-39,M,D
1999,Heat,RES,18-39,M,D
1999,Heat,OTHER,65+,F,D
1999,Heat,OTHER,18-39,M,D
1999,Heat,RES,65+,F,D
1999,Heat,RES,65+,F,D
1999,Heat,RES,65+,M,D
1999,Heat,RES,40-64,M,D
1999,Heat,RES,40-64,M,D
1999,Heat,RES,65+,M,D
1999,Heat,RES,65+,F,D
1999,Heat,RES,40-64,M,D
1999,Heat,OUTDOOR,18-39,M,D
1999,Heat,MH,65+,M,D
1999,Heat,RES,65+,F,D
1999,Heat,RES,65+,F,D
1999,Heat,RES,40-64,F,D
1999,Heat,RES,65+,F,D
1999,Heat,RES,40-64,F,D
1999,Heat,VEHICLE,40-64,M,D
1999,Heat,OUTDOOR,65+,F,D
1999,Heat,RES,65+,F,D
1999,Heat,VEHICLE,40-64,M,D
1999,Heat,RES,40-64,M,D
1999,Heat,OUTDOOR,40-64,M,D
1999,Heat,OUTDOOR,40-64,M,D
1999,Heat,RES,65+,F,D
1999,Heat,RES,65+,F,D
1999,Heat,RES,65+,F,D
1999,Heat,RES,65+,M,D
1999,Heat,PUBLIC,18-39,M,D
1999,Heat,RES,40-64,F,D
1999,Heat,RES,65+,F,D
1999,Heat,RES,40-64,M,D
1999,Heat,RES,65+,F,D
1999,Heat,RES,40-64,M,D
1999,Heat,RES,65+,F,D
1999,Heat,RES,40-64,M,D
1999,Heat,RES,65+,F,D
1999,Heat,RES,65+,M,D
1999,Heat,RES,65+,M,D
1999,Heat,RES,65+,F,D
1999,Heat,RES,65+,F,D
1999,Heat,RES,65+,M,D
1999,Heat,RES,65+,M,D
1999,Heat,RES,65+,M,D
1999,Heat,RES,65+,M,D
1999,Heat,RES,65+,F,D
1999,Heat,RES,65+,M,D
1999,Heat,OTHER,65+,F,D
1999,Heat,OTHER,40-64,F,D
1999,Heat,OTHER,65+,F,D
1999,Heat,VEHICLE,40-64,M,D
1999,Heat,RES,40-64,M,D
1999,Heat,OTHER,65+,F,D
1999,Heat,OTHER,65+,F,D
1999,Heat,OTHER,40-64,M,D
1999,Heat,OTHER,40-64,M,D
1999,Heat,OTHER,40-64,M,D
1999,Heat,OTHER,65+,M,D
1999,Heat,OTHER,65+,F,D
1999,Heat,OTHER,18-39,F,D
1999,Heat,OTHER,40-64,M,D
1999,Heat,RES,65+,M,D
1999,Heat,RES,40-64,M,D
1999,Heat,RES,65+,F,D
1999,Heat,RES,40-64,M,D
1999,Heat,RES,65+,M,D
1999,Heat,RES,40-64,F,D
1999,Heat,RES,65+,F,D
1999,Heat,RES,65+,M,D
1999,Heat,RES,65+,F,D
1999,Heat,RES,40-64,F,D
1999,Heat,RES,40-64,M,D
1999,Heat,RES,40-64,M,D
1999,Heat,RES,40-64,F,D
1999,Heat,RES,65+,F,D
1999,Heat,RES,40-64,M,D
1999,Heat,RES,65+,F,D
1999,Heat,RES,65+,M,D
1999,Heat,RES,65+,M,D
1999,Heat,RES,40-64,F,D
1999,Heat,RES,40-64,M,D
1999,Heat,RES,65+,F,D
1999,Heat,RES,65+,F,D
1999,Heat,RES,65+,F,D
1999,Heat,RES,65+,M,D
1999,Heat,RES,65+,M,D
1999,Heat,RES,40-64,M,D
1999,Heat,RES,65+,F,D
1999,Heat,RES,65+,M,D
1999,Heat,RES,65+,M,D
1999,Heat,RES,65+,M,D
1999,Heat,RES,65+,F,D
1999,Heat,RES,65+,M,D
1999,Heat,RES,65+,F,D
1999,Heat,OTHER,40-64,M,D
1999,Heat,OUTDOOR,40-64,M,D
1999,Heat,RES,unknown,unknown,D
1999,Heat,RES,unknown,unknown,D
1999,Heat,RES,unknown,unknown,D
1999,Heat,RES,40-64,F,D
1999,Heat,RES,40-64,F,D
1999,Heat,RES,18-39,F,D
1999,Heat,RES,40-64,M,D
1999,Heat,RES,40-64,M,D
1999,Heat,RES,40-64,M,D
1999,Heat,OTHER,18-39,M,D
1999,Heat,OTHER,40-64,M,D
1999,Heat,OTHER,65+,F,D
1999,Heat,OTHER,40-64,M,D
1999,Heat,RES,65+,M,D
1999,Heat,RES,65+,F,D
1999,Heat,OTHER,18-39,F,D
1999,Heat,OTHER,65+,M,D
1999,Heat,OTHER,65+,F,D
1999,Heat,RES,65+,M,D
1999,Heat,OTHER,65+,M,D
1999,Heat,OTHER,65+,F,D
1999,Heat,OTHER,40-64,F,D
1999,Heat,OTHER,40-64,F,D
1999,Heat,OTHER,65+,F,D
1999,Heat,OTHER,65+,F,D
1999,Heat,OUTDOOR,18-39,M,D
1999,Heat,RES,65+,M,D
1999,Heat,RES,40-64,M,D
1999,Heat,RES,65+,F,D
1999,Heat,RES,65+,M,D
1999,Heat,OUTDOOR,40-64,M,D
1999,Heat,RES,65+,F,D
1999,Heat,OUTDOOR,65+,M,D
1999,Heat,RES,65+,M,D
1999,Heat,OUTDOOR,65+,M,D
1999,Heat,RES,65+,F,D
1999,Heat,RES,65+,F,D
1999,Heat,RES,65+,F,D
1999,Heat,RES,40-64,M,D
1999,Heat,OTHER,40-64,M,D
1999,Heat,OTHER,40-64,M,D
1999,Heat,OUTDOOR,40-64,M,D
1999,Heat,VEHICLE,0-17,M,D
1999,Heat,RES,65+,F,D
1999,Heat,OUTDOOR,65+,M,D
1999,Heat,RES,40-64,M,D
1999,Heat,OUTDOOR,40-64,M,D
1999,Heat,RES,65+,F,D
1999,Heat,RES,65+,M,D
1999,Heat,RES,65+,M,D
1999,Heat,OTHER,40-64,F,D
1999,Heat,OTHER,40-64,M,D
1999,Heat,RES,40-64,M,D
1999,Heat,OUTDOOR,40-64,M,D
1999,Heat,RES,40-64,M,D
1999,Heat,OTHER,65+,M,D
1999,Heat,RES,65+,F,D
1999,Heat,RES,65+,M,D
1999,Heat,OTHER,65+,F,D
1999,Heat,RES,40-64,M,D
1999,Heat,OTHER,65+,M,D
1999,Heat,RES,65+,M,D
1999,Heat,VEHICLE,0-17,M,D
1999,Heat,VEHICLE,0-17,M,D
1999,Heat,RES,18-39,M,D
1999,Heat,RES,40-64,M,D
1999,Heat,RES,18-39,F,D
1999,Heat,RES,40-64,M,D
1999,Heat,OTHER,65+,M,D
1999,Heat,RES,40-64,M,D
1999,Heat,OUTDOOR,18-39,M,D
1999,Heat,RES,40-64,M,D
1999,Heat,RES,40-64,M,D
1999,Heat,RES,65+,F,D
1999,Heat,RES,40-64,M,D
1999,Heat,RES,65+,M,D
1999,Heat,RES,65+,M,D
1999,Heat,RES,65+,F,D
1999,Heat,RES,65+,F,D
1999,Heat,OUTDOOR,65+,F,D
1999,Heat,RES,65+,F,D
1999,Heat,RES,40-64,M,D
1999,Heat,RES,65+,M,D
1999,Heat,RES,65+,F,D
1999,Heat,RES,65+,F,D
1999,Heat,RES,65+,F,D
1999,Heat,RES,40-64,M,D
1999,Heat,RES,65+,F,D
1999,Heat,RES,40-64,M,D
1999,Heat,RES,65+,M,D
1999,Heat,RES,65+,M,D
1999,Heat,OUTDOOR,40-64,F,D
1999,Heat,RES,65+,F,D
1999,Heat,RES,65+,M,D
1999,Heat,RES,65+,F,D
1999,Heat,RES,40-64,F,D
1999,Heat,RES,65+,M,D
1999,Heat,RES,40-64,M,D
1999,Heat,RES,65+,F,D
1999,Heat,RES,65+,M,D
1999,Heat,RES,65+,F,D
1999,Heat,RES,65+,F,D
1999,Heat,RES,40-64,F,D
1999,Heat,RES,65+,M,D
1999,Heat,RES,65+,F,D
1999,Heat,RES,65+,F,D
1999,Heat,RES,65+,M,D
1999,Heat,RES,65+,M,D
1999,Heat,RES,40-64,F,D
1999,Heat,RES,65+,M,D
1999,Heat,RES,65+,M,D
1999,Heat,RES,40-64,M,D
1999,Heat,RES,65+,F,D
1999,Heat,RES,40-64,M,D
1999,Heat,RES,65+,M,D
1999,Heat,RES,65+,F,D
1999,Heat,RES,65+,M,D
1999,Heat,RES,65+,F,D
1999,Heat,RES,65+,F,D
1999,Heat,RES,65+,M,D
1999,Heat,RES,40-64,M,D
1999,Heat,RES,65+,F,D
1999,Heat,RES,40-64,M,D
1999,Heat,RES,40-64,M,D
1999,Heat,RES,65+,F,D
1999,Heat,RES,65+,F,D
1999,Heat,RES,65+,F,D
1999,Heat,RES,40-64,F,D
1999,Heat,RES,65+,M,D
1999,Heat,RES,65+,M,D
1999,Heat,RES,65+,M,D
1999,Heat,RES,40-64,M,D
1999,Heat,RES,40-64,M,D
1999,Heat,RES,65+,M,D
1999,Heat,RES,65+,F,D
1999,Heat,RES,65+,F,D
1999,Heat,VEHICLE,40-64,M,D
1999,Heat,OUTDOOR,40-64,M,D
1999,Heat,MH,65+,F,D
1999,Heat,RES,65+,F,D
1999,Heat,MH,65+,M,D
1999,Heat,VEHICLE,0-17,M,D
1999,Heat,OUTDOOR,18-39,M,D
1999,Heat,VEHICLE,40-64,M,D
1999,Heat,RES,40-64,M,D
1999,Heat,RES,65+,F,D
1999,Heat,RES,65+,M,D
1999,Heat,RES,65+,F,D
1999,Heat,OUTDOOR,65+,M,D
1999,Heat,RES,65+,M,D
1999,Heat,MH,18-39,M,D
1999,Heat,OUTDOOR,18-39,M,D
1999,Heat,OUTDOOR,40-64,M,D
1999,Heat,RES,40-64,F,D
1999,Heat,RES,65+,F,D
1999,Heat,RES,65+,M,D
1999,Heat,RES,0-17,M,D
1999,Heat,RES,65+,F,D
1999,Heat,OTHER,40-64,M,D
1999,Heat,OTHER,65+,F,D
1999,Heat,OTHER,18-39,F,D
1999,Heat,OTHER,65+,F,D
1999,Heat,OTHER,18-39,M,D
1999,Heat,OTHER,18-39,F,D
1999,Heat,RES,65+,M,D
1999,Heat,RES,65+,F,D
1999,Heat,RES,65+,F,D
1999,Heat,RES,65+,M,D
1999,Heat,RES,65+,M,D
1999,Heat,RES,65+,F,D
1999,Heat,RES,65+,F,D
1999,Heat,RES,65+,F,D
1999,Heat,RES,65+,F,D
1999,Heat,RES,65+,M,D
1999,Heat,RES,65+,F,D
1999,Heat,RES,40-64,M,D
1999,Heat,RES,40-64,M,D
1999,Heat,OTHER,65+,M,D
1999,Heat,RES,40-64,M,D
1999,Heat,RES,40-64,M,D
1999,Heat,RES,40-64,M,D
1999,Heat,RES,65+,M,D
1999,Heat,RES,65+,M,D
1999,Heat,RES,65+,F,D
1999,Heat,RES,65+,M,D
1999,Heat,RES,65+,F,D
1999,Heat,RES,65+,F,D
1999,Heat,RES,65+,M,D
1999,Heat,MH,65+,F,D
1999,Heat,RES,65+,F,D
1999,Heat,RES,40-64,F,D
1999,Heat,RES,40-64,F,D
1999,Heat,RES,40-64,M,D
1999,Heat,RES,40-64,M,D
1999,Heat,RES,65+,M,D
1999,Heat,RES,40-64,F,D
1999,Heat,RES,65+,F,D
1999,Heat,RES,40-64,M,D
1999,Heat,RES,40-64,M,D
1999,Heat,OUTDOOR,65+,F,D
1999,Heat,RES,65+,F,D
1999,Heat,RES,40-64,M,D
1999,Heat,RES,65+,F,D
1999,Heat,RES,65+,F,D
1999,Heat,RES,65+,M,D
1999,Heat,RES,65+,M,D
1999,Heat,RES,65+,F,D
1999,Heat,RES,65+,F,D
1999,Heat,RES,65+,M,D
1999,Heat,RES,65+,F,D
1999,Heat,RES,40-64,M,D
1999,Heat,RES,40-64,M,D
1999,Heat,RES,65+,M,D
1999,Heat,RES,65+,F,D
1999,Heat,RES,40-64,M,D
1999,Heat,RES,65+,M,D
1999,Heat,RES,65+,F,D
1999,Heat,RES,65+,M,D
1999,Heat,RES,65+,M,D
1999,Heat,MH,65+,F,D
1999,Heat,RES,40-64,M,D
1999,Heat,RES,65+,F,D
1999,Heat,RES,65+,M,D
1999,Heat,MH,65+,F,D
1999,Heat,RES,65+,F,D
1999,Heat,RES,65+,F,D
1999,Heat,RES,65+,M,D
1999,Heat,RES,65+,M,D
1999,Heat,RES,65+,F,D
1999,Heat,RES,65+,F,D
1999,Heat,RES,40-64,M,D
1999,Heat,RES,65+,M,D
1999,Heat,RES,65+,M,D
1999,Heat,RES,40-64,M,D
1999,Heat,RES,65+,M,D
1999,Heat,RES,40-64,M,D
1999,Heat,RES,65+,M,D
1999,Heat,RES,65+,F,D
1999,Heat,RES,65+,M,D
1999,Heat,RES,65+,F,D
1999,Heat,RES,65+,F,D
1999,Heat,RES,65+,F,D
1999,Heat,RES,40-64,F,D
1999,Heat,RES,65+,M,D
1999,Heat,RES,65+,M,D
1999,Heat,RES,65+,F,D
1999,Heat,RES,40-64,M,D
1999,Heat,RES,65+,M,D
1999,Heat,OTHER,18-39,F,D
1999,Heat,OTHER,65+,M,D
1999,Heat,OTHER,65+,M,D
1999,Heat,OUTDOOR,65+,M,D
1999,Heat,RES,65+,M,D
1999,Heat,RES,65+,M,D
1999,Heat,RES,65+,M,D
1999,Heat,RES,40-64,F,D
1999,Heat,RES,65+,M,D
1999,Heat,RES,65+,M,D
1999,Heat,RES,65+,M,D
1999,Heat,RES,65+,F,D
1999,Heat,RES,65+,F,D
1999,Heat,RES,65+,F,D
1999,Heat,RES,65+,F,D
1999,Heat,RES,65+,M,D
1999,Heat,RES,65+,M,D
1999,Heat,RES,65+,M,D
1999,Heat,RES,65+,M,D
1999,Heat,RES,40-64,M,D
1999,Heat,RES,65+,M,D
1999,Heat,RES,65+,F,D
1999,Heat,RES,65+,F,D
1999,Heat,RES,65+,F,D
1999,Heat,RES,40-64,M,D
1999,Heat,RES,unknown,F,D
1999,Heat,RES,65+,F,D
1999,Heat,RES,40-64,M,D
1999,Heat,OUTDOOR,40-64,M,D
1999,Heat,OTHER,40-64,F,D
1999,Heat,RES,65+,F,D
1999,Heat,RES,40-64,M,D
1999,Heat,OUTDOOR,65+,F,D
1999,Heat,OUTDOOR,40-64,M,D
1999,Heat,OUTDOOR,40-64,M,D
1999,Heat,RES,40-64,M,D
1999,Heat,OUTDOOR,40-64,M,D
1999,Heat,RES,65+,F,D
1999,Heat,OUTDOOR,40-64,M,D
1999,Heat,RES,65+,F,D
1999,Heat,RES,65+,F,D
1999,Heat,OUTDOOR,unknown,M,D
1999,Heat,RES,40-64,M,D
1999,Heat,RES,40-64,M,D
1999,Heat,RES,40-64,M,D
1999,Heat,RES,65+,F,D
1999,Heat,OUTDOOR,40-64,M,D
1999,Heat,RES,65+,F,D
1999,Heat,RES,65+,F,D
1999,Heat,RES,65+,M,D
1999,Heat,RES,65+,M,D
1999,Heat,RES,40-64,M,D
1999,Heat,OTHER,40-64,M,D
1999,Heat,RES,65+,F,D
1999,Heat,MH,65+,M,D
1999,Heat,RES,40-64,F,D
1999,Heat,RES,65+,M,D
1999,Heat,RES,65+,M,D
1999,Heat,RES,65+,M,D
1999,Heat,OUTDOOR,40-64,M,D
1999,Heat,OUTDOOR,40-64,F,D
1999,Heat,OTHER,65+,M,D
1999,Heat,OTHER,65+,M,D
1999,Heat,OTHER,65+,M,D
1999,Heat,RES,65+,M,D
1999,Heat,OTHER,65+,F,D
1999,Heat,RES,65+,M,D
1999,Heat,RES,40-64,M,D
1999,Heat,RES,65+,F,D
1999,Heat,RES,65+,F,D
1999,Heat,RES,65+,M,D
1999,Heat,RES,65+,F,D
1999,Heat,RES,65+,M,D
1999,Heat,RES,65+,F,D
1999,Heat,RES,65+,F,D
1999,Heat,RES,65+,F,D
1999,Heat,RES,65+,F,D
1999,Heat,RES,65+,F,D
1999,Heat,RES,65+,F,D
1999,Heat,RES,65+,M,D
1999,Heat,OTHER,40-64,M,D
1999,Heat,RES,65+,F,D
1999,Heat,RES,65+,M,D
1999,Heat,OTHER,40-64,M,D
1999,Heat,OTHER,65+,M,D
1999,Heat,RES,65+,F,D
1999,Heat,RES,65+,F,D
1999,Heat,RES,65+,F,D
1999,Heat,RES,40-64,F,D
1999,Heat,RES,65+,F,D
1999,Heat,RES,65+,F,D
1999,Heat,RES,65+,F,D
1999,Heat,RES,65+,F,D
1999,Heat,RES,40-64,M,D
1999,Heat,RES,40-64,M,D
1999,Heat,RES,65+,M,D
1999,Heat,RES,40-64,M,D
1999,Heat,RES,65+,M,D
1999,Heat,RES,40-64,M,D
1999,Heat,RES,40-64,M,D
1999,Heat,RES,40-64,F,D
1999,Heat,RES,40-64,F,D
1999,Heat,RES,65+,M,D
1999,Heat,RES,65+,M,D
1999,Heat,RES,40-64,M,D
1999,Heat,RES,65+,F,D
1999,Heat,RES,65+,F,D
1999,Heat,RES,65+,M,D
1999,Heat,RES,65+,F,D
1999,Heat,RES,40-64,M,D
1999,Heat,OTHER,65+,F,D
1999,Heat,OTHER,65+,F,D
1999,Heat,OTHER,40-64,M,D
1999,Heat,RES,65+,M,D
1999,Heat,VEHICLE,0-17,M,D
1999,Heat,RES,65+,M,D
1999,Heat,RES,40-64,F,D
1999,Heat,RES,65+,F,D
1999,Heat,RES,40-64,F,D
1999,Heat,RES,65+,F,D
1999,Heat,RES,40-64,M,D
1999,Heat,RES,65+,M,D
1999,Heat,RES,65+,M,D
1999,Heat,OUTDOOR,40-64,M,D
1999,Heat,RES,65+,M,D
1999,Heat,RES,40-64,M,D
1999,Heat,RES,40-64,M,D
1999,Heat,OUTDOOR,18-39,M,D
1999,Heat,RES,18-39,F,D
1999,Heat,RES,65+,F,D
1999,Heat,RES,65+,M,D
1999,Heat,RES,65+,F,D
1999,Heat,RES,40-64,M,D
1999,Heat,RES,65+,F,D
1999,Heat,RES,65+,F,D
1999,Heat,RES,65+,M,D
1999,Heavy Rain,OTHER,65+,F,D
1999,Heavy Rain,WATER,0-17,M,D
1999,Heavy Rain,VEHICLE,18-39,M,D
1999,Heavy Snow,OUTDOOR,18-39,M,D
1999,Heavy Snow,VEHICLE,40-64,M,D
1999,Heavy Snow,VEHICLE,40-64,M,D
1999,Heavy Snow,OUTDOOR,18-39,M,D
1999,Heavy Snow,OUTDOOR,18-39,M,D
1999,Heavy Snow,OUTDOOR,18-39,M,D
1999,Heavy Snow,OUTDOOR,18-39,M,D
1999,Heavy Snow,OUTDOOR,0-17,M,D
1999,Heavy Snow,OUTDOOR,18-39,M,D
1999,Heavy Snow,OUTDOOR,18-39,M,D
1999,Heavy Snow,OUTDOOR,40-64,M,D
1999,Heavy Snow,RES,40-64,F,D
1999,High Surf,WATER,40-64,M,D
1999,High Surf,WATER,18-39,M,D
1999,High Surf,WATER,40-64,M,D
1999,High Surf,WATER,40-64,M,D
1999,High Surf,WATER,40-64,M,D
1999,High Surf,WATER,18-39,M,D
1999,High Wind,VEHICLE,40-64,M,D
1999,High Wind,VEHICLE,0-17,F,D
1999,High Wind,VEHICLE,unknown,unknown,D
1999,High Wind,OUTDOOR,65+,M,D
1999,High Wind,VEHICLE,40-64,M,D
1999,High Wind,VEHICLE,0-17,F,D
1999,High Wind,MH,18-39,F,D
1999,High Wind,OUTDOOR,0-17,M,D
1999,High Wind,VEHICLE,40-64,M,D
1999,High Wind,VEHICLE,0-17,F,D
1999,High Wind,VEHICLE,40-64,M,D
1999,High Wind,VEHICLE,0-17,F,D
1999,High Wind,VEHICLE,0-17,F,D
1999,High Wind,VEHICLE,40-64,F,D
1999,High Wind,VEHICLE,0-17,F,D
1999,High Wind,OUTDOOR,40-64,F,D
1999,High Wind,VEHICLE,40-64,M,D
1999,High Wind,VEHICLE,18-39,M,D
1999,High Wind,OUTDOOR,65+,M,D
1999,High Wind,MH,18-39,F,D
1999,High Wind,VEHICLE,18-39,M,D
1999,High Wind,VEHICLE,65+,F,D
1999,High Wind,VEHICLE,40-64,M,D
1999,High Wind,VEHICLE,18-39,M,D
1999,High Wind,VEHICLE,65+,F,D
1999,High Wind,VEHICLE,65+,M,D
1999,High Wind,VEHICLE,40-64,F,D
1999,Hurricane (Typhoon),RES,65+,M,D
1999,Hurricane (Typhoon),VEHICLE,65+,M,D
1999,Hurricane (Typhoon),VEHICLE,18-39,M,D
1999,Hurricane (Typhoon),VEHICLE,40-64,M,D
1999,Hurricane (Typhoon),VEHICLE,unknown,M,D
1999,Hurricane (Typhoon),WATER,0-17,M,D
1999,Hurricane (Typhoon),WATER,40-64,M,D
1999,Hurricane (Typhoon),WATER,65+,M,D
1999,Hurricane (Typhoon),VEHICLE,65+,M,D
1999,Hurricane (Typhoon),VEHICLE,40-64,M,D
1999,Hurricane (Typhoon),WATER,40-64,M,D
1999,Hurricane (Typhoon),VEHICLE,18-39,M,D
1999,Hurricane (Typhoon),WATER,40-64,M,D
1999,Hurricane (Typhoon),WATER,18-39,M,D
1999,Hurricane (Typhoon),VEHICLE,65+,M,D
1999,Hurricane (Typhoon),WATER,40-64,M,D
1999,Ice Storm,VEHICLE,40-64,F,D
1999,Ice Storm,VEHICLE,40-64,M,D
1999,Ice Storm,VEHICLE,0-17,F,D
1999,Ice Storm,VEHICLE,0-17,M,D
1999,Ice Storm,WATER,0-17,M,D
1999,Ice Storm,RES,18-39,M,D
1999,Ice Storm,WATER,18-39,M,D
1999,Ice Storm,WATER,40-64,M,D
1999,Ice Storm,WATER,40-64,M,D
1999,Ice Storm,WATER,18-39,M,D
1999,Lightning,OUTDOOR,18-39,M,D
1999,Lightning,OUTDOOR,0-17,F,D
1999,Lightning,OUTDOOR,40-64,M,D
1999,Lightning,WATER,18-39,M,D
1999,Lightning,OUTDOOR,18-39,M,D
1999,Lightning,OUTDOOR,40-64,M,D
1999,Lightning,OUTDOOR,40-64,M,D
1999,Lightning,OUTDOOR,40-64,F,D
1999,Lightning,OUTDOOR,18-39,M,D
1999,Lightning,OUTDOOR,40-64,M,D
1999,Lightning,OUTDOOR,0-17,M,D
1999,Lightning,OUTDOOR,40-64,M,D
1999,Lightning,OUTDOOR,0-17,F,D
1999,Lightning,OUTDOOR,18-39,M,D
1999,Lightning,OUTDOOR,18-39,M,D
1999,Lightning,OUTDOOR,18-39,M,D
1999,Lightning,OUTDOOR,18-39,M,D
1999,Lightning,OUTDOOR,18-39,M,D
1999,Lightning,OUTDOOR,65+,M,D
1999,Lightning,OUTDOOR,18-39,M,D
1999,Lightning,OUTDOOR,18-39,M,D
1999,Lightning,OTHER,18-39,M,D
1999,Lightning,OUTDOOR,0-17,M,D
1999,Lightning,OUTDOOR,18-39,F,D
1999,Lightning,OUTDOOR,40-64,M,D
1999,Lightning,OUTDOOR,40-64,M,D
1999,Lightning,WATER,65+,M,D
1999,Lightning,OUTDOOR,40-64,M,D
1999,Lightning,OUTDOOR,40-64,F,D
1999,Lightning,WATER,unknown,M,D
1999,Lightning,WATER,40-64,M,D
1999,Lightning,OUTDOOR,0-17,M,D
1999,Lightning,OUTDOOR,40-64,M,D
1999,Lightning,OUTDOOR,18-39,M,D
1999,Lightning,OUTDOOR,18-39,M,D
1999,Lightning,OUTDOOR,40-64,M,D
1999,Lightning,WATER,18-39,M,D
1999,Lightning,VEHICLE,unknown,M,D
1999,Lightning,OTHER,0-17,M,D
1999,Lightning,WATER,18-39,M,D
1999,Lightning,WATER,18-39,M,D
1999,Lightning,OUTDOOR,18-39,M,D
1999,Lightning,WATER,0-17,F,D
1999,Lightning,OUTDOOR,18-39,F,D
1999,Lightning,OUTDOOR,40-64,M,D
1999,Lightning,OUTDOOR,18-39,M,D
1999,Rip Current,WATER,18-39,M,D
1999,Rip Current,WATER,0-17,F,D
1999,Rip Current,WATER,18-39,M,D
1999,Rip Current,WATER,unknown,M,D
1999,Rip Current,WATER,40-64,M,D
1999,Rip Current,WATER,40-64,M,D
1999,Rip Current,WATER,65+,M,D
1999,Rip Current,WATER,18-39,M,D
1999,Rip Current,WATER,18-39,M,D
1999,Rip Current,WATER,18-39,M,D
1999,Rip Current,WATER,unknown,M,D
1999,Rip Current,WATER,18-39,M,D
1999,Rip Current,WATER,18-39,M,D
1999,Rip Current,WATER,0-17,F,D
1999,Rip Current,WATER,18-39,M,D
1999,Rip Current,WATER,18-39,M,D
1999,Rip Current,WATER,40-64,M,D
1999,Rip Current,WATER,40-64,M,D
1999,Storm Surge/Tide,WATER,18-39,M,D
1999,Storm Surge/Tide,WATER,18-39,F,D
1999,Strong Wind,VEHICLE,0-17,M,D
1999,Strong Wind,OUTDOOR,0-17,M,D
1999,Strong Wind,VEHICLE,18-39,M,D
1999,Strong Wind,OTHER,40-64,M,D
1999,Strong Wind,VEHICLE,40-64,M,D
1999,Strong Wind,OUTDOOR,65+,F,D
1999,Thunderstorm Wind,OTHER,18-39,M,D
1999,Thunderstorm Wind,MH,18-39,M,D
1999,Thunderstorm Wind,RES,40-64,M,D
1999,Thunderstorm Wind,VEHICLE,18-39,F,D
1999,Thunderstorm Wind,OUTDOOR,18-39,M,D
1999,Thunderstorm Wind,OUTDOOR,18-39,M,D
1999,Thunderstorm Wind,OUTDOOR,18-39,M,D
1999,Thunderstorm Wind,OUTDOOR,40-64,F,D
1999,Thunderstorm Wind,MH,40-64,F,D
1999,Thunderstorm Wind,WATER,18-39,M,D
1999,Thunderstorm Wind,VEHICLE,18-39,M,D
1999,Thunderstorm Wind,VEHICLE,18-39,M,D
1999,Thunderstorm Wind,MH,18-39,M,D
1999,Thunderstorm Wind,OUTDOOR,0-17,M,D
1999,Thunderstorm Wind,OTHER,18-39,M,D
1999,Thunderstorm Wind,OUTDOOR,40-64,F,D
1999,Thunderstorm Wind,OUTDOOR,40-64,M,D
1999,Thunderstorm Wind,WATER,0-17,F,D
1999,Thunderstorm Wind,OUTDOOR,40-64,M,D
1999,Thunderstorm Wind,OUTDOOR,18-39,F,D
1999,Thunderstorm Wind,OUTDOOR,40-64,M,D
1999,Thunderstorm Wind,VEHICLE,40-64,M,D
1999,Thunderstorm Wind,OUTDOOR,18-39,M,D
1999,Thunderstorm Wind,OUTDOOR,0-17,M,D
1999,Thunderstorm Wind,WATER,18-39,F,D
1999,Thunderstorm Wind,PUBLIC,40-64,M,D
1999,Thunderstorm Wind,OUTDOOR,40-64,M,D
1999,Thunderstorm Wind,RES,65+,F,D
1999,Thunderstorm Wind,OUTDOOR,40-64,M,D
1999,Tornado,RES,0-17,F,D
1999,Tornado,MH,65+,M,D
1999,Tornado,OUTDOOR,18-39,F,D
1999,Tornado,RES,40-64,M,D
1999,Tornado,VEHICLE,18-39,M,D
1999,Tornado,OUTDOOR,18-39,F,D
1999,Tornado,MH,65+,F,D
1999,Tornado,MH,65+,M,D
1999,Tornado,RES,65+,F,D
1999,Tornado,MH,unknown,M,D
1999,Tornado,MH,unknown,F,D
1999,Tornado,MH,40-64,F,D
1999,Tornado,VEHICLE,40-64,M,D
1999,Tornado,RES,65+,F,D
1999,Tornado,PUBLIC,40-64,M,D
1999,Tornado,PUBLIC,18-39,M,D
1999,Tornado,RES,40-64,F,D
1999,Tornado,RES,0-17,M,D
1999,Tornado,RES,40-64,F,D
1999,Tornado,RES,65+,M,D
1999,Tornado,RES,40-64,F,D
1999,Tornado,RES,65+,M,D
1999,Tornado,RES,40-64,F,D
1999,Tornado,RES,65+,M,D
1999,Tornado,RES,18-39,M,D
1999,Tornado,RES,18-39,F,D
1999,Tornado,RES,0-17,F,D
1999,Tornado,RES,18-39,M,D
1999,Tornado,RES,18-39,F,D
1999,Tornado,RES,18-39,M,D
1999,Tornado,RES,40-64,F,D
1999,Tornado,RES,0-17,F,D
1999,Tornado,OUTDOOR,0-17,F,D
1999,Tornado,RES,65+,F,D
1999,Tornado,RES,18-39,M,D
1999,Tornado,OUTDOOR,40-64,F,D
1999,Tornado,MH,18-39,M,D
1999,Tornado,MH,40-64,F,D
1999,Tornado,MH,18-39,F,D
1999,Tornado,RES,65+,F,D
1999,Tornado,MH,40-64,F,D
1999,Tornado,MH,40-64,M,D
1999,Tornado,MH,65+,F,D
1999,Tornado,MH,65+,M,D
1999,Tornado,RES,40-64,F,D
1999,Tornado,OUTDOOR,40-64,F,D
1999,Tornado,MH,40-64,M,D
1999,Tornado,MH,40-64,F,D
1999,Tornado,MH,40-64,F,D
1999,Tornado,RES,18-39,F,D
1999,Tornado,MH,40-64,M,D
1999,Tornado,RES,40-64,M,D
1999,Tornado,OTHER,40-64,F,D
1999,Tornado,RES,65+,F,D
1999,Tornado,RES,40-64,F,D
1999,Tornado,RES,0-17,M,D
1999,Tornado,RES,65+,F,D
1999,Tornado,VEHICLE,18-39,M,D
1999,Tornado,PUBLIC,65+,M,D
1999,Tornado,MH,40-64,M,D
1999,Tornado,MH,65+,F,D
1999,Tornado,VEHICLE,40-64,M,D
1999,Tornado,MH,65+,F,D
1999,Tornado,MH,40-64,F,D
1999,Tornado,OUTDOOR,18-39,M,D
1999,Tornado,RES,40-64,F,D
1999,Tornado,MH,65+,M,D
1999,Tornado,RES,40-64,M,D
1999,Tornado,RES,18-39,M,D
1999,Tornado,RES,65+,F,D
1999,Tornado,RES,65+,F,D
1999,Tornado,RES,40-64,M,D
1999,Tornado,VEHICLE,40-64,M,D
1999,Tornado,RES,0-17,F,D
1999,Tornado,MH,65+,M,D
1999,Tornado,OUTDOOR,0-17,M,D
1999,Tornado,OUTDOOR,40-64,F,D
1999,Tornado,VEHICLE,40-64,M,D
1999,Tornado,RES,40-64,F,D
1999,Tornado,MH,40-64,F,D
1999,Tornado,RES,65+,M,D
1999,Tornado,MH,65+,M,D
1999,Tornado,MH,40-64,F,D
1999,Tornado,MH,40-64,M,D
1999,Tornado,MH,65+,M,D
1999,Tornado,MH,40-64,M,D
1999,Tornado,MH,18-39,M,D
1999,Tornado,MH,18-39,F,D
1999,Tornado,MH,40-64,M,D
1999,Tornado,OUTDOOR,0-17,F,D
1999,Tornado,MH,18-39,F,D
1999,Tornado,MH,18-39,M,D
1999,Tornado,MH,40-64,F,D
1999,Tornado,MH,65+,F,D
1999,Tropical Storm,OUTDOOR,40-64,F,D
1999,Wildfire,OUTDOOR,18-39,M,D
1999,Wildfire,VEHICLE,18-39,F,D
1999,Winter Storm,OTHER,0-17,M,D
1999,Winter Storm,OUTDOOR,40-64,F,D
1999,Winter Storm,OUTDOOR,65+,M,D
1999,Winter Storm,RES,unknown,M,D
1999,Winter Storm,OUTDOOR,65+,F,D
1999,Winter Storm,OUTDOOR,65+,M,D
1999,Winter Storm,RES,40-64,M,D
1999,Winter Storm,VEHICLE,0-17,F,D
1999,Winter Storm,VEHICLE,0-17,M,D
1999,Winter Storm,VEHICLE,65+,F,D
1999,Winter Storm,OUTDOOR,40-64,M,D
1999,Winter Storm,VEHICLE,40-64,F,D
1999,Winter Storm,OUTDOOR,65+,M,D
1999,Winter Storm,VEHICLE,40-64,F,D
1999,Winter Storm,VEHICLE,40-64,M,D
1999,Winter Storm,VEHICLE,40-64,M,D
1999,Winter Storm,WATER,18-39,M,D
1999,Winter Weather,RES,65+,F,D
1999,Winter Weather,OTHER,18-39,F,D
2000,Avalanche,OUTDOOR,18-39,M,D
2000,Avalanche,OUTDOOR,40-64,F,D
2000,Avalanche,OUTDOOR,18-39,M,D
2000,Avalanche,OUTDOOR,40-64,M,D
2000,Avalanche,OUTDOOR,18-39,M,D
2000,Avalanche,OUTDOOR,18-39,M,D
2000,Avalanche,OUTDOOR,18-39,M,D
2000,Avalanche,OUTDOOR,40-64,M,D
2000,Avalanche,OUTDOOR,18-39,M,D
2000,Avalanche,OUTDOOR,18-39,F,D
2000,Avalanche,OUTDOOR,40-64,M,D
2000,Avalanche,OUTDOOR,40-64,M,D
2000,Avalanche,RES,40-64,F,D
2000,Avalanche,OUTDOOR,40-64,M,D
2000,Avalanche,OUTDOOR,40-64,F,D
2000,Avalanche,OUTDOOR,40-64,M,D
2000,Blizzard,OUTDOOR,18-39,F,D
2000,Cold/Wind Chill,OUTDOOR,65+,F,D
2000,Cold/Wind Chill,OUTDOOR,unknown,M,D
2000,Cold/Wind Chill,OUTDOOR,40-64,M,D
2000,Cold/Wind Chill,OUTDOOR,65+,F,D
2000,Cold/Wind Chill,OUTDOOR,40-64,F,D
2000,Cold/Wind Chill,MH,65+,M,D
2000,Cold/Wind Chill,OUTDOOR,18-39,M,D
2000,Cold/Wind Chill,OUTDOOR,65+,F,D
2000,Dense Fog,VEHICLE,18-39,M,D
2000,Dense Fog,VEHICLE,18-39,F,D
2000,Dense Fog,VEHICLE,40-64,M,D
2000,Dense Fog,VEHICLE,18-39,M,D
2000,Dense Fog,VEHICLE,unknown,F,D
2000,Dense Fog,VEHICLE,40-64,M,D
2000,Dense Fog,VEHICLE,18-39,M,D
2000,Dense Fog,WATER,18-39,M,D
2000,Dense Fog,OUTDOOR,40-64,F,D
2000,Dense Fog,VEHICLE,18-39,M,D
2000,Dust Storm,OUTDOOR,65+,F,D
2000,Extreme Cold/Wind Chill,OUTDOOR,40-64,F,D
2000,Extreme Cold/Wind Chill,OUTDOOR,40-64,M,D
2000,Extreme Cold/Wind Chill,OUTDOOR,65+,M,D
2000,Extreme Cold/Wind Chill,OTHER,65+,F,D
2000,Extreme Cold/Wind Chill,RES,40-64,M,D
2000,Extreme Cold/Wind Chill,OUTDOOR,65+,M,D
2000,Extreme Cold/Wind Chill,OUTDOOR,18-39,M,D
2000,Extreme Cold/Wind Chill,OUTDOOR,65+,M,D
2000,Extreme Cold/Wind Chill,OUTDOOR,40-64,M,D
2000,Extreme Cold/Wind Chill,OUTDOOR,65+,M,D
2000,Extreme Cold/Wind Chill,OUTDOOR,40-64,F,D
2000,Extreme Cold/Wind Chill,OUTDOOR,65+,M,D
2000,Extreme Cold/Wind Chill,PUBLIC,65+,F,D
2000,Extreme Cold/Wind Chill,VEHICLE,unknown,M,D
2000,Extreme Cold/Wind Chill,OUTDOOR,unknown,M,D
2000,Extreme Cold/Wind Chill,OUTDOOR,40-64,F,D
2000,Extreme Cold/Wind Chill,OUTDOOR,18-39,F,D
2000,Extreme Cold/Wind Chill,OUTDOOR,18-39,M,D
2000,Flash Flood,VEHICLE,40-64,M,D
2000,Flash Flood,VEHICLE,40-64,M,D
2000,Flash Flood,WATER,40-64,F,D
2000,Flash Flood,WATER,40-64,M,D
2000,Flash Flood,WATER,40-64,F,D
2000,Flash Flood,VEHICLE,18-39,M,D
2000,Flash Flood,VEHICLE,18-39,M,D
2000,Flash Flood,WATER,0-17,M,D
2000,Flash Flood,OTHER,18-39,M,D
2000,Flash Flood,WATER,18-39,F,D
2000,Flash Flood,WATER,18-39,M,D
2000,Flash Flood,WATER,40-64,F,D
2000,Flash Flood,VEHICLE,0-17,M,D
2000,Flash Flood,WATER,18-39,M,D
2000,Flash Flood,VEHICLE,18-39,M,D
2000,Flash Flood,VEHICLE,18-39,M,D
2000,Flash Flood,VEHICLE,18-39,F,D
2000,Flash Flood,VEHICLE,65+,M,D
2000,Flash Flood,VEHICLE,18-39,M,D
2000,Flash Flood,VEHICLE,40-64,F,D
2000,Flash Flood,OUTDOOR,18-39,F,D
2000,Flash Flood,VEHICLE,40-64,F,D
2000,Flash Flood,WATER,18-39,M,D
2000,Flash Flood,VEHICLE,40-64,F,D
2000,Flash Flood,VEHICLE,18-39,M,D
2000,Flash Flood,VEHICLE,40-64,F,D
2000,Flash Flood,VEHICLE,65+,F,D
2000,Flash Flood,VEHICLE,0-17,M,D
2000,Flash Flood,VEHICLE,0-17,F,D
2000,Flash Flood,VEHICLE,65+,M,D
2000,Flood,VEHICLE,0-17,M,D
2000,Flood,OUTDOOR,0-17,M,D
2000,Flood,WATER,40-64,M,D
2000,Flood,WATER,0-17,M,D
2000,Flood,VEHICLE,40-64,F,D
2000,Flood,VEHICLE,18-39,M,D
2000,Flood,VEHICLE,18-39,F,D
2000,Flood,VEHICLE,18-39,F,D
2000,Flood,WATER,18-39,M,D
2000,Hail,OUTDOOR,18-39,M,D
2000,Hail,VEHICLE,18-39,M,D
2000,Heat,RES,65+,F,D
2000,Heat,RES,40-64,M,D
2000,Heat,OUTDOOR,18-39,M,D
2000,Heat,RES,65+,M,D
2000,Heat,RES,40-64,F,D
2000,Heat,RES,65+,M,D
2000,Heat,RES,40-64,M,D
2000,Heat,RES,65+,M,D
2000,Heat,OUTDOOR,65+,M,D
2000,Heat,RES,65+,F,D
2000,Heat,RES,65+,M,D
2000,Heat,RES,65+,M,D
2000,Heat,RES,65+,M,D
2000,Heat,RES,65+,F,D
2000,Heat,RES,65+,F,D
2000,Heat,VEHICLE,0-17,F,D
2000,Heat,OUTDOOR,18-39,M,D
2000,Heat,RES,0-17,M,D
2000,Heat,RES,65+,F,D
2000,Heat,RES,65+,M,D
2000,Heat,OUTDOOR,18-39,M,D
2000,Heat,RES,65+,F,D
2000,Heat,OUTDOOR,40-64,M,D
2000,Heat,OUTDOOR,18-39,M,D
2000,Heat,RES,65+,F,D
2000,Heat,OUTDOOR,18-39,M,D
2000,Heat,OUTDOOR,18-39,M,D
2000,Heat,OUTDOOR,18-39,M,D
2000,Heat,OUTDOOR,40-64,F,D
2000,Heat,RES,65+,M,D
2000,Heat,OUTDOOR,18-39,M,D
2000,Heat,RES,65+,M,D
2000,Heat,RES,65+,M,D
2000,Heat,RES,65+,M,D
2000,Heat,OUTDOOR,65+,M,D
2000,Heat,RES,65+,F,D
2000,Heat,RES,65+,M,D
2000,Heat,RES,65+,F,D
2000,Heat,RES,40-64,F,D
2000,Heat,RES,65+,F,D
2000,Heat,OUTDOOR,18-39,M,D
2000,Heat,RES,65+,M,D
2000,Heat,RES,65+,F,D
2000,Heat,RES,unknown,M,D
2000,Heat,RES,65+,F,D
2000,Heat,RES,65+,F,D
2000,Heat,RES,18-39,M,D
2000,Heat,RES,65+,F,D
2000,Heat,RES,65+,M,D
2000,Heat,RES,40-64,F,D
2000,Heat,RES,65+,M,D
2000,Heat,RES,65+,M,D
2000,Heat,RES,40-64,M,D
2000,Heat,RES,65+,F,D
2000,Heat,OTHER,65+,M,D
2000,Heat,OTHER,40-64,M,D
2000,Heat,OUTDOOR,18-39,M,D
2000,Heat,RES,65+,F,D
2000,Heat,RES,40-64,M,D
2000,Heat,OTHER,40-64,M,D
2000,Heat,OTHER,65+,M,D
2000,Heat,OUTDOOR,18-39,M,D
2000,Heat,OTHER,40-64,M,D
2000,Heat,OUTDOOR,0-17,M,D
2000,Heat,OTHER,40-64,F,D
2000,Heat,RES,65+,M,D
2000,Heat,RES,65+,M,D
2000,Heat,RES,40-64,M,D
2000,Heat,RES,65+,M,D
2000,Heat,OTHER,65+,F,D
2000,Heat,VEHICLE,0-17,M,D
2000,Heat,RES,40-64,F,D
2000,Heat,RES,65+,F,D
2000,Heat,OUTDOOR,40-64,M,D
2000,Heat,OUTDOOR,40-64,F,D
2000,Heat,OUTDOOR,65+,M,D
2000,Heat,RES,40-64,M,D
2000,Heat,RES,65+,M,D
2000,Heat,RES,65+,F,D
2000,Heat,RES,65+,M,D
2000,Heat,RES,65+,M,D
2000,Heat,RES,65+,M,D
2000,Heat,RES,65+,M,D
2000,Heat,OUTDOOR,40-64,M,D
2000,Heat,RES,40-64,M,D
2000,Heat,RES,65+,F,D
2000,Heat,RES,65+,F,D
2000,Heat,OTHER,65+,F,D
2000,Heat,RES,40-64,M,D
2000,Heat,RES,65+,F,D
2000,Heat,RES,40-64,M,D
2000,Heat,OUTDOOR,65+,M,D
2000,Heat,OUTDOOR,65+,M,D
2000,Heat,OUTDOOR,40-64,M,D
2000,Heat,RES,65+,F,D
2000,Heat,RES,65+,M,D
2000,Heat,RES,65+,M,D
2000,Heat,RES,65+,M,D
2000,Heat,OUTDOOR,40-64,M,D
2000,Heat,OUTDOOR,65+,F,D
2000,Heat,RES,65+,M,D
2000,Heat,RES,65+,M,D
2000,Heat,RES,65+,F,D
2000,Heat,RES,65+,M,D
2000,Heat,RES,65+,M,D
2000,Heat,RES,65+,F,D
2000,Heat,RES,65+,F,D
2000,Heat,RES,65+,F,D
2000,Heat,RES,65+,F,D
2000,Heat,VEHICLE,65+,F,D
2000,Heat,RES,65+,F,D
2000,Heat,RES,65+,M,D
2000,Heat,RES,65+,M,D
2000,Heat,VEHICLE,65+,M,D
2000,Heat,WATER,0-17,M,D
2000,Heat,RES,40-64,F,D
2000,Heat,RES,65+,F,D
2000,Heat,RES,40-64,M,D
2000,Heat,VEHICLE,18-39,M,D
2000,Heat,VEHICLE,40-64,M,D
2000,Heat,RES,40-64,M,D
2000,Heat,RES,40-64,F,D
2000,Heat,RES,65+,M,D
2000,Heat,OUTDOOR,40-64,M,D
2000,Heat,MH,40-64,M,D
2000,Heat,RES,65+,F,D
2000,Heat,RES,65+,F,D
2000,Heat,RES,65+,F,D
2000,Heat,OTHER,40-64,M,D
2000,Heat,RES,65+,F,D
2000,Heat,OUTDOOR,40-64,F,D
2000,Heat,VEHICLE,40-64,M,D
2000,Heat,RES,65+,F,D
2000,Heat,OUTDOOR,40-64,M,D
2000,Heat,VEHICLE,65+,M,D
2000,Heat,RES,65+,M,D
2000,Heat,RES,40-64,F,D
2000,Heat,RES,65+,F,D
2000,Heat,RES,65+,M,D
2000,Heat,RES,40-64,F,D
2000,Heat,RES,65+,M,D
2000,Heat,VEHICLE,65+,M,D
2000,Heat,VEHICLE,40-64,M,D
2000,Heat,RES,65+,M,D
2000,Heat,RES,65+,M,D
2000,Heat,RES,65+,F,D
2000,Heat,RES,65+,F,D
2000,Heat,OUTDOOR,18-39,M,D
2000,Heat,RES,65+,F,D
2000,Heat,RES,65+,M,D
2000,Heat,RES,65+,F,D
2000,Heat,RES,40-64,M,D
2000,Heat,RES,65+,M,D
2000,Heat,RES,65+,F,D
2000,Heat,RES,65+,M,D
2000,Heat,RES,65+,M,D
2000,Heat,RES,65+,M,D
2000,Heavy Rain,OUTDOOR,0-17,F,D
2000,Heavy Rain,VEHICLE,18-39,M,D
2000,Heavy Rain,VEHICLE,40-64,F,D
2000,Heavy Rain,VEHICLE,40-64,F,D
2000,Heavy Snow,VEHICLE,18-39,F,D
2000,Heavy Snow,VEHICLE,0-17,unknown,D
2000,Heavy Snow,VEHICLE,0-17,F,D
2000,Heavy Snow,VEHICLE,65+,F,D
2000,Heavy Snow,VEHICLE,18-39,F,D
2000,Heavy Snow,VEHICLE,18-39,M,D
2000,Heavy Snow,OUTDOOR,18-39,M,D
2000,Heavy Snow,VEHICLE,0-17,M,D
2000,Heavy Snow,VEHICLE,65+,M,D
2000,High Surf,WATER,0-17,M,D
2000,High Surf,WATER,0-17,F,D
2000,High Wind,OUTDOOR,18-39,M,D
2000,High Wind,VEHICLE,65+,M,D
2000,High Wind,PUBLIC,18-39,M,D
2000,High Wind,VEHICLE,40-64,M,D
2000,High Wind,VEHICLE,40-64,F,D
2000,High Wind,VEHICLE,18-39,M,D
2000,High Wind,VEHICLE,65+,F,D
2000,High Wind,MH,40-64,M,D
2000,High Wind,WATER,40-64,M,D
2000,High Wind,WATER,40-64,M,D
2000,High Wind,WATER,40-64,M,D
2000,High Wind,VEHICLE,40-64,M,D
2000,High Wind,OUTDOOR,40-64,M,D
2000,High Wind,MH,18-39,F,D
2000,High Wind,OUTDOOR,40-64,M,D
2000,High Wind,VEHICLE,40-64,M,D
2000,High Wind,OUTDOOR,40-64,M,D
2000,High Wind,OUTDOOR,40-64,M,D
2000,High Wind,OUTDOOR,18-39,F,D
2000,High Wind,VEHICLE,40-64,F,D
2000,High Wind,VEHICLE,18-39,M,D
2000,High Wind,MH,65+,F,D
2000,High Wind,PUBLIC,40-64,M,D
2000,Ice Storm,OUTDOOR,unknown,M,D
2000,Ice Storm,OUTDOOR,65+,M,D
2000,Lightning,OUTDOOR,18-39,M,D
2000,Lightning,OUTDOOR,40-64,M,D
2000,Lightning,MH,0-17,F,D
2000,Lightning,OUTDOOR,18-39,M,D
2000,Lightning,PUBLIC,0-17,F,D
2000,Lightning,OUTDOOR,18-39,M,D
2000,Lightning,OUTDOOR,18-39,M,D
2000,Lightning,OUTDOOR,40-64,M,D
2000,Lightning,WATER,0-17,M,D
2000,Lightning,OUTDOOR,18-39,M,D
2000,Lightning,OUTDOOR,18-39,M,D
2000,Lightning,WATER,18-39,M,D
2000,Lightning,VEHICLE,40-64,F,D
2000,Lightning,OUTDOOR,0-17,M,D
2000,Lightning,OUTDOOR,18-39,M,D
2000,Lightning,WATER,18-39,M,D
2000,Lightning,OUTDOOR,40-64,F,D
2000,Lightning,OUTDOOR,40-64,M,D
2000,Lightning,WATER,18-39,M,D
2000,Lightning,OUTDOOR,18-39,M,D
2000,Lightning,OUTDOOR,18-39,M,D
2000,Lightning,OUTDOOR,18-39,M,D
2000,Lightning,VEHICLE,40-64,M,D
2000,Lightning,OUTDOOR,18-39,M,D
2000,Lightning,OUTDOOR,40-64,M,D
2000,Lightning,WATER,0-17,M,D
2000,Lightning,OUTDOOR,40-64,M,D
2000,Lightning,VEHICLE,40-64,F,D
2000,Lightning,RES,65+,F,D
2000,Lightning,OUTDOOR,40-64,M,D
2000,Lightning,OUTDOOR,40-64,M,D
2000,Lightning,MH,0-17,F,D
2000,Lightning,OUTDOOR,18-39,M,D
2000,Lightning,OUTDOOR,18-39,M,D
2000,Lightning,OUTDOOR,18-39,M,D
2000,Lightning,OTHER,0-17,F,D
2000,Lightning,OUTDOOR,0-17,F,D
2000,Lightning,OUTDOOR,40-64,F,D
2000,Lightning,OUTDOOR,65+,M,D
2000,Lightning,RES,65+,M,D
2000,Lightning,RES,40-64,M,D
2000,Lightning,OUTDOOR,65+,M,D
2000,Lightning,OUTDOOR,18-39,M,D
2000,Lightning,OUTDOOR,0-17,M,D
2000,Lightning,OUTDOOR,40-64,M,D
2000,Lightning,OUTDOOR,40-64,F,D
2000,Lightning,OUTDOOR,40-64,M,D
2000,Lightning,OUTDOOR,40-64,F,D
2000,Lightning,OUTDOOR,18-39,M,D
2000,Lightning,OUTDOOR,18-39,M,D
2000,Lightning,OUTDOOR,0-17,M,D
2000,Rip Current,WATER,0-17,M,D
2000,Rip Current,WATER,0-17,M,D
2000,Rip Current,WATER,18-39,M,D
2000,Rip Current,WATER,40-64,M,D
2000,Rip Current,WATER,18-39,M,D
2000,Rip Current,WATER,18-39,M,D
2000,Rip Current,OUTDOOR,0-17,M,D
2000,Rip Current,WATER,0-17,M,D
2000,Rip Current,OUTDOOR,0-17,M,D
2000,Rip Current,WATER,40-64,F,D
2000,Rip Current,OUTDOOR,40-64,F,D
2000,Rip Current,WATER,40-64,M,D
2000,Rip Current,WATER,40-64,M,D
2000,Rip Current,WATER,unknown,F,D
2000,Rip Current,WATER,40-64,M,D
2000,Rip Current,WATER,unknown,M,D
2000,Rip Current,WATER,0-17,M,D
2000,Rip Current,WATER,0-17,M,D
2000,Rip Current,WATER,18-39,M,D
2000,Rip Current,WATER,unknown,M,D
2000,Rip Current,WATER,0-17,M,D
2000,Rip Current,WATER,18-39,M,D
2000,Rip Current,WATER,18-39,M,D
2000,Rip Current,WATER,18-39,M,D
2000,Rip Current,WATER,18-39,M,D
2000,Strong Wind,WATER,40-64,M,D
2000,Strong Wind,VEHICLE,18-39,F,D
2000,Strong Wind,VEHICLE,40-64,M,D
2000,Thunderstorm Wind,VEHICLE,0-17,M,D
2000,Thunderstorm Wind,OUTDOOR,40-64,M,D
2000,Thunderstorm Wind,PUBLIC,65+,F,D
2000,Thunderstorm Wind,VEHICLE,65+,F,D
2000,Thunderstorm Wind,VEHICLE,18-39,M,D
2000,Thunderstorm Wind,MH,0-17,F,D
2000,Thunderstorm Wind,RES,18-39,M,D
2000,Thunderstorm Wind,VEHICLE,65+,F,D
2000,Thunderstorm Wind,OUTDOOR,40-64,M,D
2000,Thunderstorm Wind,OUTDOOR,18-39,M,D
2000,Thunderstorm Wind,VEHICLE,40-64,F,D
2000,Thunderstorm Wind,VEHICLE,40-64,M,D
2000,Thunderstorm Wind,PUBLIC,40-64,F,D
2000,Thunderstorm Wind,WATER,40-64,M,D
2000,Thunderstorm Wind,VEHICLE,unknown,M,D
2000,Thunderstorm Wind,OUTDOOR,18-39,M,D
2000,Thunderstorm Wind,VEHICLE,18-39,F,D
2000,Thunderstorm Wind,VEHICLE,65+,M,D
2000,Thunderstorm Wind,MH,40-64,F,D
2000,Thunderstorm Wind,MH,unknown,F,D
2000,Thunderstorm Wind,VEHICLE,0-17,F,D
2000,Thunderstorm Wind,VEHICLE,18-39,F,D
2000,Thunderstorm Wind,RES,65+,M,D
2000,Thunderstorm Wind,OUTDOOR,18-39,F,D
2000,Thunderstorm Wind,WATER,18-39,M,D
2000,Tornado,MH,18-39,F,D
2000,Tornado,RES,65+,M,D
2000,Tornado,MH,40-64,F,D
2000,Tornado,MH,40-64,F,D
2000,Tornado,RES,40-64,M,D
2000,Tornado,RES,40-64,F,D
2000,Tornado,MH,40-64,F,D
2000,Tornado,MH,65+,M,D
2000,Tornado,MH,0-17,F,D
2000,Tornado,MH,18-39,F,D
2000,Tornado,MH,40-64,F,D
2000,Tornado,MH,65+,M,D
2000,Tornado,OUTDOOR,40-64,M,D
2000,Tornado,MH,18-39,M,D
2000,Tornado,MH,65+,F,D
2000,Tornado,RES,65+,M,D
2000,Tornado,MH,18-39,F,D
2000,Tornado,MH,40-64,F,D
2000,Tornado,MH,40-64,F,D
2000,Tornado,VEHICLE,18-39,M,D
2000,Tornado,MH,18-39,F,D
2000,Tornado,MH,18-39,M,D
2000,Tornado,VEHICLE,40-64,M,D
2000,Tornado,MH,0-17,M,D
2000,Tornado,MH,0-17,F,D
2000,Tornado,MH,18-39,F,D
2000,Tornado,MH,18-39,F,D
2000,Tornado,RES,65+,F,D
2000,Tornado,RES,65+,F,D
2000,Tornado,RES,40-64,F,D
2000,Tornado,MH,65+,F,D
2000,Tornado,MH,18-39,F,D
2000,Tornado,MH,40-64,F,D
2000,Tornado,MH,40-64,F,D
2000,Tornado,MH,40-64,F,D
2000,Tornado,VEHICLE,40-64,M,D
2000,Tornado,MH,0-17,M,D
2000,Tornado,VEHICLE,65+,M,D
2000,Tornado,MH,40-64,M,D
2000,Tornado,MH,0-17,M,D
2000,Tornado,OUTDOOR,65+,M,D
2000,Waterspout,WATER,40-64,M,D
2000,Waterspout,WATER,18-39,M,D
2000,Wildfire,OUTDOOR,18-39,M,D
2000,Wildfire,OUTDOOR,40-64,M,D
2000,Wildfire,OUTDOOR,40-64,M,D
2000,Winter Storm,VEHICLE,18-39,F,D
2000,Winter Storm,VEHICLE,0-17,M,D
2000,Winter Storm,VEHICLE,18-39,M,D
2000,Winter Storm,VEHICLE,0-17,F,D
2000,Winter Storm,VEHICLE,18-39,F,D
2000,Winter Storm,OUTDOOR,18-39,M,D
2000,Winter Storm,VEHICLE,18-39,M,D
2000,Winter Storm,OUTDOOR,40-64,M,D
2000,Winter Storm,OUTDOOR,unknown,M,D
2000,Winter Storm,VEHICLE,18-39,M,D
2000,Winter Storm,VEHICLE,0-17,M,D
2000,Winter Storm,VEHICLE,18-39,M,D
2000,Winter Storm,VEHICLE,40-64,F,D
2000,Winter Storm,VEHICLE,unknown,unknown,D
2000,Winter Storm,OTHER,18-39,M,D
2000,Winter Storm,OUTDOOR,18-39,M,D
2000,Winter Storm,OUTDOOR,65+,M,D
2000,Winter Storm,OUTDOOR,18-39,M,D
2000,Winter Storm,VEHICLE,0-17,F,D
2000,Winter Storm,OUTDOOR,0-17,F,D
2000,Winter Storm,VEHICLE,40-64,F,D
2000,Winter Storm,VEHICLE,unknown,F,D
2000,Winter Storm,OUTDOOR,18-39,F,D
2000,Winter Storm,OUTDOOR,18-39,M,D
2000,Winter Storm,OUTDOOR,40-64,M,D
2000,Winter Storm,OUTDOOR,40-64,F,D
2000,Winter Storm,VEHICLE,65+,M,D
2000,Winter Storm,VEHICLE,40-64,F,D
2000,Winter Weather,VEHICLE,0-17,M,D
2001,Avalanche,OUTDOOR,18-39,M,D
2001,Avalanche,OUTDOOR,18-39,M,D
2001,Avalanche,OUTDOOR,18-39,M,D
2001,Avalanche,OUTDOOR,18-39,M,D
2001,Avalanche,OUTDOOR,18-39,M,D
2001,Avalanche,OUTDOOR,40-64,F,D
2001,Avalanche,OUTDOOR,18-39,M,D
2001,Avalanche,OUTDOOR,18-39,M,D
2001,Avalanche,OUTDOOR,unknown,M,D
2001,Avalanche,OUTDOOR,18-39,M,D
2001,Avalanche,OUTDOOR,40-64,F,D
2001,Avalanche,OUTDOOR,18-39,F,D
2001,Avalanche,OUTDOOR,18-39,M,D
2001,Avalanche,OUTDOOR,18-39,M,D
2001,Avalanche,OUTDOOR,18-39,M,D
2001,Avalanche,OUTDOOR,18-39,M,D
2001,Avalanche,OUTDOOR,18-39,M,D
2001,Avalanche,OUTDOOR,18-39,M,D
2001,Blizzard,VEHICLE,40-64,F,D
2001,Blizzard,OUTDOOR,18-39,M,D
2001,Blizzard,OUTDOOR,40-64,F,D
2001,Blizzard,VEHICLE,40-64,M,D
2001,Dense Fog,VEHICLE,40-64,M,D
2001,Dense Fog,VEHICLE,18-39,M,D
2001,Dense Fog,VEHICLE,40-64,M,D
2001,Dense Fog,VEHICLE,40-64,F,D
2001,Dense Fog,VEHICLE,40-64,F,D
2001,Dense Fog,VEHICLE,65+,F,D
2001,Dense Fog,VEHICLE,40-64,M,D
2001,Extreme Cold/Wind Chill,OUTDOOR,40-64,M,D
2001,Extreme Cold/Wind Chill,OUTDOOR,18-39,M,D
2001,Extreme Cold/Wind Chill,OUTDOOR,65+,F,D
2001,Extreme Cold/Wind Chill,OUTDOOR,65+,F,D
2001,Flash Flood,RES,40-64,F,D
2001,Flash Flood,WATER,18-39,M,D
2001,Flash Flood,WATER,40-64,F,D
2001,Flash Flood,OUTDOOR,0-17,M,D
2001,Flash Flood,OUTDOOR,40-64,F,D
2001,Flash Flood,OUTDOOR,18-39,M,D
2001,Flash Flood,OUTDOOR,0-17,M,D
2001,Flash Flood,WATER,18-39,M,D
2001,Flash Flood,VEHICLE,40-64,F,D
2001,Flash Flood,VEHICLE,18-39,F,D
2001,Flash Flood,WATER,18-39,F,D
2001,Flash Flood,WATER,0-17,M,D
2001,Flash Flood,MH,65+,M,D
2001,Flash Flood,OUTDOOR,0-17,M,D
2001,Flash Flood,WATER,40-64,M,D
2001,Flash Flood,WATER,0-17,F,D
2001,Flash Flood,RES,40-64,M,D
2001,Flash Flood,RES,18-39,F,D
2001,Flash Flood,VEHICLE,unknown,F,D
2001,Flash Flood,VEHICLE,18-39,M,D
2001,Flash Flood,VEHICLE,40-64,M,D
2001,Flash Flood,OUTDOOR,0-17,M,D
2001,Flash Flood,VEHICLE,18-39,F,D
2001,Flash Flood,WATER,0-17,F,D
2001,Flash Flood,VEHICLE,40-64,F,D
2001,Flash Flood,VEHICLE,18-39,M,D
2001,Flash Flood,VEHICLE,0-17,M,D
2001,Flash Flood,VEHICLE,40-64,F,D
2001,Flash Flood,VEHICLE,40-64,M,D
2001,Flash Flood,WATER,0-17,M,D
2001,Flash Flood,OUTDOOR,0-17,F,D
2001,Flash Flood,VEHICLE,18-39,M,D
2001,Flash Flood,VEHICLE,0-17,M,D
2001,Flood,WATER,0-17,M,D
2001,Flood,VEHICLE,40-64,F,D
2001,Flood,VEHICLE,18-39,F,D
2001,Flood,VEHICLE,18-39,M,D
2001,Flood,VEHICLE,18-39,M,D
2001,Flood,VEHICLE,18-39,M,D
2001,Flood,VEHICLE,18-39,M,D
2001,Flood,OUTDOOR,0-17,M,D
2001,Flood,VEHICLE,65+,M,D
2001,Flood,VEHICLE,18-39,F,D
2001,Flood,OUTDOOR,0-17,M,D
2001,Flood,VEHICLE,18-39,M,D
2001,Hail,VEHICLE,40-64,F,D
2001,Hail,OUTDOOR,18-39,M,D
2001,Hail,OUTDOOR,18-39,M,D
2001,Heat,RES,40-64,M,D
2001,Heat,RES,65+,F,D
2001,Heat,RES,65+,F,D
2001,Heat,RES,18-39,M,D
2001,Heat,RES,40-64,F,D
2001,Heat,OUTDOOR,18-39,M,D
2001,Heat,RES,40-64,M,D
2001,Heat,RES,40-64,M,D
2001,Heat,RES,65+,M,D
2001,Heat,RES,40-64,F,D
2001,Heat,RES,40-64,M,D
2001,Heat,RES,18-39,M,D
2001,Heat,RES,65+,F,D
2001,Heat,RES,65+,M,D
2001,Heat,RES,40-64,F,D
2001,Heat,RES,40-64,M,D
2001,Heat,RES,65+,F,D
2001,Heat,VEHICLE,0-17,M,D
2001,Heat,RES,65+,F,D
2001,Heat,RES,40-64,M,D
2001,Heat,RES,40-64,M,D
2001,Heat,RES,40-64,M,D
2001,Heat,RES,65+,F,D
2001,Heat,RES,65+,M,D
2001,Heat,RES,65+,F,D
2001,Heat,RES,65+,F,D
2001,Heat,RES,40-64,F,D
2001,Heat,RES,40-64,M,D
2001,Heat,RES,65+,M,D
2001,Heat,RES,65+,F,D
2001,Heat,RES,65+,F,D
2001,Heat,RES,65+,M,D
2001,Heat,RES,65+,F,D
2001,Heat,RES,65+,F,D
2001,Heat,OUTDOOR,18-39,M,D
2001,Heat,OUTDOOR,65+,F,D
2001,Heat,RES,40-64,M,D
2001,Heat,VEHICLE,0-17,F,D
2001,Heat,RES,65+,F,D
2001,Heat,RES,65+,M,D
2001,Heat,RES,65+,M,D
2001,Heat,PUBLIC,18-39,M,D
2001,Heat,VEHICLE,40-64,M,D
2001,Heat,RES,65+,F,D
2001,Heat,RES,65+,F,D
2001,Heat,RES,65+,F,D
2001,Heat,RES,65+,F,D
2001,Heat,RES,40-64,M,D
2001,Heat,RES,40-64,F,D
2001,Heat,RES,40-64,M,D
2001,Heat,RES,65+,M,D
2001,Heat,OUTDOOR,0-17,F,D
2001,Heat,OUTDOOR,65+,M,D
2001,Heat,RES,40-64,M,D
2001,Heat,RES,65+,F,D
2001,Heat,OUTDOOR,40-64,M,D
2001,Heat,OUTDOOR,18-39,M,D
2001,Heat,RES,65+,M,D
2001,Heat,RES,65+,F,D
2001,Heat,RES,40-64,M,D
2001,Heat,OTHER,65+,F,D
2001,Heat,RES,40-64,M,D
2001,Heat,RES,40-64,M,D
2001,Heat,OTHER,65+,F,D
2001,Heat,OTHER,65+,F,D
2001,Heat,OTHER,40-64,M,D
2001,Heat,RES,65+,F,D
2001,Heat,RES,40-64,M,D
2001,Heat,VEHICLE,0-17,M,D
2001,Heat,RES,65+,F,D
2001,Heat,RES,40-64,M,D
2001,Heat,OTHER,40-64,M,D
2001,Heat,VEHICLE,0-17,M,D
2001,Heat,RES,65+,M,D
2001,Heat,RES,65+,M,D
2001,Heat,RES,40-64,M,D
2001,Heat,RES,65+,F,D
2001,Heat,RES,40-64,F,D
2001,Heat,RES,65+,F,D
2001,Heat,OUTDOOR,40-64,M,D
2001,Heat,RES,65+,M,D
2001,Heat,RES,40-64,M,D
2001,Heat,RES,40-64,M,D
2001,Heat,RES,40-64,M,D
2001,Heat,RES,65+,F,D
2001,Heat,RES,65+,F,D
2001,Heat,RES,65+,M,D
2001,Heat,RES,65+,M,D
2001,Heat,RES,65+,F,D
2001,Heat,RES,40-64,M,D
2001,Heat,RES,65+,F,D
2001,Heat,RES,65+,F,D
2001,Heat,RES,40-64,M,D
2001,Heat,WATER,40-64,M,D
2001,Heat,RES,65+,F,D
2001,Heat,VEHICLE,0-17,M,D
2001,Heat,RES,65+,M,D
2001,Heat,RES,65+,F,D
2001,Heat,RES,40-64,M,D
2001,Heat,RES,65+,F,D
2001,Heat,RES,40-64,M,D
2001,Heat,RES,65+,M,D
2001,Heat,RES,65+,F,D
2001,Heat,RES,65+,M,D
2001,Heat,RES,65+,M,D
2001,Heat,RES,40-64,M,D
2001,Heat,VEHICLE,40-64,M,D
2001,Heat,RES,65+,M,D
2001,Heat,RES,65+,F,D
2001,Heat,RES,40-64,M,D
2001,Heat,VEHICLE,0-17,F,D
2001,Heat,OUTDOOR,18-39,M,D
2001,Heat,RES,65+,M,D
2001,Heat,RES,40-64,F,D
2001,Heat,RES,65+,F,D
2001,Heat,RES,40-64,M,D
2001,Heat,RES,65+,M,D
2001,Heat,RES,65+,F,D
2001,Heat,RES,65+,F,D
2001,Heat,RES,65+,M,D
2001,Heat,RES,65+,M,D
2001,Heat,RES,65+,F,D
2001,Heat,RES,18-39,F,D
2001,Heat,RES,65+,M,D
2001,Heat,RES,65+,F,D
2001,Heat,OUTDOOR,40-64,M,D
2001,Heat,RES,65+,M,D
2001,Heat,RES,65+,M,D
2001,Heat,RES,65+,M,D
2001,Heat,VEHICLE,65+,F,D
2001,Heat,OUTDOOR,18-39,M,D
2001,Heat,OTHER,65+,M,D
2001,Heat,RES,65+,F,D
2001,Heat,RES,40-64,M,D
2001,Heat,RES,40-64,M,D
2001,Heat,RES,65+,F,D
2001,Heat,RES,65+,M,D
2001,Heat,OUTDOOR,40-64,M,D
2001,Heat,VEHICLE,65+,F,D
2001,Heat,RES,65+,F,D
2001,Heat,OUTDOOR,65+,F,D
2001,Heat,OUTDOOR,65+,M,D
2001,Heat,RES,40-64,M,D
2001,Heat,PUBLIC,65+,M,D
2001,Heat,RES,40-64,M,D
2001,Heat,RES,40-64,M,D
2001,Heat,RES,65+,M,D
2001,Heat,RES,40-64,M,D
2001,Heat,RES,65+,M,D
2001,Heat,OUTDOOR,18-39,M,D
2001,Heat,OUTDOOR,40-64,M,D
2001,Heat,OUTDOOR,40-64,M,D
2001,Heat,OTHER,40-64,M,D
2001,Heat,OUTDOOR,65+,F,D
2001,Heat,RES,65+,F,D
2001,Heat,RES,65+,M,D
2001,Heat,RES,65+,M,D
2001,Heat,RES,40-64,M,D
2001,Heat,WATER,40-64,M,D
2001,Heat,RES,65+,F,D
2001,Heat,RES,65+,F,D
2001,Heat,RES,40-64,M,D
2001,Heat,RES,65+,F,D
2001,Heat,OUTDOOR,18-39,M,D
2001,Heat,RES,65+,F,D
2001,Heavy Rain,WATER,unknown,F,D
2001,Heavy Rain,VEHICLE,0-17,M,D
2001,Heavy Snow,OUTDOOR,18-39,M,D
2001,Heavy Snow,VEHICLE,40-64,M,D
2001,High Surf,WATER,65+,M,D
2001,High Surf,WATER,40-64,M,D
2001,High Surf,WATER,18-39,F,D
2001,High Surf,WATER,18-39,M,D
2001,High Wind,VEHICLE,65+,M,D
2001,High Wind,VEHICLE,40-64,M,D
2001,High Wind,VEHICLE,18-39,M,D
2001,High Wind,OUTDOOR,40-64,M,D
2001,High Wind,VEHICLE,18-39,M,D
2001,High Wind,OUTDOOR,40-64,M,D
2001,High Wind,VEHICLE,40-64,F,D
2001,High Wind,WATER,40-64,M,D
2001,High Wind,VEHICLE,40-64,F,D
2001,High Wind,VEHICLE,65+,F,D
2001,High Wind,VEHICLE,40-64,M,D
2001,High Wind,WATER,unknown,M,D
2001,High Wind,VEHICLE,0-17,F,D
2001,Ice Storm,OTHER,40-64,F,D
2001,Ice Storm,VEHICLE,65+,M,D
2001,Ice Storm,VEHICLE,0-17,F,D
2001,Ice Storm,VEHICLE,18-39,M,D
2001,Ice Storm,VEHICLE,0-17,F,D
2001,Ice Storm,VEHICLE,65+,F,D
2001,Lightning,WATER,18-39,M,D
2001,Lightning,OUTDOOR,18-39,F,D
2001,Lightning,OUTDOOR,18-39,M,D
2001,Lightning,OUTDOOR,0-17,M,D
2001,Lightning,OUTDOOR,40-64,M,D
2001,Lightning,WATER,18-39,F,D
2001,Lightning,OUTDOOR,0-17,M,D
2001,Lightning,OUTDOOR,40-64,M,D
2001,Lightning,PUBLIC,18-39,M,D
2001,Lightning,OUTDOOR,40-64,F,D
2001,Lightning,RES,40-64,M,D
2001,Lightning,RES,18-39,M,D
2001,Lightning,OUTDOOR,18-39,M,D
2001,Lightning,OUTDOOR,40-64,F,D
2001,Lightning,OUTDOOR,40-64,F,D
2001,Lightning,OUTDOOR,18-39,M,D
2001,Lightning,OUTDOOR,18-39,M,D
2001,Lightning,RES,18-39,F,D
2001,Lightning,OUTDOOR,18-39,M,D
2001,Lightning,OUTDOOR,40-64,M,D
2001,Lightning,OUTDOOR,18-39,M,D
2001,Lightning,PUBLIC,18-39,M,D
2001,Lightning,PUBLIC,18-39,M,D
2001,Lightning,OUTDOOR,18-39,F,D
2001,Lightning,OUTDOOR,0-17,M,D
2001,Lightning,OUTDOOR,40-64,M,D
2001,Lightning,OUTDOOR,40-64,M,D
2001,Lightning,OUTDOOR,40-64,M,D
2001,Lightning,OUTDOOR,18-39,M,D
2001,Lightning,OUTDOOR,18-39,M,D
2001,Lightning,OUTDOOR,65+,M,D
2001,Lightning,OUTDOOR,40-64,F,D
2001,Lightning,OUTDOOR,18-39,M,D
2001,Lightning,OUTDOOR,18-39,M,D
2001,Lightning,OUTDOOR,0-17,M,D
2001,Lightning,OUTDOOR,40-64,M,D
2001,Lightning,OUTDOOR,18-39,M,D
2001,Lightning,OUTDOOR,40-64,M,D
2001,Lightning,OUTDOOR,18-39,M,D
2001,Lightning,OUTDOOR,0-17,M,D
2001,Rip Current,WATER,0-17,F,D
2001,Rip Current,WATER,18-39,M,D
2001,Rip Current,WATER,0-17,M,D
2001,Rip Current,WATER,18-39,M,D
2001,Rip Current,WATER,40-64,M,D
2001,Rip Current,WATER,0-17,M,D
2001,Rip Current,WATER,40-64,M,D
2001,Rip Current,WATER,40-64,M,D
2001,Rip Current,WATER,40-64,M,D
2001,Rip Current,WATER,18-39,M,D
2001,Rip Current,WATER,18-39,M,D
2001,Rip Current,WATER,40-64,M,D
2001,Rip Current,WATER,40-64,M,D
2001,Rip Current,WATER,0-17,M,D
2001,Rip Current,WATER,40-64,M,D
2001,Rip Current,WATER,0-17,F,D
2001,Rip Current,WATER,0-17,F,D
2001,Rip Current,WATER,40-64,M,D
2001,Rip Current,WATER,0-17,F,D
2001,Rip Current,WATER,40-64,M,D
2001,Rip Current,WATER,40-64,M,D
2001,Rip Current,WATER,40-64,M,D
2001,Rip Current,WATER,65+,M,D
2001,Rip Current,WATER,40-64,M,D
2001,Rip Current,WATER,0-17,F,D
2001,Rip Current,WATER,65+,M,D
2001,Rip Current,WATER,0-17,F,D
2001,Rip Current,WATER,18-39,M,D
2001,Rip Current,WATER,18-39,M,D
2001,Rip Current,WATER,0-17,M,D
2001,Rip Current,WATER,40-64,M,D
2001,Rip Current,WATER,65+,M,D
2001,Rip Current,WATER,40-64,M,D
2001,Rip Current,WATER,18-39,M,D
2001,Rip Current,WATER,18-39,M,D
2001,Rip Current,WATER,18-39,M,D
2001,Strong Wind,WATER,0-17,M,D
2001,Thunderstorm Wind,MH,0-17,M,D
2001,Thunderstorm Wind,MH,18-39,F,D
2001,Thunderstorm Wind,RES,40-64,M,D
2001,Thunderstorm Wind,OUTDOOR,18-39,M,D
2001,Thunderstorm Wind,RES,0-17,M,D
2001,Thunderstorm Wind,VEHICLE,18-39,F,D
2001,Thunderstorm Wind,VEHICLE,18-39,M,D
2001,Thunderstorm Wind,WATER,40-64,M,D
2001,Thunderstorm Wind,PUBLIC,65+,F,D
2001,Thunderstorm Wind,OTHER,40-64,M,D
2001,Thunderstorm Wind,PUBLIC,40-64,F,D
2001,Thunderstorm Wind,OUTDOOR,40-64,F,D
2001,Thunderstorm Wind,RES,0-17,F,D
2001,Thunderstorm Wind,MH,0-17,F,D
2001,Thunderstorm Wind,RES,65+,F,D
2001,Thunderstorm Wind,VEHICLE,18-39,M,D
2001,Thunderstorm Wind,WATER,18-39,M,D
2001,Thunderstorm Wind,OTHER,18-39,M,D
2001,Thunderstorm Wind,RES,0-17,M,D
2001,Thunderstorm Wind,VEHICLE,0-17,F,D
2001,Thunderstorm Wind,VEHICLE,0-17,F,D
2001,Thunderstorm Wind,MH,18-39,M,D
2001,Thunderstorm Wind,MH,18-39,F,D
2001,Thunderstorm Wind,VEHICLE,18-39,F,D
2001,Thunderstorm Wind,VEHICLE,18-39,M,D
2001,Thunderstorm Wind,VEHICLE,40-64,M,D
2001,Thunderstorm Wind,VEHICLE,18-39,M,D
2001,Thunderstorm Wind,VEHICLE,40-64,F,D
2001,Thunderstorm Wind,MH,65+,M,D
2001,Thunderstorm Wind,OUTDOOR,40-64,M,D
2001,Thunderstorm Wind,RES,65+,F,D
2001,Tornado,MH,0-17,F,D
2001,Tornado,RES,18-39,M,D
2001,Tornado,VEHICLE,18-39,F,D
2001,Tornado,VEHICLE,65+,M,D
2001,Tornado,MH,65+,M,D
2001,Tornado,MH,65+,F,D
2001,Tornado,RES,65+,M,D
2001,Tornado,RES,0-17,M,D
2001,Tornado,MH,40-64,F,D
2001,Tornado,RES,65+,M,D
2001,Tornado,RES,65+,F,D
2001,Tornado,RES,18-39,F,D
2001,Tornado,MH,0-17,M,D
2001,Tornado,MH,40-64,F,D
2001,Tornado,MH,40-64,F,D
2001,Tornado,MH,65+,F,D
2001,Tornado,MH,40-64,M,D
2001,Tornado,MH,40-64,F,D
2001,Tornado,RES,65+,M,D
2001,Tornado,MH,40-64,M,D
2001,Tornado,MH,65+,F,D
2001,Tornado,VEHICLE,18-39,F,D
2001,Tornado,MH,40-64,M,D
2001,Tornado,MH,40-64,M,D
2001,Tornado,RES,65+,F,D
2001,Tornado,RES,40-64,F,D
2001,Tornado,MH,0-17,F,D
2001,Tornado,RES,40-64,M,D
2001,Tropical Storm,WATER,40-64,M,D
2001,Tropical Storm,VEHICLE,65+,F,D
2001,Tropical Storm,RES,18-39,M,D
2001,Tropical Storm,WATER,18-39,M,D
2001,Tropical Storm,WATER,40-64,F,D
2001,Tropical Storm,VEHICLE,18-39,M,D
2001,Tropical Storm,VEHICLE,18-39,M,D
2001,Tropical Storm,WATER,40-64,M,D
2001,Tropical Storm,RES,40-64,F,D
2001,Tropical Storm,WATER,40-64,F,D
2001,Tropical Storm,WATER,18-39,M,D
2001,Tropical Storm,WATER,18-39,F,D
2001,Tropical Storm,VEHICLE,18-39,F,D
2001,Tropical Storm,VEHICLE,40-64,M,D
2001,Tropical Storm,WATER,40-64,M,D
2001,Tropical Storm,WATER,40-64,M,D
2001,Tropical Storm,VEHICLE,18-39,M,D
2001,Tropical Storm,WATER,18-39,M,D
2001,Tropical Storm,VEHICLE,65+,M,D
2001,Tropical Storm,VEHICLE,18-39,M,D
2001,Tropical Storm,VEHICLE,65+,M,D
2001,Tropical Storm,WATER,40-64,M,D
2001,Tropical Storm,RES,40-64,F,D
2001,Wildfire,OUTDOOR,18-39,F,D
2001,Wildfire,OUTDOOR,40-64,M,D
2001,Wildfire,OUTDOOR,18-39,M,D
2001,Wildfire,OUTDOOR,18-39,M,D
2001,Wildfire,OUTDOOR,18-39,F,D
2001,Winter Storm,VEHICLE,40-64,M,D
2001,Winter Storm,OUTDOOR,unknown,M,D
2001,Winter Storm,OUTDOOR,unknown,M,D
2001,Winter Storm,VEHICLE,0-17,F,D
2001,Winter Storm,VEHICLE,40-64,F,D
2001,Winter Storm,VEHICLE,40-64,F,D
2001,Winter Storm,VEHICLE,40-64,F,D
2002,Avalanche,OUTDOOR,40-64,M,D
2002,Avalanche,OUTDOOR,18-39,M,D
2002,Avalanche,OUTDOOR,18-39,M,D
2002,Avalanche,OUTDOOR,0-17,F,D
2002,Avalanche,OUTDOOR,40-64,M,D
2002,Avalanche,OUTDOOR,18-39,F,D
2002,Avalanche,OUTDOOR,18-39,M,D
2002,Avalanche,OTHER,18-39,M,D
2002,Avalanche,OUTDOOR,18-39,M,D
2002,Avalanche,OUTDOOR,18-39,F,D
2002,Avalanche,OUTDOOR,18-39,M,D
2002,Avalanche,OUTDOOR,18-39,M,D
2002,Avalanche,OUTDOOR,18-39,M,D
2002,Blizzard,OUTDOOR,18-39,M,D
2002,Blizzard,OUTDOOR,18-39,F,D
2002,Blizzard,OUTDOOR,18-39,F,D
2002,Cold/Wind Chill,OUTDOOR,unknown,M,D
2002,Dense Fog,VEHICLE,unknown,F,D
2002,Dense Fog,VEHICLE,40-64,M,D
2002,Dense Fog,VEHICLE,18-39,F,D
2002,Dense Fog,VEHICLE,40-64,M,D
2002,Dense Fog,VEHICLE,40-64,M,D
2002,Dense Fog,VEHICLE,18-39,M,D
2002,Dense Fog,VEHICLE,unknown,F,D
2002,Dense Fog,VEHICLE,18-39,F,D
2002,Dense Fog,VEHICLE,unknown,M,D
2002,Dense Fog,VEHICLE,0-17,F,D
2002,Dense Fog,VEHICLE,40-64,M,D
2002,Dense Fog,VEHICLE,18-39,M,D
2002,Dense Fog,VEHICLE,18-39,M,D
2002,Dense Fog,VEHICLE,40-64,M,D
2002,Dense Fog,VEHICLE,40-64,F,D
2002,Dense Fog,VEHICLE,0-17,M,D
2002,Dense Fog,VEHICLE,18-39,M,D
2002,Dust Storm,VEHICLE,18-39,M,D
2002,Dust Storm,VEHICLE,18-39,M,D
2002,Extreme Cold/Wind Chill,OUTDOOR,65+,M,D
2002,Extreme Cold/Wind Chill,OUTDOOR,40-64,M,D
2002,Extreme Cold/Wind Chill,OUTDOOR,65+,F,D
2002,Extreme Cold/Wind Chill,OTHER,40-64,M,D
2002,Extreme Cold/Wind Chill,OUTDOOR,65+,M,D
2002,Extreme Cold/Wind Chill,OUTDOOR,65+,F,D
2002,Flash Flood,VEHICLE,40-64,F,D
2002,Flash Flood,VEHICLE,40-64,M,D
2002,Flash Flood,OUTDOOR,18-39,M,D
2002,Flash Flood,WATER,0-17,M,D
2002,Flash Flood,OUTDOOR,0-17,M,D
2002,Flash Flood,VEHICLE,40-64,M,D
2002,Flash Flood,WATER,0-17,M,D
2002,Flash Flood,VEHICLE,40-64,M,D
2002,Flash Flood,WATER,65+,F,D
2002,Flash Flood,VEHICLE,18-39,F,D
2002,Flash Flood,VEHICLE,0-17,F,D
2002,Flash Flood,VEHICLE,0-17,F,D
2002,Flash Flood,OUTDOOR,18-39,M,D
2002,Flash Flood,WATER,18-39,F,D
2002,Flash Flood,VEHICLE,40-64,F,D
2002,Flash Flood,OUTDOOR,65+,M,D
2002,Flash Flood,OUTDOOR,18-39,M,D
2002,Flash Flood,VEHICLE,18-39,F,D
2002,Flash Flood,OUTDOOR,18-39,M,D
2002,Flash Flood,OTHER,40-64,M,D
2002,Flash Flood,VEHICLE,40-64,F,D
2002,Flash Flood,VEHICLE,0-17,F,D
2002,Flash Flood,VEHICLE,0-17,F,D
2002,Flash Flood,VEHICLE,18-39,M,D
2002,Flash Flood,MH,18-39,F,D
2002,Flash Flood,VEHICLE,18-39,M,D
2002,Flash Flood,VEHICLE,65+,M,D
2002,Flash Flood,VEHICLE,40-64,M,D
2002,Flash Flood,VEHICLE,18-39,M,D
2002,Flash Flood,VEHICLE,40-64,M,D
2002,Flash Flood,WATER,0-17,M,D
2002,Flash Flood,OUTDOOR,0-17,F,D
2002,Flash Flood,WATER,40-64,M,D
2002,Flash Flood,VEHICLE,40-64,M,D
2002,Flood,VEHICLE,18-39,F,D
2002,Flood,WATER,0-17,M,D
2002,Flood,VEHICLE,40-64,M,D
2002,Flood,VEHICLE,40-64,M,D
2002,Flood,VEHICLE,40-64,M,D
2002,Flood,VEHICLE,18-39,F,D
2002,Flood,WATER,0-17,M,D
2002,Flood,VEHICLE,65+,M,D
2002,Flood,WATER,18-39,M,D
2002,Flood,VEHICLE,18-39,M,D
2002,Flood,VEHICLE,40-64,F,D
2002,Flood,VEHICLE,18-39,M,D
2002,Heat,RES,40-64,M,D
2002,Heat,RES,40-64,M,D
2002,Heat,OUTDOOR,18-39,M,D
2002,Heat,RES,65+,M,D
2002,Heat,RES,40-64,M,D
2002,Heat,RES,65+,F,D
2002,Heat,RES,40-64,F,D
2002,Heat,RES,40-64,M,D
2002,Heat,RES,65+,F,D
2002,Heat,RES,40-64,F,D
2002,Heat,RES,65+,F,D
2002,Heat,RES,65+,M,D
2002,Heat,RES,40-64,M,D
2002,Heat,RES,40-64,M,D
2002,Heat,RES,65+,F,D
2002,Heat,RES,40-64,M,D
2002,Heat,RES,18-39,M,D
2002,Heat,RES,65+,F,D
2002,Heat,RES,40-64,F,D
2002,Heat,OUTDOOR,65+,F,D
2002,Heat,RES,65+,M,D
2002,Heat,RES,65+,M,D
2002,Heat,RES,18-39,M,D
2002,Heat,RES,65+,M,D
2002,Heat,RES,40-64,M,D
2002,Heat,RES,40-64,M,D
2002,Heat,RES,40-64,M,D
2002,Heat,OTHER,18-39,M,D
2002,Heat,OTHER,65+,F,D
2002,Heat,RES,65+,M,D
2002,Heat,RES,65+,M,D
2002,Heat,RES,40-64,M,D
2002,Heat,RES,40-64,F,D
2002,Heat,RES,18-39,F,D
2002,Heat,RES,18-39,F,D
2002,Heat,OUTDOOR,40-64,M,D
2002,Heat,VEHICLE,0-17,F,D
2002,Heat,RES,40-64,M,D
2002,Heat,RES,18-39,M,D
2002,Heat,RES,40-64,M,D
2002,Heat,RES,65+,M,D
2002,Heat,RES,40-64,M,D
2002,Heat,RES,65+,M,D
2002,Heat,RES,40-64,F,D
2002,Heat,RES,40-64,M,D
2002,Heat,RES,40-64,M,D
2002,Heat,RES,65+,F,D
2002,Heat,RES,65+,M,D
2002,Heat,RES,65+,F,D
2002,Heat,RES,40-64,M,D
2002,Heat,RES,40-64,M,D
2002,Heat,RES,65+,F,D
2002,Heat,RES,40-64,F,D
2002,Heat,RES,40-64,M,D
2002,Heat,RES,65+,M,D
2002,Heat,RES,40-64,M,D
2002,Heat,RES,65+,F,D
2002,Heat,RES,18-39,M,D
2002,Heat,OTHER,65+,M,D
2002,Heat,RES,40-64,M,D
2002,Heat,OUTDOOR,18-39,M,D
2002,Heat,RES,18-39,M,D
2002,Heat,VEHICLE,0-17,M,D
2002,Heat,RES,40-64,M,D
2002,Heat,RES,40-64,M,D
2002,Heat,RES,40-64,M,D
2002,Heat,RES,40-64,M,D
2002,Heat,OTHER,40-64,M,D
2002,Heat,RES,40-64,F,D
2002,Heat,RES,65+,M,D
2002,Heat,RES,40-64,M,D
2002,Heat,RES,65+,F,D
2002,Heat,OUTDOOR,40-64,F,D
2002,Heat,RES,65+,M,D
2002,Heat,VEHICLE,0-17,F,D
2002,Heat,RES,65+,M,D
2002,Heat,RES,0-17,M,D
2002,Heat,OUTDOOR,40-64,M,D
2002,Heat,RES,65+,F,D
2002,Heat,RES,40-64,M,D
2002,Heat,RES,40-64,F,D
2002,Heat,OTHER,40-64,M,D
2002,Heat,OTHER,18-39,M,D
2002,Heat,RES,40-64,M,D
2002,Heat,RES,40-64,F,D
2002,Heat,RES,18-39,M,D
2002,Heat,RES,65+,M,D
2002,Heat,RES,65+,M,D
2002,Heat,RES,18-39,F,D
2002,Heat,RES,65+,M,D
2002,Heat,RES,40-64,F,D
2002,Heat,RES,40-64,M,D
2002,Heat,RES,65+,F,D
2002,Heat,RES,65+,F,D
2002,Heat,RES,65+,F,D
2002,Heat,RES,65+,F,D
2002,Heat,RES,40-64,F,D
2002,Heat,RES,65+,F,D
2002,Heat,RES,65+,F,D
2002,Heat,OUTDOOR,65+,M,D
2002,Heat,OUTDOOR,18-39,M,D
2002,Heat,OUTDOOR,18-39,M,D
2002,Heat,VEHICLE,0-17,F,D
2002,Heat,RES,40-64,M,D
2002,Heat,RES,65+,M,D
2002,Heat,RES,65+,F,D
2002,Heat,RES,65+,F,D
2002,Heat,RES,0-17,M,D
2002,Heat,OUTDOOR,18-39,M,D
2002,Heat,RES,65+,M,D
2002,Heat,OUTDOOR,40-64,M,D
2002,Heat,RES,65+,M,D
2002,Heat,OUTDOOR,65+,M,D
2002,Heat,OUTDOOR,40-64,M,D
2002,Heat,RES,65+,F,D
2002,Heat,OUTDOOR,0-17,F,D
2002,Heat,RES,65+,F,D
2002,Heat,RES,65+,F,D
2002,Heat,RES,40-64,M,D
2002,Heat,RES,65+,F,D
2002,Heat,OUTDOOR,40-64,M,D
2002,Heat,OUTDOOR,40-64,M,D
2002,Heat,RES,65+,M,D
2002,Heat,OUTDOOR,0-17,M,D
2002,Heat,RES,65+,F,D
2002,Heat,RES,40-64,F,D
2002,Heat,RES,65+,F,D
2002,Heat,RES,65+,M,D
2002,Heat,RES,65+,F,D
2002,Heat,RES,65+,M,D
2002,Heat,RES,65+,F,D
2002,Heat,RES,65+,F,D
2002,Heat,RES,65+,F,D
2002,Heat,RES,65+,M,D
2002,Heat,RES,65+,M,D
2002,Heat,RES,65+,M,D
2002,Heat,OUTDOOR,40-64,M,D
2002,Heat,RES,65+,M,D
2002,Heat,RES,40-64,M,D
2002,Heat,OTHER,40-64,M,D
2002,Heat,OUTDOOR,40-64,M,D
2002,Heat,RES,65+,F,D
2002,Heat,RES,65+,F,D
2002,Heat,OUTDOOR,18-39,M,D
2002,Heat,OTHER,40-64,M,D
2002,Heat,RES,65+,M,D
2002,Heat,RES,65+,M,D
2002,Heat,OUTDOOR,40-64,M,D
2002,Heat,RES,65+,M,D
2002,Heat,RES,65+,M,D
2002,Heat,RES,65+,M,D
2002,Heat,RES,65+,F,D
2002,Heat,RES,65+,F,D
2002,Heat,RES,65+,M,D
2002,Heat,RES,40-64,M,D
2002,Heat,RES,40-64,F,D
2002,Heat,RES,40-64,M,D
2002,Heat,RES,65+,M,D
2002,Heat,RES,65+,F,D
2002,Heat,RES,unknown,M,D
2002,Heat,RES,65+,M,D
2002,Heat,RES,65+,F,D
2002,Heat,RES,40-64,M,D
2002,Heat,RES,65+,F,D
2002,Heat,OUTDOOR,40-64,M,D
2002,Heat,OTHER,40-64,M,D
2002,Heat,OTHER,40-64,M,D
2002,Heavy Rain,VEHICLE,40-64,F,D
2002,Heavy Snow,VEHICLE,0-17,M,D
2002,Heavy Snow,VEHICLE,18-39,F,D
2002,High Surf,OUTDOOR,0-17,M,D
2002,High Surf,WATER,18-39,M,D
2002,High Surf,OUTDOOR,40-64,M,D
2002,High Surf,WATER,18-39,M,D
2002,High Surf,WATER,40-64,M,D
2002,High Surf,WATER,40-64,M,D
2002,High Surf,WATER,40-64,M,D
2002,High Surf,WATER,18-39,M,D
2002,High Wind,VEHICLE,40-64,M,D
2002,High Wind,VEHICLE,40-64,M,D
2002,High Wind,VEHICLE,unknown,M,D
2002,High Wind,OUTDOOR,unknown,M,D
2002,High Wind,OUTDOOR,40-64,M,D
2002,High Wind,OUTDOOR,40-64,M,D
2002,High Wind,VEHICLE,18-39,M,D
2002,High Wind,OTHER,18-39,M,D
2002,High Wind,VEHICLE,unknown,M,D
2002,High Wind,MH,40-64,M,D
2002,High Wind,WATER,65+,M,D
2002,High Wind,PUBLIC,unknown,F,D
2002,High Wind,PUBLIC,40-64,M,D
2002,High Wind,OUTDOOR,65+,F,D
2002,High Wind,OUTDOOR,18-39,M,D
2002,High Wind,OUTDOOR,65+,M,D
2002,High Wind,VEHICLE,18-39,F,D
2002,High Wind,WATER,18-39,M,D
2002,High Wind,VEHICLE,unknown,M,D
2002,High Wind,MH,40-64,F,D
2002,Ice Storm,VEHICLE,65+,M,D
2002,Ice Storm,VEHICLE,40-64,F,D
2002,Ice Storm,OUTDOOR,40-64,M,D
2002,Lightning,MH,0-17,M,D
2002,Lightning,OUTDOOR,18-39,M,D
2002,Lightning,WATER,40-64,M,D
2002,Lightning,OUTDOOR,65+,M,D
2002,Lightning,OUTDOOR,18-39,F,D
2002,Lightning,OUTDOOR,40-64,M,D
2002,Lightning,OUTDOOR,unknown,M,D
2002,Lightning,OUTDOOR,unknown,M,D
2002,Lightning,OUTDOOR,18-39,F,D
2002,Lightning,OUTDOOR,18-39,M,D
2002,Lightning,OUTDOOR,40-64,M,D
2002,Lightning,OUTDOOR,18-39,F,D
2002,Lightning,OUTDOOR,40-64,M,D
2002,Lightning,OUTDOOR,40-64,M,D
2002,Lightning,MH,0-17,M,D
2002,Lightning,OUTDOOR,40-64,M,D
2002,Lightning,OUTDOOR,40-64,M,D
2002,Lightning,OUTDOOR,18-39,M,D
2002,Lightning,OUTDOOR,40-64,M,D
2002,Lightning,OUTDOOR,40-64,M,D
2002,Lightning,MH,0-17,F,D
2002,Lightning,OUTDOOR,0-17,F,D
2002,Lightning,OUTDOOR,40-64,M,D
2002,Lightning,PUBLIC,18-39,M,D
2002,Lightning,OUTDOOR,0-17,M,D
2002,Lightning,OUTDOOR,40-64,M,D
2002,Lightning,PUBLIC,18-39,M,D
2002,Lightning,OUTDOOR,40-64,M,D
2002,Lightning,RES,65+,M,D
2002,Lightning,WATER,40-64,M,D
2002,Lightning,OUTDOOR,18-39,M,D
2002,Lightning,OUTDOOR,40-64,F,D
2002,Lightning,OUTDOOR,18-39,F,D
2002,Lightning,OUTDOOR,40-64,F,D
2002,Lightning,WATER,0-17,M,D
2002,Lightning,OUTDOOR,18-39,M,D
2002,Lightning,OUTDOOR,65+,F,D
2002,Lightning,OUTDOOR,65+,M,D
2002,Lightning,OUTDOOR,40-64,M,D
2002,Lightning,OUTDOOR,0-17,M,D
2002,Lightning,OUTDOOR,18-39,F,D
2002,Lightning,OUTDOOR,65+,M,D
2002,Lightning,OUTDOOR,0-17,F,D
2002,Lightning,OUTDOOR,0-17,M,D
2002,Lightning,OUTDOOR,18-39,F,D
2002,Lightning,OTHER,18-39,M,D
2002,Lightning,OUTDOOR,40-64,M,D
2002,Lightning,PUBLIC,18-39,M,D
2002,Lightning,OUTDOOR,40-64,M,D
2002,Lightning,OUTDOOR,65+,M,D
2002,Rip Current,WATER,18-39,M,D
2002,Rip Current,WATER,18-39,M,D
2002,Rip Current,WATER,18-39,M,D
2002,Rip Current,WATER,18-39,F,D
2002,Rip Current,WATER,40-64,M,D
2002,Rip Current,WATER,40-64,M,D
2002,Rip Current,WATER,40-64,M,D
2002,Rip Current,WATER,18-39,M,D
2002,Rip Current,WATER,18-39,M,D
2002,Rip Current,WATER,65+,M,D
2002,Rip Current,WATER,40-64,M,D
2002,Rip Current,WATER,18-39,M,D
2002,Rip Current,WATER,40-64,M,D
2002,Rip Current,WATER,18-39,M,D
2002,Rip Current,WATER,18-39,F,D
2002,Rip Current,WATER,18-39,M,D
2002,Rip Current,WATER,18-39,M,D
2002,Rip Current,WATER,unknown,M,D
2002,Rip Current,WATER,18-39,M,D
2002,Rip Current,WATER,18-39,M,D
2002,Rip Current,WATER,0-17,M,D
2002,Rip Current,WATER,65+,M,D
2002,Rip Current,WATER,40-64,M,D
2002,Rip Current,WATER,40-64,M,D
2002,Rip Current,WATER,18-39,M,D
2002,Rip Current,WATER,unknown,M,D
2002,Rip Current,WATER,40-64,M,D
2002,Rip Current,WATER,unknown,M,D
2002,Rip Current,WATER,18-39,M,D
2002,Rip Current,WATER,40-64,M,D
2002,Rip Current,WATER,18-39,M,D
2002,Rip Current,WATER,65+,M,D
2002,Rip Current,WATER,40-64,M,D
2002,Rip Current,WATER,40-64,M,D
2002,Rip Current,WATER,40-64,M,D
2002,Rip Current,WATER,18-39,M,D
2002,Rip Current,WATER,40-64,M,D
2002,Rip Current,WATER,18-39,M,D
2002,Rip Current,WATER,65+,M,D
2002,Rip Current,WATER,18-39,M,D
2002,Strong Wind,OUTDOOR,40-64,M,D
2002,Strong Wind,PUBLIC,18-39,M,D
2002,Thunderstorm Wind,OTHER,40-64,M,D
2002,Thunderstorm Wind,VEHICLE,18-39,M,D
2002,Thunderstorm Wind,VEHICLE,unknown,M,D
2002,Thunderstorm Wind,VEHICLE,18-39,M,D
2002,Thunderstorm Wind,VEHICLE,40-64,F,D
2002,Thunderstorm Wind,OUTDOOR,0-17,M,D
2002,Thunderstorm Wind,OUTDOOR,0-17,M,D
2002,Thunderstorm Wind,WATER,40-64,M,D
2002,Thunderstorm Wind,OUTDOOR,65+,F,D
2002,Thunderstorm Wind,VEHICLE,65+,M,D
2002,Thunderstorm Wind,PUBLIC,18-39,F,D
2002,Thunderstorm Wind,VEHICLE,65+,M,D
2002,Thunderstorm Wind,VEHICLE,0-17,F,D
2002,Thunderstorm Wind,VEHICLE,40-64,M,D
2002,Thunderstorm Wind,OUTDOOR,18-39,F,D
2002,Thunderstorm Wind,WATER,40-64,M,D
2002,Tornado,MH,40-64,F,D
2002,Tornado,RES,40-64,M,D
2002,Tornado,MH,18-39,M,D
2002,Tornado,MH,40-64,M,D
2002,Tornado,MH,18-39,F,D
2002,Tornado,OUTDOOR,40-64,F,D
2002,Tornado,RES,65+,M,D
2002,Tornado,MH,40-64,M,D
2002,Tornado,MH,40-64,M,D
2002,Tornado,RES,65+,F,D
2002,Tornado,MH,65+,F,D
2002,Tornado,MH,18-39,F,D
2002,Tornado,RES,18-39,F,D
2002,Tornado,MH,65+,F,D
2002,Tornado,RES,40-64,F,D
2002,Tornado,MH,18-39,F,D
2002,Tornado,RES,65+,F,D
2002,Tornado,MH,40-64,M,D
2002,Tornado,MH,0-17,M,D
2002,Tornado,MH,40-64,F,D
2002,Tornado,MH,40-64,M,D
2002,Tornado,MH,65+,M,D
2002,Tornado,MH,0-17,F,D
2002,Tornado,MH,18-39,F,D
2002,Tornado,MH,65+,F,D
2002,Tornado,MH,40-64,M,D
2002,Tornado,RES,40-64,M,D
2002,Tornado,MH,65+,F,D
2002,Tornado,MH,40-64,F,D
2002,Tornado,PUBLIC,unknown,M,D
2002,Tornado,MH,18-39,F,D
2002,Tornado,MH,65+,F,D
2002,Tornado,MH,40-64,M,D
2002,Tornado,MH,40-64,M,D
2002,Tornado,OUTDOOR,40-64,M,D
2002,Tornado,MH,0-17,F,D
2002,Tornado,MH,18-39,F,D
2002,Tornado,RES,65+,M,D
2002,Tornado,MH,40-64,F,D
2002,Tornado,MH,40-64,M,D
2002,Tornado,OUTDOOR,40-64,M,D
2002,Tornado,RES,18-39,M,D
2002,Tornado,VEHICLE,18-39,M,D
2002,Tornado,RES,65+,M,D
2002,Tornado,RES,40-64,M,D
2002,Tornado,VEHICLE,65+,F,D
2002,Tornado,RES,0-17,M,D
2002,Tornado,MH,40-64,M,D
2002,Tornado,MH,65+,F,D
2002,Tornado,MH,65+,M,D
2002,Tornado,RES,65+,M,D
2002,Tornado,RES,65+,F,D
2002,Tornado,RES,40-64,M,D
2002,Tornado,VEHICLE,0-17,F,D
2002,Tornado,VEHICLE,40-64,M,D
2002,Tropical Storm,VEHICLE,40-64,M,D
2002,Wildfire,OUTDOOR,65+,M,D
2002,Winter Storm,VEHICLE,65+,F,D
2002,Winter Storm,VEHICLE,40-64,M,D
2002,Winter Storm,OUTDOOR,40-64,M,D
2002,Winter Storm,VEHICLE,18-39,M,D
2002,Winter Storm,OUTDOOR,unknown,M,D
2002,Winter Weather,VEHICLE,18-39,F,D
2003,Avalanche,OUTDOOR,18-39,M,D
2003,Avalanche,OUTDOOR,18-39,F,D
2003,Avalanche,OUTDOOR,18-39,M,D
2003,Avalanche,OUTDOOR,18-39,M,D
2003,Avalanche,OUTDOOR,18-39,M,D
2003,Avalanche,OUTDOOR,40-64,M,D
2003,Avalanche,OUTDOOR,18-39,F,D
2003,Avalanche,OUTDOOR,18-39,M,D
2003,Avalanche,OUTDOOR,40-64,M,D
2003,Avalanche,OUTDOOR,18-39,M,D
2003,Cold/Wind Chill,RES,65+,M,D
2003,Cold/Wind Chill,OUTDOOR,65+,M,D
2003,Cold/Wind Chill,RES,65+,M,D
2003,Cold/Wind Chill,OTHER,40-64,F,D
2003,Cold/Wind Chill,OTHER,40-64,M,D
2003,Cold/Wind Chill,OUTDOOR,65+,M,D
2003,Cold/Wind Chill,OUTDOOR,65+,F,D
2003,Cold/Wind Chill,OTHER,65+,F,D
2003,Cold/Wind Chill,OUTDOOR,0-17,F,D
2003,Cold/Wind Chill,VEHICLE,18-39,M,D
2003,Cold/Wind Chill,OTHER,unknown,F,D
2003,Cold/Wind Chill,RES,65+,F,D
2003,Cold/Wind Chill,OUTDOOR,40-64,M,D
2003,Cold/Wind Chill,RES,65+,F,D
2003,Debris Flow,OUTDOOR,0-17,F,D
2003,Debris Flow,PUBLIC,0-17,M,D
2003,Debris Flow,OUTDOOR,0-17,M,D
2003,Debris Flow,OUTDOOR,0-17,M,D
2003,Debris Flow,PUBLIC,18-39,M,D
2003,Debris Flow,PUBLIC,18-39,M,D
2003,Debris Flow,PUBLIC,40-64,F,D
2003,Debris Flow,PUBLIC,40-64,M,D
2003,Debris Flow,PUBLIC,40-64,F,D
2003,Debris Flow,VEHICLE,0-17,M,D
2003,Debris Flow,OUTDOOR,0-17,M,D
2003,Debris Flow,OUTDOOR,0-17,M,D
2003,Debris Flow,OUTDOOR,0-17,F,D
2003,Debris Flow,PUBLIC,0-17,F,D
2003,Debris Flow,PUBLIC,0-17,F,D
2003,Dense Fog,OTHER,18-39,M,D
2003,Dense Fog,OTHER,40-64,M,D
2003,Dense Fog,VEHICLE,40-64,F,D
2003,Dense Fog,VEHICLE,18-39,M,D
2003,Dense Fog,VEHICLE,0-17,F,D
2003,Dust Devil,PUBLIC,40-64,M,D
2003,Dust Storm,VEHICLE,0-17,F,D
2003,Dust Storm,VEHICLE,0-17,F,D
2003,Extreme Cold/Wind Chill,OUTDOOR,65+,F,D
2003,Extreme Cold/Wind Chill,OUTDOOR,65+,F,D
2003,Extreme Cold/Wind Chill,OUTDOOR,40-64,M,D
2003,Extreme Cold/Wind Chill,OUTDOOR,40-64,M,D
2003,Extreme Cold/Wind Chill,OUTDOOR,18-39,F,D
2003,Extreme Cold/Wind Chill,OUTDOOR,40-64,M,D
2003,Flash Flood,WATER,0-17,F,D
2003,Flash Flood,WATER,0-17,M,D
2003,Flash Flood,WATER,0-17,F,D
2003,Flash Flood,WATER,18-39,M,D
2003,Flash Flood,WATER,0-17,M,D
2003,Flash Flood,VEHICLE,0-17,F,D
2003,Flash Flood,VEHICLE,40-64,M,D
2003,Flash Flood,WATER,18-39,F,D
2003,Flash Flood,WATER,18-39,M,D
2003,Flash Flood,VEHICLE,18-39,F,D
2003,Flash Flood,OUTDOOR,0-17,M,D
2003,Flash Flood,VEHICLE,0-17,M,D
2003,Flash Flood,VEHICLE,18-39,M,D
2003,Flash Flood,WATER,18-39,F,D
2003,Flash Flood,VEHICLE,18-39,M,D
2003,Flash Flood,VEHICLE,40-64,M,D
2003,Flash Flood,VEHICLE,40-64,M,D
2003,Flash Flood,OUTDOOR,0-17,M,D
2003,Flash Flood,VEHICLE,0-17,M,D
2003,Flash Flood,VEHICLE,18-39,F,D
2003,Flash Flood,OTHER,18-39,M,D
2003,Flash Flood,OUTDOOR,18-39,M,D
2003,Flash Flood,WATER,40-64,F,D
2003,Flash Flood,OUTDOOR,40-64,F,D
2003,Flash Flood,VEHICLE,0-17,M,D
2003,Flash Flood,OTHER,40-64,M,D
2003,Flash Flood,OUTDOOR,40-64,M,D
2003,Flash Flood,OUTDOOR,0-17,M,D
2003,Flash Flood,RES,unknown,M,D
2003,Flash Flood,VEHICLE,0-17,F,D
2003,Flash Flood,OUTDOOR,18-39,M,D
2003,Flash Flood,WATER,0-17,M,D
2003,Flash Flood,VEHICLE,18-39,F,D
2003,Flash Flood,VEHICLE,18-39,M,D
2003,Flash Flood,WATER,18-39,M,D
2003,Flash Flood,OUTDOOR,18-39,M,D
2003,Flash Flood,VEHICLE,65+,F,D
2003,Flash Flood,VEHICLE,unknown,M,D
2003,Flash Flood,RES,40-64,M,D
2003,Flash Flood,RES,18-39,M,D
2003,Flash Flood,VEHICLE,40-64,F,D
2003,Flash Flood,OUTDOOR,18-39,M,D
2003,Flash Flood,WATER,0-17,M,D
2003,Flash Flood,VEHICLE,40-64,F,D
2003,Flash Flood,MH,18-39,F,D
2003,Flash Flood,MH,0-17,M,D
2003,Flash Flood,VEHICLE,18-39,F,D
2003,Flash Flood,VEHICLE,40-64,M,D
2003,Flash Flood,VEHICLE,65+,M,D
2003,Flash Flood,WATER,0-17,F,D
2003,Flash Flood,VEHICLE,18-39,F,D
2003,Flash Flood,VEHICLE,40-64,M,D
2003,Flash Flood,WATER,18-39,F,D
2003,Flash Flood,WATER,18-39,M,D
2003,Flood,WATER,40-64,M,D
2003,Flood,VEHICLE,0-17,M,D
2003,Flood,MH,0-17,F,D
2003,Flood,VEHICLE,40-64,F,D
2003,Flood,MH,0-17,M,D
2003,Flood,WATER,65+,F,D
2003,Flood,OUTDOOR,65+,M,D
2003,Flood,VEHICLE,unknown,M,D
2003,Flood,VEHICLE,0-17,M,D
2003,Flood,VEHICLE,65+,M,D
2003,Flood,VEHICLE,0-17,F,D
2003,Flood,OUTDOOR,18-39,M,D
2003,Flood,VEHICLE,0-17,F,D
2003,Flood,WATER,18-39,M,D
2003,Flood,WATER,18-39,M,D
2003,Flood,WATER,40-64,M,D
2003,Hail,RES,40-64,F,D
2003,Hail,VEHICLE,65+,M,D
2003,Hail,RES,65+,M,D
2003,Hail,VEHICLE,40-64,F,D
2003,Hail,VEHICLE,40-64,M,D
2003,Hail,OUTDOOR,18-39,F,D
2003,Hail,RES,40-64,M,D
2003,Hail,VEHICLE,40-64,M,D
2003,Heat,RES,65+,M,D
2003,Heat,OUTDOOR,40-64,M,D
2003,Heat,OTHER,65+,M,D
2003,Heat,OTHER,65+,M,D
2003,Heat,RES,65+,F,D
2003,Heat,RES,65+,M,D
2003,Heat,RES,65+,M,D
2003,Heat,RES,65+,M,D
2003,Heat,OUTDOOR,40-64,M,D
2003,Heat,OUTDOOR,40-64,M,D
2003,Heat,OUTDOOR,unknown,F,D
2003,Heat,OUTDOOR,0-17,F,D
2003,Heat,VEHICLE,0-17,F,D
2003,Heat,RES,18-39,M,D
2003,Heat,OUTDOOR,unknown,M,D
2003,Heat,OUTDOOR,40-64,M,D
2003,Heat,OTHER,65+,F,D
2003,Heat,OUTDOOR,18-39,M,D
2003,Heat,OTHER,65+,F,D
2003,Heat,OUTDOOR,40-64,M,D
2003,Heat,OTHER,65+,F,D
2003,Heat,RES,65+,F,D
2003,Heat,RES,65+,F,D
2003,Heat,RES,65+,M,D
2003,Heat,RES,18-39,M,D
2003,Heat,OUTDOOR,40-64,M,D
2003,Heat,RES,65+,M,D
2003,Heat,RES,65+,F,D
2003,Heat,RES,40-64,M,D
2003,Heat,OUTDOOR,40-64,M,D
2003,Heat,RES,65+,M,D
2003,Heat,RES,65+,F,D
2003,Heat,RES,65+,F,D
2003,Heat,OUTDOOR,unknown,M,D
2003,Heat,OUTDOOR,18-39,M,D
2003,Heat,OUTDOOR,unknown,M,D
2003,Heavy Rain,VEHICLE,0-17,M,D
2003,Heavy Rain,VEHICLE,18-39,F,D
2003,Heavy Rain,WATER,40-64,M,D
2003,Heavy Rain,VEHICLE,0-17,M,D
2003,Heavy Rain,WATER,0-17,M,D
2003,Heavy Rain,VEHICLE,40-64,F,D
2003,Heavy Rain,VEHICLE,0-17,F,D
2003,Heavy Rain,VEHICLE,40-64,F,D
2003,Heavy Rain,OTHER,0-17,M,D
2003,Heavy Snow,VEHICLE,18-39,M,D
2003,High Surf,WATER,unknown,M,D
2003,High Surf,WATER,0-17,F,D
2003,High Surf,WATER,40-64,M,D
2003,High Surf,WATER,40-64,M,D
2003,High Surf,WATER,40-64,F,D
2003,High Surf,WATER,40-64,M,D
2003,High Surf,WATER,40-64,M,D
2003,High Surf,OTHER,65+,M,D
2003,High Surf,WATER,40-64,M,D
2003,High Surf,WATER,unknown,M,D
2003,High Surf,WATER,65+,M,D
2003,High Surf,WATER,unknown,M,D
2003,High Wind,VEHICLE,unknown,unknown,D
2003,High Wind,VEHICLE,unknown,F,D
2003,High Wind,VEHICLE,18-39,M,D
2003,High Wind,VEHICLE,40-64,F,D
2003,High Wind,VEHICLE,18-39,F,D
2003,High Wind,MH,18-39,M,D
2003,High Wind,OUTDOOR,40-64,F,D
2003,High Wind,VEHICLE,40-64,M,D
2003,High Wind,VEHICLE,unknown,M,D
2003,High Wind,VEHICLE,unknown,unknown,D
2003,High Wind,VEHICLE,40-64,M,D
2003,High Wind,VEHICLE,65+,M,D
2003,High Wind,PUBLIC,40-64,M,D
2003,High Wind,VEHICLE,40-64,M,D
2003,High Wind,OUTDOOR,18-39,F,D
2003,Hurricane (Typhoon),OUTDOOR,40-64,M,D
2003,Hurricane (Typhoon),OUTDOOR,40-64,M,D
2003,Hurricane (Typhoon),VEHICLE,40-64,M,D
2003,Hurricane (Typhoon),MH,40-64,M,D
2003,Hurricane (Typhoon),VEHICLE,18-39,F,D
2003,Hurricane (Typhoon),VEHICLE,40-64,M,D
2003,Ice Storm,VEHICLE,40-64,F,D
2003,Ice Storm,OUTDOOR,65+,M,D
2003,Ice Storm,VEHICLE,18-39,F,D
2003,Ice Storm,VEHICLE,40-64,F,D
2003,Ice Storm,OUTDOOR,65+,M,D
2003,Ice Storm,VEHICLE,40-64,F,D
2003,Lightning,OUTDOOR,40-64,F,D
2003,Lightning,OUTDOOR,40-64,M,D
2003,Lightning,OUTDOOR,18-39,M,D
2003,Lightning,WATER,40-64,M,D
2003,Lightning,OTHER,unknown,M,D
2003,Lightning,WATER,40-64,M,D
2003,Lightning,OUTDOOR,18-39,F,D
2003,Lightning,WATER,65+,M,D
2003,Lightning,OUTDOOR,18-39,M,D
2003,Lightning,OUTDOOR,18-39,M,D
2003,Lightning,OUTDOOR,40-64,M,D
2003,Lightning,OUTDOOR,0-17,M,D
2003,Lightning,OUTDOOR,18-39,F,D
2003,Lightning,OUTDOOR,18-39,M,D
2003,Lightning,OUTDOOR,40-64,F,D
2003,Lightning,OUTDOOR,40-64,M,D
2003,Lightning,OUTDOOR,18-39,M,D
2003,Lightning,VEHICLE,0-17,M,D
2003,Lightning,OUTDOOR,18-39,F,D
2003,Lightning,OUTDOOR,18-39,M,D
2003,Lightning,OTHER,18-39,M,D
2003,Lightning,OUTDOOR,18-39,F,D
2003,Lightning,WATER,18-39,M,D
2003,Lightning,OUTDOOR,40-64,M,D
2003,Lightning,OUTDOOR,40-64,F,D
2003,Lightning,OUTDOOR,18-39,M,D
2003,Lightning,OUTDOOR,40-64,M,D
2003,Lightning,PUBLIC,0-17,M,D
2003,Lightning,RES,40-64,M,D
2003,Lightning,VEHICLE,18-39,M,D
2003,Lightning,VEHICLE,18-39,F,D
2003,Lightning,VEHICLE,0-17,M,D
2003,Lightning,OUTDOOR,18-39,M,D
2003,Lightning,OUTDOOR,18-39,M,D
2003,Lightning,OUTDOOR,40-64,M,D
2003,Lightning,OUTDOOR,40-64,M,D
2003,Lightning,OUTDOOR,18-39,M,D
2003,Lightning,OUTDOOR,65+,M,D
2003,Lightning,OUTDOOR,0-17,F,D
2003,Lightning,OUTDOOR,18-39,M,D
2003,Lightning,OUTDOOR,40-64,M,D
2003,Rip Current,WATER,0-17,M,D
2003,Rip Current,WATER,18-39,M,D
2003,Rip Current,WATER,18-39,M,D
2003,Rip Current,WATER,18-39,F,D
2003,Rip Current,WATER,0-17,F,D
2003,Rip Current,WATER,0-17,M,D
2003,Rip Current,WATER,18-39,F,D
2003,Rip Current,WATER,40-64,M,D
2003,Rip Current,WATER,18-39,M,D
2003,Rip Current,WATER,18-39,F,D
2003,Rip Current,WATER,40-64,F,D
2003,Rip Current,WATER,40-64,M,D
2003,Rip Current,WATER,40-64,M,D
2003,Rip Current,WATER,40-64,M,D
2003,Rip Current,WATER,18-39,M,D
2003,Rip Current,WATER,40-64,M,D
2003,Rip Current,WATER,65+,M,D
2003,Rip Current,WATER,18-39,M,D
2003,Rip Current,WATER,40-64,M,D
2003,Rip Current,WATER,18-39,M,D
2003,Rip Current,WATER,18-39,M,D
2003,Rip Current,WATER,40-64,M,D
2003,Rip Current,WATER,18-39,F,D
2003,Rip Current,WATER,40-64,M,D
2003,Rip Current,WATER,18-39,M,D
2003,Rip Current,WATER,18-39,M,D
2003,Rip Current,WATER,18-39,M,D
2003,Rip Current,WATER,18-39,M,D
2003,Rip Current,WATER,18-39,M,D
2003,Rip Current,WATER,65+,M,D
2003,Rip Current,WATER,0-17,M,D
2003,Rip Current,WATER,18-39,M,D
2003,Rip Current,WATER,18-39,M,D
2003,Rip Current,WATER,18-39,M,D
2003,Rip Current,WATER,18-39,M,D
2003,Rip Current,WATER,40-64,M,D
2003,Rip Current,WATER,65+,M,D
2003,Rip Current,WATER,18-39,M,D
2003,Rip Current,WATER,18-39,M,D
2003,Strong Wind,WATER,0-17,M,D
2003,Strong Wind,OUTDOOR,65+,F,D
2003,Strong Wind,VEHICLE,40-64,M,D
2003,Strong Wind,OUTDOOR,18-39,M,D
2003,Strong Wind,VEHICLE,40-64,F,D
2003,Strong Wind,VEHICLE,65+,M,D
2003,Strong Wind,WATER,0-17,M,D
2003,Strong Wind,OTHER,18-39,M,D
2003,Strong Wind,VEHICLE,40-64,F,D
2003,Thunderstorm Wind,VEHICLE,18-39,M,D
2003,Thunderstorm Wind,OUTDOOR,18-39,M,D
2003,Thunderstorm Wind,MH,18-39,M,D
2003,Thunderstorm Wind,OUTDOOR,40-64,F,D
2003,Thunderstorm Wind,VEHICLE,18-39,M,D
2003,Thunderstorm Wind,VEHICLE,18-39,M,D
2003,Thunderstorm Wind,OUTDOOR,40-64,M,D
2003,Thunderstorm Wind,PUBLIC,unknown,M,D
2003,Thunderstorm Wind,RES,65+,M,D
2003,Thunderstorm Wind,OUTDOOR,18-39,F,D
2003,Thunderstorm Wind,OUTDOOR,18-39,F,D
2003,Thunderstorm Wind,OUTDOOR,65+,F,D
2003,Thunderstorm Wind,VEHICLE,18-39,M,D
2003,Thunderstorm Wind,RES,18-39,M,D
2003,Thunderstorm Wind,OUTDOOR,unknown,M,D
2003,Thunderstorm Wind,MH,40-64,M,D
2003,Thunderstorm Wind,VEHICLE,40-64,F,D
2003,Tornado,MH,18-39,M,D
2003,Tornado,RES,18-39,F,D
2003,Tornado,MH,40-64,M,D
2003,Tornado,MH,65+,F,D
2003,Tornado,MH,18-39,F,D
2003,Tornado,RES,0-17,M,D
2003,Tornado,MH,0-17,M,D
2003,Tornado,MH,0-17,M,D
2003,Tornado,VEHICLE,0-17,F,D
2003,Tornado,MH,18-39,F,D
2003,Tornado,MH,18-39,F,D
2003,Tornado,MH,18-39,F,D
2003,Tornado,RES,40-64,F,D
2003,Tornado,MH,18-39,M,D
2003,Tornado,MH,40-64,F,D
2003,Tornado,MH,40-64,F,D
2003,Tornado,MH,40-64,M,D
2003,Tornado,OTHER,65+,M,D
2003,Tornado,MH,40-64,M,D
2003,Tornado,MH,40-64,F,D
2003,Tornado,RES,40-64,F,D
2003,Tornado,RES,65+,M,D
2003,Tornado,RES,65+,F,D
2003,Tornado,MH,40-64,F,D
2003,Tornado,RES,65+,M,D
2003,Tornado,RES,65+,M,D
2003,Tornado,RES,65+,F,D
2003,Tornado,MH,40-64,M,D
2003,Tornado,RES,65+,M,D
2003,Tornado,RES,65+,F,D
2003,Tornado,OUTDOOR,18-39,M,D
2003,Tornado,RES,65+,M,D
2003,Tornado,RES,40-64,F,D
2003,Tornado,RES,40-64,M,D
2003,Tornado,RES,40-64,F,D
2003,Tornado,OUTDOOR,40-64,F,D
2003,Tornado,RES,65+,M,D
2003,Tornado,MH,40-64,F,D
2003,Tornado,OTHER,40-64,M,D
2003,Tornado,MH,0-17,M,D
2003,Tornado,RES,40-64,F,D
2003,Tornado,MH,18-39,F,D
2003,Tornado,MH,0-17,M,D
2003,Tornado,RES,40-64,M,D
2003,Tornado,MH,0-17,M,D
2003,Tornado,RES,65+,F,D
2003,Tornado,MH,65+,F,D
2003,Tornado,RES,65+,M,D
2003,Tornado,MH,65+,M,D
2003,Tornado,MH,40-64,M,D
2003,Tornado,OUTDOOR,65+,F,D
2003,Tropical Storm,WATER,40-64,M,D
2003,Tropical Storm,OUTDOOR,0-17,M,D
2003,Tropical Storm,WATER,18-39,M,D
2003,Tropical Storm,RES,40-64,F,D
2003,Tropical Storm,WATER,40-64,M,D
2003,Tropical Storm,OUTDOOR,18-39,M,D
2003,Wildfire,OUTDOOR,40-64,F,D
2003,Wildfire,RES,0-17,F,D
2003,Wildfire,VEHICLE,18-39,M,D
2003,Wildfire,VEHICLE,40-64,M,D
2003,Wildfire,VEHICLE,40-64,F,D
2003,Wildfire,RES,40-64,F,D
2003,Wildfire,VEHICLE,18-39,M,D
2003,Wildfire,OUTDOOR,18-39,F,D
2003,Wildfire,OUTDOOR,40-64,M,D
2003,Wildfire,OUTDOOR,18-39,M,D
2003,Wildfire,OUTDOOR,40-64,F,D
2003,Wildfire,OUTDOOR,40-64,F,D
2003,Wildfire,OUTDOOR,40-64,F,D
2003,Wildfire,OUTDOOR,18-39,M,D
2003,Wildfire,OUTDOOR,65+,M,D
2003,Wildfire,OUTDOOR,40-64,M,D
2003,Wildfire,OUTDOOR,65+,M,D
2003,Wildfire,VEHICLE,40-64,M,D
2003,Wildfire,VEHICLE,0-17,F,D
2003,Wildfire,OUTDOOR,unknown,M,D
2003,Wildfire,RES,65+,M,D
2003,Wildfire,RES,65+,M,D
2003,Wildfire,OUTDOOR,40-64,F,D
2003,Wildfire,OUTDOOR,unknown,M,D
2003,Winter Storm,VEHICLE,18-39,M,D
2003,Winter Storm,OUTDOOR,unknown,M,D
2003,Winter Storm,OUTDOOR,65+,F,D
2003,Winter Storm,OUTDOOR,18-39,M,D
2003,Winter Storm,OUTDOOR,65+,F,D
2003,Winter Storm,VEHICLE,unknown,M,D
2003,Winter Storm,VEHICLE,40-64,M,D
2003,Winter Storm,VEHICLE,65+,F,D
2003,Winter Storm,OUTDOOR,40-64,F,D
2003,Winter Storm,VEHICLE,40-64,M,D
2003,Winter Storm,VEHICLE,65+,M,D
2003,Winter Storm,VEHICLE,18-39,F,D
2003,Winter Storm,VEHICLE,unknown,M,D
2003,Winter Storm,VEHICLE,40-64,M,D
2003,Winter Storm,VEHICLE,0-17,M,D
2003,Winter Storm,OUTDOOR,65+,F,D
2003,Winter Storm,VEHICLE,18-39,F,D
2003,Winter Weather,OTHER,unknown,M,D
2003,Winter Weather,VEHICLE,18-39,F,D
2003,Winter Weather,VEHICLE,40-64,M,D
2003,Winter Weather,VEHICLE,40-64,F,D
2004,Avalanche,OUTDOOR,18-39,M,D
2004,Avalanche,RES,40-64,F,D
2004,Avalanche,OUTDOOR,18-39,M,D
2004,Avalanche,OUTDOOR,18-39,M,D
2004,Avalanche,OUTDOOR,40-64,M,D
2004,Avalanche,OUTDOOR,18-39,M,D
2004,Avalanche,OUTDOOR,40-64,M,D
2004,Avalanche,OUTDOOR,40-64,M,D
2004,Avalanche,OUTDOOR,18-39,M,D
2004,Avalanche,RES,40-64,M,D
2004,Avalanche,OUTDOOR,18-39,M,D
2004,Avalanche,OUTDOOR,18-39,M,D
2004,Blizzard,OUTDOOR,18-39,M,D
2004,Cold/Wind Chill,RES,40-64,M,D
2004,Cold/Wind Chill,OUTDOOR,40-64,M,D
2004,Cold/Wind Chill,OUTDOOR,40-64,M,D
2004,Cold/Wind Chill,VEHICLE,65+,M,D
2004,Cold/Wind Chill,OUTDOOR,65+,F,D
2004,Cold/Wind Chill,RES,18-39,F,D
2004,Cold/Wind Chill,OUTDOOR,65+,M,D
2004,Cold/Wind Chill,OUTDOOR,40-64,M,D
2004,Cold/Wind Chill,OUTDOOR,40-64,M,D
2004,Cold/Wind Chill,OUTDOOR,40-64,M,D
2004,Cold/Wind Chill,RES,65+,F,D
2004,Cold/Wind Chill,OUTDOOR,unknown,M,D
2004,Cold/Wind Chill,RES,40-64,M,D
2004,Cold/Wind Chill,OUTDOOR,unknown,F,D
2004,Cold/Wind Chill,OUTDOOR,18-39,M,D
2004,Cold/Wind Chill,RES,65+,F,D
2004,Cold/Wind Chill,RES,65+,M,D
2004,Cold/Wind Chill,OUTDOOR,40-64,M,D
2004,Cold/Wind Chill,OUTDOOR,65+,F,D
2004,Cold/Wind Chill,RES,65+,F,D
2004,Cold/Wind Chill,OUTDOOR,65+,F,D
2004,Cold/Wind Chill,OUTDOOR,0-17,M,D
2004,Cold/Wind Chill,RES,65+,F,D
2004,Cold/Wind Chill,OUTDOOR,40-64,M,D
2004,Cold/Wind Chill,RES,unknown,M,D
2004,Cold/Wind Chill,OUTDOOR,40-64,M,D
2004,Cold/Wind Chill,RES,65+,F,D
2004,Debris Flow,RES,40-64,M,D
2004,Debris Flow,RES,40-64,F,D
2004,Debris Flow,RES,40-64,F,D
2004,Debris Flow,RES,0-17,M,D
2004,Dense Fog,VEHICLE,18-39,M,D
2004,Flash Flood,VEHICLE,18-39,F,D
2004,Flash Flood,VEHICLE,40-64,M,D
2004,Flash Flood,VEHICLE,40-64,F,D
2004,Flash Flood,VEHICLE,18-39,F,D
2004,Flash Flood,VEHICLE,40-64,M,D
2004,Flash Flood,WATER,18-39,M,D
2004,Flash Flood,OUTDOOR,40-64,F,D
2004,Flash Flood,OUTDOOR,65+,M,D
2004,Flash Flood,VEHICLE,0-17,M,D
2004,Flash Flood,VEHICLE,0-17,F,D
2004,Flash Flood,VEHICLE,0-17,M,D
2004,Flash Flood,VEHICLE,0-17,F,D
2004,Flash Flood,WATER,18-39,F,D
2004,Flash Flood,WATER,18-39,M,D
2004,Flash Flood,VEHICLE,40-64,F,D
2004,Flash Flood,VEHICLE,65+,F,D
2004,Flash Flood,VEHICLE,40-64,F,D
2004,Flash Flood,WATER,40-64,M,D
2004,Flash Flood,OUTDOOR,18-39,unknown,D
2004,Flash Flood,OTHER,40-64,M,D
2004,Flash Flood,VEHICLE,18-39,M,D
2004,Flash Flood,VEHICLE,18-39,F,D
2004,Flash Flood,VEHICLE,40-64,F,D
2004,Flash Flood,VEHICLE,0-17,M,D
2004,Flash Flood,WATER,0-17,M,D
2004,Flash Flood,VEHICLE,18-39,F,D
2004,Flash Flood,VEHICLE,65+,M,D
2004,Flash Flood,VEHICLE,65+,M,D
2004,Flash Flood,OUTDOOR,18-39,F,D
2004,Flash Flood,VEHICLE,18-39,F,D
2004,Flash Flood,WATER,18-39,M,D
2004,Flash Flood,VEHICLE,65+,M,D
2004,Flash Flood,OUTDOOR,0-17,F,D
2004,Flash Flood,WATER,40-64,M,D
2004,Flash Flood,OUTDOOR,18-39,M,D
2004,Flash Flood,VEHICLE,0-17,F,D
2004,Flash Flood,WATER,40-64,M,D
2004,Flash Flood,WATER,18-39,F,D
2004,Flash Flood,WATER,18-39,M,D
2004,Flash Flood,RES,65+,M,D
2004,Flash Flood,VEHICLE,0-17,F,D
2004,Flash Flood,VEHICLE,0-17,M,D
2004,Flash Flood,VEHICLE,0-17,M,D
2004,Flash Flood,MH,40-64,F,D
2004,Flash Flood,WATER,40-64,F,D
2004,Flash Flood,VEHICLE,unknown,M,D
2004,Flash Flood,VEHICLE,65+,M,D
2004,Flash Flood,VEHICLE,40-64,M,D
2004,Flash Flood,VEHICLE,40-64,M,D
2004,Flash Flood,VEHICLE,65+,M,D
2004,Flood,VEHICLE,18-39,M,D
2004,Flood,WATER,18-39,M,D
2004,Flood,WATER,0-17,F,D
2004,Flood,VEHICLE,18-39,M,D
2004,Flood,VEHICLE,18-39,M,D
2004,Flood,VEHICLE,18-39,F,D
2004,Flood,VEHICLE,40-64,M,D
2004,Flood,VEHICLE,40-64,M,D
2004,Flood,VEHICLE,0-17,F,D
2004,Flood,WATER,0-17,M,D
2004,Flood,WATER,18-39,M,D
2004,Flood,WATER,40-64,M,D
2004,Flood,WATER,0-17,M,D
2004,Flood,OUTDOOR,18-39,M,D
2004,Flood,WATER,65+,M,D
2004,Flood,WATER,65+,M,D
2004,Flood,WATER,unknown,M,D
2004,Flood,WATER,unknown,M,D
2004,Flood,WATER,unknown,M,D
2004,Flood,WATER,unknown,unknown,D
2004,Flood,VEHICLE,65+,F,D
2004,Flood,VEHICLE,0-17,M,D
2004,Flood,OUTDOOR,0-17,F,D
2004,Flood,VEHICLE,18-39,F,D
2004,Flood,OUTDOOR,18-39,M,D
2004,Flood,VEHICLE,18-39,M,D
2004,Heat,RES,40-64,F,D
2004,Heat,RES,40-64,F,D
2004,Heat,OUTDOOR,65+,M,D
2004,Heat,OUTDOOR,40-64,M,D
2004,Heat,VEHICLE,65+,M,D
2004,Heat,RES,40-64,F,D
2004,Heavy Rain,WATER,unknown,F,D
2004,Heavy Rain,WATER,unknown,F,D
2004,Heavy Rain,WATER,40-64,M,D
2004,Heavy Rain,OUTDOOR,40-64,M,D
2004,Heavy Snow,RES,65+,M,D
2004,Heavy Snow,VEHICLE,unknown,F,D
2004,Heavy Snow,VEHICLE,unknown,M,D
2004,High Surf,WATER,40-64,M,D
2004,High Surf,OUTDOOR,40-64,F,D
2004,High Surf,WATER,18-39,M,D
2004,High Surf,WATER,unknown,M,D
2004,High Surf,WATER,18-39,F,D
2004,High Surf,WATER,0-17,M,D
2004,High Surf,WATER,18-39,M,D
2004,High Surf,WATER,18-39,M,D
2004,High Surf,WATER,0-17,M,D
2004,High Surf,WATER,40-64,M,D
2004,High Surf,WATER,40-64,M,D
2004,High Surf,WATER,40-64,F,D
2004,High Surf,WATER,18-39,M,D
2004,High Wind,VEHICLE,18-39,M,D
2004,High Wind,OUTDOOR,18-39,M,D
2004,High Wind,OUTDOOR,unknown,M,D
2004,High Wind,VEHICLE,40-64,M,D
2004,High Wind,RES,40-64,M,D
2004,High Wind,VEHICLE,40-64,M,D
2004,High Wind,VEHICLE,18-39,F,D
2004,High Wind,OUTDOOR,65+,M,D
2004,High Wind,WATER,0-17,M,D
2004,High Wind,VEHICLE,40-64,M,D
2004,High Wind,OUTDOOR,18-39,F,D
2004,High Wind,VEHICLE,40-64,M,D
2004,High Wind,VEHICLE,0-17,F,D
2004,Hurricane (Typhoon),MH,65+,M,D
2004,Hurricane (Typhoon),OTHER,40-64,M,D
2004,Hurricane (Typhoon),RES,18-39,F,D
2004,Hurricane (Typhoon),RES,18-39,F,D
2004,Hurricane (Typhoon),OUTDOOR,18-39,M,D
2004,Hurricane (Typhoon),VEHICLE,40-64,M,D
2004,Hurricane (Typhoon),VEHICLE,40-64,F,D
2004,Hurricane (Typhoon),RES,40-64,F,D
2004,Hurricane (Typhoon),OUTDOOR,40-64,M,D
2004,Hurricane (Typhoon),MH,65+,F,D
2004,Hurricane (Typhoon),RES,40-64,M,D
2004,Hurricane (Typhoon),OUTDOOR,40-64,M,D
2004,Hurricane (Typhoon),OUTDOOR,18-39,M,D
2004,Hurricane (Typhoon),RES,65+,F,D
2004,Hurricane (Typhoon),RES,40-64,M,D
2004,Hurricane (Typhoon),MH,0-17,F,D
2004,Hurricane (Typhoon),RES,40-64,M,D
2004,Hurricane (Typhoon),PUBLIC,65+,M,D
2004,Hurricane (Typhoon),RES,65+,F,D
2004,Hurricane (Typhoon),OTHER,40-64,M,D
2004,Hurricane (Typhoon),RES,65+,F,D
2004,Hurricane (Typhoon),RES,65+,M,D
2004,Hurricane (Typhoon),OTHER,65+,M,D
2004,Lightning,OUTDOOR,18-39,M,D
2004,Lightning,OTHER,65+,M,D
2004,Lightning,OUTDOOR,0-17,M,D
2004,Lightning,WATER,18-39,M,D
2004,Lightning,OUTDOOR,40-64,F,D
2004,Lightning,OUTDOOR,unknown,M,D
2004,Lightning,WATER,18-39,M,D
2004,Lightning,OUTDOOR,40-64,M,D
2004,Lightning,OUTDOOR,40-64,M,D
2004,Lightning,OUTDOOR,40-64,M,D
2004,Lightning,OUTDOOR,18-39,M,D
2004,Lightning,OUTDOOR,18-39,M,D
2004,Lightning,OUTDOOR,18-39,M,D
2004,Lightning,OUTDOOR,0-17,F,D
2004,Lightning,OUTDOOR,unknown,M,D
2004,Lightning,OUTDOOR,40-64,M,D
2004,Lightning,OUTDOOR,65+,F,D
2004,Lightning,WATER,40-64,M,D
2004,Lightning,WATER,unknown,M,D
2004,Lightning,OUTDOOR,40-64,M,D
2004,Lightning,OTHER,18-39,M,D
2004,Lightning,OUTDOOR,18-39,M,D
2004,Lightning,OUTDOOR,18-39,M,D
2004,Lightning,WATER,18-39,M,D
2004,Lightning,OTHER,40-64,M,D
2004,Lightning,OUTDOOR,40-64,F,D
2004,Lightning,OUTDOOR,0-17,M,D
2004,Lightning,OUTDOOR,18-39,F,D
2004,Lightning,PUBLIC,40-64,M,D
2004,Rip Current,WATER,18-39,M,D
2004,Rip Current,WATER,18-39,M,D
2004,Rip Current,WATER,18-39,M,D
2004,Rip Current,WATER,40-64,M,D
2004,Rip Current,WATER,0-17,M,D
2004,Rip Current,WATER,0-17,M,D
2004,Rip Current,WATER,40-64,M,D
2004,Rip Current,WATER,18-39,M,D
2004,Rip Current,OUTDOOR,unknown,F,D
2004,Rip Current,WATER,65+,M,D
2004,Rip Current,WATER,40-64,M,D
2004,Rip Current,WATER,40-64,M,D
2004,Rip Current,WATER,18-39,M,D
2004,Rip Current,WATER,40-64,M,D
2004,Rip Current,WATER,18-39,M,D
2004,Rip Current,WATER,18-39,M,D
2004,Rip Current,WATER,18-39,M,D
2004,Rip Current,WATER,unknown,unknown,D
2004,Rip Current,WATER,18-39,M,D
2004,Rip Current,WATER,18-39,M,D
2004,Rip Current,WATER,0-17,M,D
2004,Rip Current,WATER,40-64,M,D
2004,Rip Current,WATER,40-64,M,D
2004,Strong Wind,VEHICLE,40-64,F,D
2004,Strong Wind,PUBLIC,18-39,M,D
2004,Strong Wind,OUTDOOR,65+,F,D
2004,Strong Wind,VEHICLE,65+,F,D
2004,Strong Wind,OUTDOOR,40-64,M,D
2004,Strong Wind,RES,65+,F,D
2004,Strong Wind,VEHICLE,40-64,M,D
2004,Strong Wind,OUTDOOR,65+,F,D
2004,Strong Wind,VEHICLE,40-64,F,D
2004,Strong Wind,PUBLIC,40-64,M,D
2004,Strong Wind,OUTDOOR,40-64,M,D
2004,Strong Wind,VEHICLE,18-39,F,D
2004,Strong Wind,VEHICLE,40-64,M,D
2004,Thunderstorm Wind,RES,unknown,M,D
2004,Thunderstorm Wind,MH,0-17,F,D
2004,Thunderstorm Wind,VEHICLE,18-39,F,D
2004,Thunderstorm Wind,RES,unknown,F,D
2004,Thunderstorm Wind,VEHICLE,18-39,F,D
2004,Thunderstorm Wind,VEHICLE,unknown,F,D
2004,Thunderstorm Wind,WATER,40-64,M,D
2004,Thunderstorm Wind,OTHER,18-39,M,D
2004,Thunderstorm Wind,RES,0-17,F,D
2004,Thunderstorm Wind,VEHICLE,unknown,M,D
2004,Thunderstorm Wind,VEHICLE,40-64,F,D
2004,Thunderstorm Wind,OUTDOOR,18-39,M,D
2004,Thunderstorm Wind,OUTDOOR,18-39,M,D
2004,Thunderstorm Wind,OUTDOOR,40-64,F,D
2004,Thunderstorm Wind,OUTDOOR,unknown,M,D
2004,Thunderstorm Wind,VEHICLE,40-64,F,D
2004,Thunderstorm Wind,VEHICLE,65+,M,D
2004,Thunderstorm Wind,VEHICLE,65+,M,D
2004,Thunderstorm Wind,WATER,40-64,M,D
2004,Tornado,PUBLIC,65+,F,D
2004,Tornado,RES,unknown,F,D
2004,Tornado,RES,40-64,M,D
2004,Tornado,PUBLIC,65+,M,D
2004,Tornado,RES,65+,F,D
2004,Tornado,RES,40-64,M,D
2004,Tornado,MH,40-64,F,D
2004,Tornado,VEHICLE,18-39,F,D
2004,Tornado,RES,40-64,M,D
2004,Tornado,MH,40-64,M,D
2004,Tornado,MH,65+,F,D
2004,Tornado,PUBLIC,65+,M,D
2004,Tornado,MH,65+,F,D
2004,Tornado,MH,65+,M,D
2004,Tornado,VEHICLE,18-39,M,D
2004,Tornado,RES,65+,F,D
2004,Tornado,PUBLIC,40-64,F,D
2004,Tornado,RES,65+,F,D
2004,Tornado,PUBLIC,65+,F,D
2004,Tornado,RES,18-39,F,D
2004,Tornado,PUBLIC,40-64,M,D
2004,Tornado,RES,unknown,M,D
2004,Tornado,RES,18-39,F,D
2004,Tornado,RES,40-64,M,D
2004,Tornado,OUTDOOR,18-39,M,D
2004,Tornado,RES,65+,M,D
2004,Tornado,PUBLIC,40-64,F,D
2004,Tornado,MH,18-39,M,D
2004,Tornado,RES,40-64,F,D
2004,Tornado,RES,65+,F,D
2004,Tornado,MH,0-17,F,D
2004,Tornado,MH,18-39,M,D
2004,Tornado,PUBLIC,40-64,M,D
2004,Tornado,RES,40-64,M,D
2004,Tornado,PUBLIC,18-39,M,D
2004,Tornado,PUBLIC,40-64,M,D
2004,Tropical Storm,RES,65+,F,D
2004,Tropical Storm,WATER,unknown,M,D
2004,Tropical Storm,OUTDOOR,0-17,M,D
2004,Tropical Storm,VEHICLE,18-39,M,D
2004,Tropical Storm,OUTDOOR,40-64,M,D
2004,Tropical Storm,RES,65+,M,D
2004,Winter Storm,VEHICLE,0-17,F,D
2004,Winter Storm,VEHICLE,40-64,M,D
2004,Winter Storm,VEHICLE,18-39,F,D
2004,Winter Storm,VEHICLE,18-39,M,D
2004,Winter Storm,OUTDOOR,40-64,F,D
2004,Winter Storm,OUTDOOR,40-64,M,D
2004,Winter Storm,OUTDOOR,40-64,M,D
2004,Winter Storm,PUBLIC,40-64,M,D
2004,Winter Storm,VEHICLE,40-64,M,D
2004,Winter Weather,VEHICLE,18-39,F,D
2004,Winter Weather,VEHICLE,0-17,M,D
2004,Winter Weather,VEHICLE,0-17,F,D
2004,Winter Weather,VEHICLE,unknown,unknown,D
2004,Winter Weather,VEHICLE,unknown,unknown,D
2004,Winter Weather,VEHICLE,unknown,unknown,D
2004,Winter Weather,VEHICLE,unknown,unknown,D
2004,Winter Weather,VEHICLE,unknown,unknown,D
2004,Winter Weather,VEHICLE,unknown,unknown,D
2004,Winter Weather,VEHICLE,18-39,M,D
2004,Winter Weather,OUTDOOR,40-64,M,D
2004,Winter Weather,OUTDOOR,18-39,M,D
2004,Winter Weather,VEHICLE,18-39,F,D
2004,Winter Weather,VEHICLE,40-64,M,D
2004,Winter Weather,VEHICLE,18-39,M,D
2005,Avalanche,OUTDOOR,18-39,M,D
2005,Avalanche,OUTDOOR,40-64,M,D
2005,Avalanche,OUTDOOR,18-39,M,D
2005,Avalanche,OUTDOOR,18-39,M,D
2005,Avalanche,OUTDOOR,18-39,M,D
2005,Avalanche,OUTDOOR,18-39,M,D
2005,Avalanche,OUTDOOR,18-39,M,D
2005,Avalanche,OTHER,18-39,M,D
2005,Avalanche,OUTDOOR,18-39,M,D
2005,Avalanche,OUTDOOR,unknown,M,D
2005,Avalanche,OUTDOOR,40-64,M,D
2005,Blizzard,OUTDOOR,65+,M,D
2005,Cold/Wind Chill,RES,65+,M,D
2005,Cold/Wind Chill,OUTDOOR,65+,F,D
2005,Cold/Wind Chill,RES,40-64,M,D
2005,Cold/Wind Chill,OTHER,40-64,M,D
2005,Cold/Wind Chill,OTHER,65+,M,D
2005,Cold/Wind Chill,OTHER,40-64,M,D
2005,Cold/Wind Chill,RES,65+,F,D
2005,Cold/Wind Chill,RES,65+,F,D
2005,Cold/Wind Chill,RES,40-64,M,D
2005,Cold/Wind Chill,OUTDOOR,65+,M,D
2005,Cold/Wind Chill,OUTDOOR,65+,M,D
2005,Cold/Wind Chill,RES,65+,M,D
2005,Cold/Wind Chill,OTHER,65+,M,D
2005,Cold/Wind Chill,RES,65+,M,D
2005,Cold/Wind Chill,OUTDOOR,40-64,F,D
2005,Cold/Wind Chill,RES,65+,M,D
2005,Cold/Wind Chill,OUTDOOR,65+,M,D
2005,Cold/Wind Chill,VEHICLE,40-64,F,D
2005,Cold/Wind Chill,OUTDOOR,40-64,M,D
2005,Cold/Wind Chill,RES,65+,F,D
2005,Cold/Wind Chill,OUTDOOR,40-64,M,D
2005,Cold/Wind Chill,OUTDOOR,40-64,F,D
2005,Cold/Wind Chill,OUTDOOR,65+,F,D
2005,Cold/Wind Chill,RES,65+,F,D
2005,Debris Flow,RES,0-17,F,D
2005,Flash Flood,WATER,unknown,M,D
2005,Flash Flood,VEHICLE,65+,M,D
2005,Flash Flood,WATER,40-64,F,D
2005,Flash Flood,VEHICLE,40-64,M,D
2005,Flash Flood,VEHICLE,0-17,F,D
2005,Flash Flood,VEHICLE,65+,M,D
2005,Flash Flood,RES,0-17,F,D
2005,Flash Flood,MH,40-64,M,D
2005,Flash Flood,VEHICLE,0-17,M,D
2005,Flash Flood,WATER,0-17,F,D
2005,Flash Flood,VEHICLE,65+,F,D
2005,Flash Flood,WATER,65+,F,D
2005,Flash Flood,RES,0-17,F,D
2005,Flash Flood,RES,18-39,F,D
2005,Flash Flood,VEHICLE,40-64,M,D
2005,Flash Flood,RES,0-17,F,D
2005,Flash Flood,VEHICLE,65+,M,D
2005,Flash Flood,RES,18-39,F,D
2005,Flash Flood,RES,40-64,M,D
2005,Flash Flood,RES,40-64,M,D
2005,Flash Flood,WATER,18-39,F,D
2005,Flash Flood,RES,40-64,M,D
2005,Flash Flood,RES,40-64,F,D
2005,Flash Flood,RES,40-64,M,D
2005,Flash Flood,WATER,40-64,F,D
2005,Flash Flood,OUTDOOR,40-64,M,D
2005,Flash Flood,WATER,40-64,M,D
2005,Flash Flood,MH,65+,M,D
2005,Flash Flood,OUTDOOR,40-64,M,D
2005,Flash Flood,VEHICLE,18-39,F,D
2005,Flash Flood,WATER,18-39,M,D
2005,Flash Flood,VEHICLE,65+,F,D
2005,Flash Flood,WATER,0-17,M,D
2005,Flash Flood,WATER,0-17,M,D
2005,Flash Flood,WATER,unknown,M,D
2005,Flood,VEHICLE,40-64,M,D
2005,Flood,VEHICLE,unknown,F,D
2005,Flood,WATER,unknown,M,D
2005,Flood,WATER,unknown,F,D
2005,Flood,WATER,18-39,F,D
2005,Flood,WATER,0-17,M,D
2005,Flood,WATER,unknown,M,D
2005,Flood,MH,65+,F,D
2005,Flood,VEHICLE,unknown,M,D
2005,Flood,OUTDOOR,0-17,F,D
2005,Flood,VEHICLE,40-64,M,D
2005,Flood,VEHICLE,18-39,M,D
2005,Flood,VEHICLE,18-39,M,D
2005,Flood,WATER,18-39,F,D
2005,Flood,VEHICLE,65+,M,D
2005,Funnel Cloud,OUTDOOR,40-64,M,D
2005,Hail,VEHICLE,unknown,unknown,D
2005,Hail,WATER,18-39,M,D
2005,Hail,OUTDOOR,40-64,M,D
2005,Hail,RES,40-64,M,D
2005,Hail,RES,65+,F,D
2005,Heat,VEHICLE,65+,F,D
2005,Heat,OTHER,65+,F,D
2005,Heat,RES,65+,M,D
2005,Heat,RES,65+,F,D
2005,Heat,RES,65+,F,D
2005,Heat,VEHICLE,18-39,M,D
2005,Heat,OTHER,18-39,M,D
2005,Heat,OUTDOOR,65+,M,D
2005,Heat,OTHER,65+,F,D
2005,Heat,OTHER,18-39,M,D
2005,Heat,OTHER,40-64,F,D
2005,Heat,VEHICLE,40-64,F,D
2005,Heat,RES,40-64,F,D
2005,Heat,RES,40-64,M,D
2005,Heat,RES,65+,F,D
2005,Heat,OUTDOOR,65+,F,D
2005,Heat,OTHER,65+,M,D
2005,Heat,RES,65+,F,D
2005,Heat,RES,65+,M,D
2005,Heat,RES,40-64,M,D
2005,Heat,RES,65+,M,D
2005,Heat,RES,40-64,M,D
2005,Heat,RES,40-64,M,D
2005,Heat,RES,65+,M,D
2005,Heat,OTHER,65+,M,D
2005,Heat,OUTDOOR,40-64,F,D
2005,Heat,RES,40-64,M,D
2005,Heat,OUTDOOR,40-64,M,D
2005,Heat,VEHICLE,40-64,M,D
2005,Heat,VEHICLE,65+,F,D
2005,Heat,OUTDOOR,unknown,unknown,D
2005,Heat,OUTDOOR,unknown,unknown,D
2005,Heat,OTHER,65+,F,D
2005,Heat,OUTDOOR,18-39,M,D
2005,Heat,OUTDOOR,unknown,M,D
2005,Heat,OUTDOOR,unknown,unknown,D
2005,Heat,OUTDOOR,18-39,F,D
2005,Heat,OUTDOOR,unknown,M,D
2005,Heat,OUTDOOR,unknown,M,D
2005,Heat,OUTDOOR,40-64,M,D
2005,Heat,OUTDOOR,unknown,unknown,D
2005,Heat,OUTDOOR,unknown,unknown,D
2005,Heat,OUTDOOR,18-39,M,D
2005,Heat,OUTDOOR,18-39,M,D
2005,Heat,OUTDOOR,unknown,M,D
2005,Heat,OUTDOOR,18-39,F,D
2005,Heat,VEHICLE,65+,M,D
2005,Heat,VEHICLE,65+,M,D
2005,Heat,VEHICLE,65+,M,D
2005,Heat,OUTDOOR,40-64,M,D
2005,Heat,OTHER,65+,F,D
2005,Heat,RES,65+,F,D
2005,Heat,RES,40-64,M,D
2005,Heat,OTHER,40-64,M,D
2005,Heat,OTHER,65+,M,D
2005,Heat,RES,65+,M,D
2005,Heat,OTHER,65+,F,D
2005,Heat,RES,65+,F,D
2005,Heat,VEHICLE,40-64,F,D
2005,Heat,VEHICLE,18-39,M,D
2005,Heat,VEHICLE,65+,F,D
2005,Heat,RES,65+,F,D
2005,Heat,VEHICLE,65+,F,D
2005,Heat,OTHER,40-64,M,D
2005,Heat,OTHER,65+,M,D
2005,Heat,VEHICLE,65+,F,D
2005,Heat,MH,65+,F,D
2005,Heat,OUTDOOR,65+,M,D
2005,Heat,OUTDOOR,40-64,M,D
2005,Heat,VEHICLE,65+,M,D
2005,Heat,RES,65+,F,D
2005,Heat,RES,65+,F,D
2005,Heat,RES,65+,M,D
2005,Heat,RES,65+,F,D
2005,Heat,VEHICLE,18-39,F,D
2005,Heat,OTHER,18-39,F,D
2005,Heat,OTHER,65+,F,D
2005,Heat,RES,40-64,M,D
2005,Heat,RES,65+,M,D
2005,Heat,RES,40-64,F,D
2005,Heat,VEHICLE,65+,F,D
2005,Heat,VEHICLE,40-64,M,D
2005,Heat,OTHER,0-17,M,D
2005,Heat,OUTDOOR,40-64,F,D
2005,Heat,OTHER,65+,F,D
2005,Heat,RES,40-64,M,D
2005,Heat,VEHICLE,65+,M,D
2005,Heat,OUTDOOR,65+,F,D
2005,Heat,OUTDOOR,0-17,M,D
2005,Heat,RES,65+,F,D
2005,Heat,VEHICLE,0-17,F,D
2005,Heat,RES,40-64,M,D
2005,Heat,RES,65+,F,D
2005,Heat,RES,65+,M,D
2005,Heat,RES,40-64,F,D
2005,Heat,RES,65+,M,D
2005,Heat,VEHICLE,65+,F,D
2005,Heat,VEHICLE,0-17,F,D
2005,Heat,OUTDOOR,18-39,M,D
2005,Heat,OUTDOOR,unknown,F,D
2005,Heat,OUTDOOR,unknown,unknown,D
2005,Heat,OUTDOOR,unknown,unknown,D
2005,Heat,OUTDOOR,unknown,M,D
2005,Heat,OUTDOOR,unknown,F,D
2005,Heat,OUTDOOR,unknown,unknown,D
2005,Heat,OUTDOOR,unknown,F,D
2005,Heat,OUTDOOR,unknown,unknown,D
2005,Heat,OUTDOOR,40-64,F,D
2005,Heat,OUTDOOR,40-64,M,D
2005,Heat,OUTDOOR,40-64,M,D
2005,Heat,OUTDOOR,40-64,M,D
2005,Heat,VEHICLE,65+,F,D
2005,Heat,RES,65+,M,D
2005,Heat,OUTDOOR,unknown,M,D
2005,Heat,OUTDOOR,40-64,M,D
2005,Heat,RES,65+,F,D
2005,Heat,VEHICLE,65+,M,D
2005,Heat,OUTDOOR,40-64,M,D
2005,Heat,RES,65+,F,D
2005,Heat,RES,65+,F,D
2005,Heat,OTHER,40-64,M,D
2005,Heat,RES,65+,F,D
2005,Heat,OTHER,65+,M,D
2005,Heat,OTHER,65+,M,D
2005,Heat,OTHER,65+,M,D
2005,Heat,OTHER,65+,M,D
2005,Heat,OTHER,65+,M,D
2005,Heat,OTHER,65+,M,D
2005,Heat,OTHER,65+,M,D
2005,Heat,OTHER,65+,M,D
2005,Heat,OTHER,65+,M,D
2005,Heat,OTHER,65+,M,D
2005,Heat,OTHER,65+,M,D
2005,Heat,OTHER,65+,M,D
2005,Heat,OTHER,65+,M,D
2005,Heat,OTHER,65+,M,D
2005,Heat,OTHER,65+,M,D
2005,Heat,OTHER,40-64,M,D
2005,Heat,OTHER,40-64,M,D
2005,Heat,OTHER,40-64,M,D
2005,Heat,OTHER,40-64,M,D
2005,Heat,OTHER,40-64,M,D
2005,Heat,OTHER,40-64,M,D
2005,Heat,OTHER,40-64,M,D
2005,Heat,RES,65+,F,D
2005,Heat,RES,65+,F,D
2005,Heat,RES,65+,M,D
2005,Heat,RES,65+,M,D
2005,Heat,RES,65+,M,D
2005,Heat,RES,65+,M,D
2005,Heat,RES,65+,M,D
2005,Heat,RES,40-64,F,D
2005,Heat,RES,40-64,M,D
2005,Heat,VEHICLE,65+,F,D
2005,Heat,RES,65+,F,D
2005,Heat,RES,40-64,M,D
2005,Heat,RES,65+,F,D
2005,Heat,RES,40-64,F,D
2005,Heavy Rain,OUTDOOR,18-39,F,D
2005,Heavy Rain,WATER,unknown,M,D
2005,Heavy Rain,VEHICLE,unknown,M,D
2005,Heavy Rain,OUTDOOR,40-64,M,D
2005,Heavy Rain,VEHICLE,unknown,M,D
2005,Heavy Rain,OUTDOOR,0-17,M,D
2005,Heavy Rain,VEHICLE,40-64,M,D
2005,Heavy Snow,VEHICLE,40-64,M,D
2005,Heavy Snow,VEHICLE,18-39,M,D
2005,Heavy Snow,OUTDOOR,unknown,M,D
2005,Heavy Snow,OUTDOOR,40-64,F,D
2005,Heavy Snow,OUTDOOR,18-39,M,D
2005,Heavy Snow,OUTDOOR,18-39,M,D
2005,Heavy Snow,VEHICLE,18-39,M,D
2005,High Surf,WATER,40-64,M,D
2005,High Surf,WATER,40-64,M,D
2005,High Surf,WATER,65+,F,D
2005,High Surf,WATER,0-17,M,D
2005,High Wind,VEHICLE,40-64,M,D
2005,High Wind,VEHICLE,40-64,F,D
2005,Hurricane (Typhoon),OTHER,65+,F,D
2005,Hurricane (Typhoon),OTHER,65+,F,D
2005,Hurricane (Typhoon),OTHER,40-64,M,D
2005,Hurricane (Typhoon),OTHER,18-39,F,D
2005,Hurricane (Typhoon),OTHER,40-64,F,D
2005,Hurricane (Typhoon),OTHER,0-17,F,D
2005,Hurricane (Typhoon),OTHER,40-64,M,D
2005,Hurricane (Typhoon),OTHER,65+,M,D
2005,Hurricane (Typhoon),OTHER,65+,F,D
2005,Hurricane (Typhoon),OTHER,40-64,M,D
2005,Hurricane (Typhoon),OTHER,40-64,M,D
2005,Hurricane (Typhoon),OTHER,40-64,F,D
2005,Hurricane (Typhoon),OTHER,65+,F,D
2005,Hurricane (Typhoon),OTHER,40-64,F,D
2005,Hurricane (Typhoon),OTHER,65+,M,D
2005,Hurricane (Typhoon),OTHER,65+,F,D
2005,Hurricane (Typhoon),OTHER,65+,M,D
2005,Hurricane (Typhoon),OTHER,65+,M,D
2005,Hurricane (Typhoon),OTHER,40-64,M,D
2005,Hurricane (Typhoon),OTHER,40-64,M,D
2005,Hurricane (Typhoon),OTHER,40-64,M,D
2005,Hurricane (Typhoon),OTHER,65+,M,D
2005,Hurricane (Typhoon),OTHER,40-64,F,D
2005,Hurricane (Typhoon),OTHER,18-39,F,D
2005,Hurricane (Typhoon),OTHER,40-64,F,D
2005,Hurricane (Typhoon),OTHER,65+,F,D
2005,Hurricane (Typhoon),OTHER,65+,M,D
2005,Hurricane (Typhoon),OTHER,65+,F,D
2005,Hurricane (Typhoon),OTHER,65+,F,D
2005,Hurricane (Typhoon),OTHER,65+,M,D
2005,Hurricane (Typhoon),OTHER,65+,F,D
2005,Hurricane (Typhoon),OTHER,65+,M,D
2005,Hurricane (Typhoon),OTHER,18-39,F,D
2005,Hurricane (Typhoon),OTHER,65+,F,D
2005,Hurricane (Typhoon),OTHER,40-64,F,D
2005,Hurricane (Typhoon),OTHER,65+,F,D
2005,Hurricane (Typhoon),OTHER,65+,M,D
2005,Hurricane (Typhoon),OTHER,65+,F,D
2005,Hurricane (Typhoon),OTHER,65+,F,D
2005,Hurricane (Typhoon),OTHER,65+,M,D
2005,Hurricane (Typhoon),OTHER,65+,F,D
2005,Hurricane (Typhoon),OTHER,40-64,M,D
2005,Hurricane (Typhoon),OTHER,65+,F,D
2005,Hurricane (Typhoon),OTHER,65+,M,D
2005,Hurricane (Typhoon),OTHER,65+,F,D
2005,Hurricane (Typhoon),OTHER,65+,F,D
2005,Hurricane (Typhoon),OTHER,18-39,M,D
2005,Hurricane (Typhoon),OTHER,65+,M,D
2005,Hurricane (Typhoon),OTHER,40-64,M,D
2005,Hurricane (Typhoon),OTHER,65+,M,D
2005,Hurricane (Typhoon),OTHER,65+,F,D
2005,Hurricane (Typhoon),OTHER,65+,M,D
2005,Hurricane (Typhoon),WATER,unknown,M,D
2005,Hurricane (Typhoon),OTHER,65+,F,D
2005,Hurricane (Typhoon),WATER,18-39,M,D
2005,Hurricane (Typhoon),MH,unknown,M,D
2005,Hurricane (Typhoon),OTHER,65+,M,D
2005,Hurricane (Typhoon),OTHER,40-64,F,D
2005,Hurricane (Typhoon),OTHER,65+,M,D
2005,Hurricane (Typhoon),OTHER,40-64,M,D
2005,Hurricane (Typhoon),OTHER,0-17,M,D
2005,Hurricane (Typhoon),OTHER,40-64,M,D
2005,Hurricane (Typhoon),RES,40-64,M,D
2005,Hurricane (Typhoon),RES,40-64,F,D
2005,Hurricane (Typhoon),RES,0-17,F,D
2005,Hurricane (Typhoon),OTHER,40-64,M,D
2005,Hurricane (Typhoon),OTHER,40-64,M,D
2005,Hurricane (Typhoon),OTHER,40-64,M,D
2005,Hurricane (Typhoon),OTHER,40-64,M,D
2005,Hurricane (Typhoon),OTHER,65+,M,D
2005,Hurricane (Typhoon),OTHER,65+,M,D
2005,Hurricane (Typhoon),OTHER,40-64,F,D
2005,Hurricane (Typhoon),OTHER,65+,F,D
2005,Hurricane (Typhoon),OTHER,65+,F,D
2005,Hurricane (Typhoon),OTHER,40-64,F,D
2005,Hurricane (Typhoon),OTHER,40-64,M,D
2005,Hurricane (Typhoon),OTHER,40-64,M,D
2005,Hurricane (Typhoon),OTHER,65+,M,D
2005,Hurricane (Typhoon),OTHER,18-39,M,D
2005,Hurricane (Typhoon),OTHER,65+,M,D
2005,Hurricane (Typhoon),OTHER,65+,M,D
2005,Hurricane (Typhoon),OTHER,65+,M,D
2005,Hurricane (Typhoon),OTHER,65+,M,D
2005,Hurricane (Typhoon),OTHER,65+,M,D
2005,Hurricane (Typhoon),OTHER,65+,M,D
2005,Hurricane (Typhoon),OTHER,40-64,F,D
2005,Hurricane (Typhoon),OTHER,40-64,M,D
2005,Hurricane (Typhoon),OTHER,40-64,M,D
2005,Hurricane (Typhoon),OTHER,40-64,M,D
2005,Hurricane (Typhoon),OTHER,18-39,M,D
2005,Hurricane (Typhoon),OTHER,40-64,F,D
2005,Hurricane (Typhoon),WATER,65+,M,D
2005,Hurricane (Typhoon),OTHER,18-39,M,D
2005,Hurricane (Typhoon),OTHER,65+,M,D
2005,Hurricane (Typhoon),OTHER,65+,M,D
2005,Hurricane (Typhoon),OTHER,40-64,M,D
2005,Hurricane (Typhoon),OTHER,65+,F,D
2005,Hurricane (Typhoon),OTHER,40-64,F,D
2005,Hurricane (Typhoon),OTHER,65+,F,D
2005,Hurricane (Typhoon),OTHER,40-64,M,D
2005,Hurricane (Typhoon),OTHER,65+,F,D
2005,Hurricane (Typhoon),OTHER,40-64,M,D
2005,Hurricane (Typhoon),OTHER,65+,M,D
2005,Hurricane (Typhoon),OTHER,65+,F,D
2005,Hurricane (Typhoon),OTHER,18-39,M,D
2005,Hurricane (Typhoon),OTHER,40-64,M,D
2005,Hurricane (Typhoon),OTHER,40-64,M,D
2005,Hurricane (Typhoon),OTHER,65+,F,D
2005,Hurricane (Typhoon),OTHER,40-64,M,D
2005,Hurricane (Typhoon),OTHER,65+,F,D
2005,Hurricane (Typhoon),OTHER,65+,M,D
2005,Hurricane (Typhoon),OTHER,65+,F,D
2005,Hurricane (Typhoon),OTHER,65+,F,D
2005,Hurricane (Typhoon),OTHER,65+,M,D
2005,Hurricane (Typhoon),OTHER,65+,M,D
2005,Hurricane (Typhoon),OTHER,65+,F,D
2005,Hurricane (Typhoon),OTHER,65+,M,D
2005,Hurricane (Typhoon),OTHER,65+,F,D
2005,Hurricane (Typhoon),OTHER,65+,M,D
2005,Hurricane (Typhoon),OTHER,40-64,F,D
2005,Hurricane (Typhoon),OTHER,65+,M,D
2005,Hurricane (Typhoon),OTHER,40-64,M,D
2005,Hurricane (Typhoon),OTHER,40-64,M,D
2005,Hurricane (Typhoon),OTHER,65+,F,D
2005,Hurricane (Typhoon),OTHER,40-64,M,D
2005,Hurricane (Typhoon),OTHER,65+,F,D
2005,Hurricane (Typhoon),OTHER,40-64,M,D
2005,Hurricane (Typhoon),OTHER,65+,F,D
2005,Hurricane (Typhoon),OTHER,65+,F,D
2005,Hurricane (Typhoon),OTHER,65+,M,D
2005,Hurricane (Typhoon),OTHER,40-64,F,D
2005,Hurricane (Typhoon),OTHER,40-64,M,D
2005,Hurricane (Typhoon),OTHER,40-64,F,D
2005,Hurricane (Typhoon),OTHER,40-64,M,D
2005,Hurricane (Typhoon),OTHER,65+,F,D
2005,Hurricane (Typhoon),OTHER,65+,M,D
2005,Hurricane (Typhoon),OTHER,40-64,M,D
2005,Hurricane (Typhoon),OTHER,65+,M,D
2005,Hurricane (Typhoon),OTHER,65+,M,D
2005,Hurricane (Typhoon),OTHER,65+,M,D
2005,Hurricane (Typhoon),OTHER,40-64,M,D
2005,Hurricane (Typhoon),OTHER,65+,M,D
2005,Hurricane (Typhoon),OTHER,40-64,F,D
2005,Hurricane (Typhoon),OTHER,65+,M,D
2005,Hurricane (Typhoon),OTHER,18-39,F,D
2005,Hurricane (Typhoon),OTHER,40-64,M,D
2005,Hurricane (Typhoon),OTHER,40-64,M,D
2005,Hurricane (Typhoon),OTHER,65+,M,D
2005,Hurricane (Typhoon),OTHER,40-64,F,D
2005,Hurricane (Typhoon),OTHER,65+,F,D
2005,Hurricane (Typhoon),OTHER,40-64,M,D
2005,Hurricane (Typhoon),OTHER,65+,F,D
2005,Hurricane (Typhoon),OTHER,40-64,M,D
2005,Hurricane (Typhoon),OTHER,40-64,M,D
2005,Hurricane (Typhoon),OTHER,65+,F,D
2005,Hurricane (Typhoon),OTHER,65+,F,D
2005,Hurricane (Typhoon),OTHER,65+,M,D
2005,Hurricane (Typhoon),OTHER,65+,M,D
2005,Hurricane (Typhoon),OTHER,65+,F,D
2005,Hurricane (Typhoon),OTHER,65+,F,D
2005,Hurricane (Typhoon),OTHER,65+,M,D
2005,Hurricane (Typhoon),OTHER,65+,M,D
2005,Hurricane (Typhoon),OTHER,40-64,M,D
2005,Hurricane (Typhoon),OTHER,40-64,F,D
2005,Hurricane (Typhoon),OTHER,65+,F,D
2005,Hurricane (Typhoon),OTHER,40-64,F,D
2005,Hurricane (Typhoon),OTHER,40-64,F,D
2005,Hurricane (Typhoon),OTHER,65+,F,D
2005,Hurricane (Typhoon),OTHER,40-64,F,D
2005,Hurricane (Typhoon),OTHER,65+,F,D
2005,Hurricane (Typhoon),OTHER,18-39,M,D
2005,Hurricane (Typhoon),OTHER,65+,M,D
2005,Hurricane (Typhoon),OTHER,65+,F,D
2005,Hurricane (Typhoon),OTHER,65+,M,D
2005,Hurricane (Typhoon),OTHER,65+,F,D
2005,Hurricane (Typhoon),OTHER,65+,F,D
2005,Hurricane (Typhoon),OTHER,65+,F,D
2005,Hurricane (Typhoon),OTHER,40-64,F,D
2005,Hurricane (Typhoon),OTHER,65+,M,D
2005,Hurricane (Typhoon),OTHER,65+,M,D
2005,Hurricane (Typhoon),OTHER,40-64,M,D
2005,Hurricane (Typhoon),OTHER,65+,M,D
2005,Hurricane (Typhoon),OTHER,0-17,F,D
2005,Hurricane (Typhoon),OTHER,65+,M,D
2005,Hurricane (Typhoon),OTHER,40-64,M,D
2005,Hurricane (Typhoon),OTHER,65+,M,D
2005,Hurricane (Typhoon),OTHER,65+,M,D
2005,Hurricane (Typhoon),OTHER,40-64,M,D
2005,Hurricane (Typhoon),OTHER,65+,F,D
2005,Hurricane (Typhoon),OTHER,40-64,M,D
2005,Hurricane (Typhoon),OTHER,65+,M,D
2005,Hurricane (Typhoon),OTHER,65+,F,D
2005,Hurricane (Typhoon),OTHER,40-64,M,D
2005,Hurricane (Typhoon),OTHER,65+,F,D
2005,Hurricane (Typhoon),OTHER,40-64,M,D
2005,Hurricane (Typhoon),OTHER,65+,M,D
2005,Hurricane (Typhoon),OTHER,65+,F,D
2005,Hurricane (Typhoon),OTHER,65+,F,D
2005,Hurricane (Typhoon),OTHER,65+,F,D
2005,Hurricane (Typhoon),OTHER,65+,M,D
2005,Hurricane (Typhoon),OTHER,65+,M,D
2005,Hurricane (Typhoon),OTHER,65+,M,D
2005,Hurricane (Typhoon),OTHER,40-64,M,D
2005,Hurricane (Typhoon),OTHER,65+,M,D
2005,Hurricane (Typhoon),OTHER,65+,F,D
2005,Hurricane (Typhoon),OTHER,40-64,M,D
2005,Hurricane (Typhoon),OTHER,65+,F,D
2005,Hurricane (Typhoon),OTHER,65+,F,D
2005,Hurricane (Typhoon),OTHER,40-64,F,D
2005,Hurricane (Typhoon),OTHER,65+,F,D
2005,Hurricane (Typhoon),OTHER,65+,M,D
2005,Hurricane (Typhoon),OTHER,65+,M,D
2005,Hurricane (Typhoon),OTHER,65+,F,D
2005,Hurricane (Typhoon),OTHER,65+,F,D
2005,Hurricane (Typhoon),OTHER,65+,M,D
2005,Hurricane (Typhoon),OTHER,40-64,M,D
2005,Hurricane (Typhoon),OTHER,40-64,M,D
2005,Hurricane (Typhoon),OTHER,65+,F,D
2005,Hurricane (Typhoon),OTHER,65+,M,D
2005,Hurricane (Typhoon),OTHER,40-64,M,D
2005,Hurricane (Typhoon),OTHER,65+,F,D
2005,Hurricane (Typhoon),OTHER,40-64,F,D
2005,Hurricane (Typhoon),OTHER,18-39,F,D
2005,Hurricane (Typhoon),OTHER,65+,F,D
2005,Hurricane (Typhoon),OTHER,65+,F,D
2005,Hurricane (Typhoon),OTHER,65+,M,D
2005,Hurricane (Typhoon),OTHER,65+,M,D
2005,Hurricane (Typhoon),OTHER,18-39,M,D
2005,Hurricane (Typhoon),OTHER,65+,M,D
2005,Hurricane (Typhoon),OTHER,65+,F,D
2005,Hurricane (Typhoon),OTHER,65+,M,D
2005,Hurricane (Typhoon),OTHER,65+,F,D
2005,Hurricane (Typhoon),OTHER,65+,F,D
2005,Hurricane (Typhoon),OUTDOOR,40-64,M,D
2005,Hurricane (Typhoon),OUTDOOR,65+,F,D
2005,Hurricane (Typhoon),VEHICLE,18-39,M,D
2005,Hurricane (Typhoon),WATER,40-64,M,D
2005,Hurricane (Typhoon),WATER,40-64,M,D
2005,Hurricane (Typhoon),WATER,40-64,M,D
2005,Hurricane (Typhoon),RES,40-64,F,D
2005,Hurricane (Typhoon),OUTDOOR,18-39,M,D
2005,Hurricane (Typhoon),OUTDOOR,40-64,M,D
2005,Hurricane (Typhoon),OUTDOOR,18-39,M,D
2005,Hurricane (Typhoon),OUTDOOR,65+,F,D
2005,Hurricane (Typhoon),OTHER,40-64,F,D
2005,Hurricane (Typhoon),OTHER,0-17,F,D
2005,Hurricane (Typhoon),OTHER,65+,F,D
2005,Hurricane (Typhoon),OTHER,18-39,M,D
2005,Hurricane (Typhoon),OTHER,40-64,F,D
2005,Hurricane (Typhoon),OTHER,40-64,F,D
2005,Hurricane (Typhoon),OTHER,40-64,F,D
2005,Hurricane (Typhoon),OTHER,0-17,M,D
2005,Hurricane (Typhoon),OTHER,0-17,M,D
2005,Hurricane (Typhoon),OTHER,40-64,M,D
2005,Hurricane (Typhoon),OTHER,65+,M,D
2005,Hurricane (Typhoon),OTHER,18-39,M,D
2005,Hurricane (Typhoon),OTHER,40-64,F,D
2005,Hurricane (Typhoon),OTHER,65+,F,D
2005,Hurricane (Typhoon),OTHER,65+,M,D
2005,Hurricane (Typhoon),OTHER,40-64,F,D
2005,Hurricane (Typhoon),OTHER,40-64,F,D
2005,Hurricane (Typhoon),OTHER,65+,F,D
2005,Hurricane (Typhoon),OTHER,65+,F,D
2005,Hurricane (Typhoon),OTHER,65+,F,D
2005,Hurricane (Typhoon),OTHER,65+,F,D
2005,Hurricane (Typhoon),OTHER,65+,F,D
2005,Hurricane (Typhoon),OTHER,65+,M,D
2005,Hurricane (Typhoon),OTHER,65+,F,D
2005,Hurricane (Typhoon),OTHER,65+,F,D
2005,Hurricane (Typhoon),OTHER,40-64,M,D
2005,Hurricane (Typhoon),OTHER,40-64,F,D
2005,Hurricane (Typhoon),OTHER,65+,F,D
2005,Hurricane (Typhoon),OTHER,65+,F,D
2005,Hurricane (Typhoon),OTHER,18-39,F,D
2005,Hurricane (Typhoon),OTHER,65+,F,D
2005,Hurricane (Typhoon),OTHER,40-64,M,D
2005,Hurricane (Typhoon),OTHER,65+,F,D
2005,Hurricane (Typhoon),OTHER,65+,F,D
2005,Hurricane (Typhoon),OTHER,65+,F,D
2005,Hurricane (Typhoon),OTHER,65+,M,D
2005,Hurricane (Typhoon),OTHER,65+,F,D
2005,Hurricane (Typhoon),OTHER,65+,F,D
2005,Hurricane (Typhoon),OTHER,65+,F,D
2005,Hurricane (Typhoon),OTHER,40-64,F,D
2005,Hurricane (Typhoon),OTHER,40-64,M,D
2005,Hurricane (Typhoon),OTHER,65+,M,D
2005,Hurricane (Typhoon),OTHER,65+,M,D
2005,Hurricane (Typhoon),OTHER,65+,F,D
2005,Hurricane (Typhoon),OTHER,18-39,M,D
2005,Hurricane (Typhoon),OTHER,65+,F,D
2005,Hurricane (Typhoon),OTHER,65+,M,D
2005,Hurricane (Typhoon),OTHER,65+,F,D
2005,Hurricane (Typhoon),OTHER,65+,F,D
2005,Hurricane (Typhoon),OTHER,65+,F,D
2005,Hurricane (Typhoon),OTHER,65+,M,D
2005,Hurricane (Typhoon),OTHER,65+,F,D
2005,Hurricane (Typhoon),OTHER,65+,M,D
2005,Hurricane (Typhoon),OTHER,65+,F,D
2005,Hurricane (Typhoon),OTHER,65+,F,D
2005,Hurricane (Typhoon),OTHER,40-64,M,D
2005,Hurricane (Typhoon),OTHER,65+,M,D
2005,Hurricane (Typhoon),OTHER,65+,F,D
2005,Hurricane (Typhoon),OTHER,65+,F,D
2005,Hurricane (Typhoon),OTHER,40-64,F,D
2005,Hurricane (Typhoon),OTHER,65+,F,D
2005,Hurricane (Typhoon),OTHER,40-64,F,D
2005,Hurricane (Typhoon),OTHER,65+,M,D
2005,Hurricane (Typhoon),OTHER,40-64,M,D
2005,Hurricane (Typhoon),OTHER,40-64,M,D
2005,Hurricane (Typhoon),OTHER,65+,F,D
2005,Hurricane (Typhoon),OTHER,65+,F,D
2005,Hurricane (Typhoon),OTHER,65+,M,D
2005,Hurricane (Typhoon),OTHER,18-39,M,D
2005,Hurricane (Typhoon),OTHER,65+,F,D
2005,Hurricane (Typhoon),OTHER,65+,F,D
2005,Hurricane (Typhoon),OTHER,65+,M,D
2005,Hurricane (Typhoon),OTHER,65+,M,D
2005,Hurricane (Typhoon),OTHER,65+,M,D
2005,Hurricane (Typhoon),OTHER,40-64,M,D
2005,Hurricane (Typhoon),OTHER,40-64,F,D
2005,Hurricane (Typhoon),OTHER,40-64,M,D
2005,Hurricane (Typhoon),OTHER,65+,F,D
2005,Hurricane (Typhoon),OTHER,65+,M,D
2005,Hurricane (Typhoon),OTHER,65+,F,D
2005,Hurricane (Typhoon),OTHER,40-64,F,D
2005,Hurricane (Typhoon),OTHER,65+,M,D
2005,Hurricane (Typhoon),OTHER,40-64,F,D
2005,Hurricane (Typhoon),OTHER,40-64,M,D
2005,Hurricane (Typhoon),OTHER,65+,F,D
2005,Hurricane (Typhoon),OTHER,40-64,M,D
2005,Hurricane (Typhoon),OTHER,65+,M,D
2005,Hurricane (Typhoon),OTHER,65+,F,D
2005,Hurricane (Typhoon),OTHER,65+,M,D
2005,Hurricane (Typhoon),OTHER,65+,F,D
2005,Hurricane (Typhoon),OTHER,40-64,F,D
2005,Hurricane (Typhoon),OTHER,40-64,F,D
2005,Hurricane (Typhoon),OTHER,65+,M,D
2005,Hurricane (Typhoon),OTHER,65+,F,D
2005,Hurricane (Typhoon),OTHER,40-64,F,D
2005,Hurricane (Typhoon),OTHER,18-39,M,D
2005,Hurricane (Typhoon),OTHER,40-64,F,D
2005,Hurricane (Typhoon),OTHER,65+,M,D
2005,Hurricane (Typhoon),OTHER,0-17,M,D
2005,Hurricane (Typhoon),OTHER,40-64,M,D
2005,Hurricane (Typhoon),OTHER,40-64,M,D
2005,Hurricane (Typhoon),OTHER,40-64,M,D
2005,Hurricane (Typhoon),OTHER,65+,F,D
2005,Hurricane (Typhoon),OTHER,65+,M,D
2005,Hurricane (Typhoon),OTHER,40-64,F,D
2005,Hurricane (Typhoon),OTHER,40-64,F,D
2005,Hurricane (Typhoon),OTHER,65+,F,D
2005,Hurricane (Typhoon),OTHER,65+,F,D
2005,Hurricane (Typhoon),OTHER,65+,F,D
2005,Hurricane (Typhoon),OTHER,65+,F,D
2005,Hurricane (Typhoon),OTHER,65+,M,D
2005,Hurricane (Typhoon),OTHER,40-64,M,D
2005,Hurricane (Typhoon),OTHER,65+,M,D
2005,Hurricane (Typhoon),OTHER,40-64,M,D
2005,Hurricane (Typhoon),OTHER,65+,F,D
2005,Hurricane (Typhoon),OTHER,40-64,M,D
2005,Hurricane (Typhoon),OTHER,18-39,M,D
2005,Hurricane (Typhoon),OTHER,65+,M,D
2005,Hurricane (Typhoon),OTHER,unknown,M,D
2005,Hurricane (Typhoon),OTHER,unknown,M,D
2005,Hurricane (Typhoon),OTHER,unknown,F,D
2005,Hurricane (Typhoon),OTHER,unknown,F,D
2005,Hurricane (Typhoon),OTHER,unknown,F,D
2005,Hurricane (Typhoon),OTHER,unknown,F,D
2005,Hurricane (Typhoon),OTHER,unknown,M,D
2005,Hurricane (Typhoon),OTHER,unknown,M,D
2005,Hurricane (Typhoon),OTHER,unknown,F,D
2005,Hurricane (Typhoon),OTHER,unknown,M,D
2005,Hurricane (Typhoon),OTHER,unknown,F,D
2005,Hurricane (Typhoon),OTHER,unknown,F,D
2005,Hurricane (Typhoon),OTHER,unknown,M,D
2005,Hurricane (Typhoon),OTHER,65+,M,D
2005,Hurricane (Typhoon),OTHER,65+,M,D
2005,Hurricane (Typhoon),OTHER,65+,M,D
2005,Hurricane (Typhoon),OTHER,40-64,F,D
2005,Hurricane (Typhoon),OTHER,65+,M,D
2005,Hurricane (Typhoon),OTHER,65+,M,D
2005,Hurricane (Typhoon),OTHER,65+,F,D
2005,Hurricane (Typhoon),OTHER,40-64,M,D
2005,Hurricane (Typhoon),OTHER,40-64,M,D
2005,Hurricane (Typhoon),OTHER,65+,F,D
2005,Hurricane (Typhoon),OTHER,65+,F,D
2005,Hurricane (Typhoon),OTHER,65+,M,D
2005,Hurricane (Typhoon),OTHER,40-64,M,D
2005,Hurricane (Typhoon),OTHER,18-39,F,D
2005,Hurricane (Typhoon),OTHER,65+,F,D
2005,Hurricane (Typhoon),OTHER,65+,M,D
2005,Hurricane (Typhoon),OTHER,65+,F,D
2005,Hurricane (Typhoon),OTHER,65+,M,D
2005,Hurricane (Typhoon),OTHER,40-64,M,D
2005,Hurricane (Typhoon),OTHER,65+,M,D
2005,Hurricane (Typhoon),OTHER,65+,F,D
2005,Hurricane (Typhoon),OTHER,40-64,M,D
2005,Hurricane (Typhoon),OTHER,18-39,F,D
2005,Hurricane (Typhoon),OTHER,40-64,M,D
2005,Hurricane (Typhoon),OTHER,65+,F,D
2005,Hurricane (Typhoon),OTHER,65+,M,D
2005,Hurricane (Typhoon),OTHER,40-64,F,D
2005,Hurricane (Typhoon),OTHER,65+,M,D
2005,Hurricane (Typhoon),OTHER,65+,M,D
2005,Hurricane (Typhoon),OTHER,40-64,M,D
2005,Hurricane (Typhoon),OTHER,65+,M,D
2005,Hurricane (Typhoon),OTHER,40-64,M,D
2005,Hurricane (Typhoon),OTHER,65+,F,D
2005,Hurricane (Typhoon),OTHER,65+,M,D
2005,Hurricane (Typhoon),OTHER,65+,M,D
2005,Hurricane (Typhoon),OTHER,65+,M,D
2005,Hurricane (Typhoon),OTHER,65+,M,D
2005,Hurricane (Typhoon),OTHER,65+,M,D
2005,Hurricane (Typhoon),OTHER,65+,F,D
2005,Hurricane (Typhoon),OTHER,65+,F,D
2005,Hurricane (Typhoon),OTHER,65+,F,D
2005,Hurricane (Typhoon),OTHER,40-64,M,D
2005,Hurricane (Typhoon),OTHER,65+,M,D
2005,Hurricane (Typhoon),OTHER,65+,M,D
2005,Hurricane (Typhoon),OTHER,18-39,F,D
2005,Hurricane (Typhoon),OTHER,65+,M,D
2005,Hurricane (Typhoon),OTHER,40-64,F,D
2005,Hurricane (Typhoon),OTHER,65+,M,D
2005,Hurricane (Typhoon),OTHER,65+,M,D
2005,Hurricane (Typhoon),OTHER,65+,F,D
2005,Hurricane (Typhoon),OTHER,65+,M,D
2005,Hurricane (Typhoon),OTHER,40-64,M,D
2005,Hurricane (Typhoon),OTHER,40-64,M,D
2005,Hurricane (Typhoon),OTHER,40-64,F,D
2005,Hurricane (Typhoon),OTHER,65+,F,D
2005,Hurricane (Typhoon),OTHER,65+,F,D
2005,Hurricane (Typhoon),OTHER,40-64,M,D
2005,Hurricane (Typhoon),OTHER,65+,M,D
2005,Hurricane (Typhoon),OTHER,65+,F,D
2005,Hurricane (Typhoon),OTHER,65+,F,D
2005,Hurricane (Typhoon),OTHER,40-64,M,D
2005,Hurricane (Typhoon),OTHER,65+,F,D
2005,Hurricane (Typhoon),OTHER,40-64,M,D
2005,Hurricane (Typhoon),OTHER,18-39,M,D
2005,Hurricane (Typhoon),OTHER,65+,M,D
2005,Hurricane (Typhoon),OTHER,40-64,M,D
2005,Hurricane (Typhoon),OTHER,65+,F,D
2005,Hurricane (Typhoon),OTHER,65+,F,D
2005,Hurricane (Typhoon),OTHER,65+,F,D
2005,Hurricane (Typhoon),OTHER,65+,F,D
2005,Hurricane (Typhoon),OTHER,65+,M,D
2005,Hurricane (Typhoon),OTHER,40-64,M,D
2005,Hurricane (Typhoon),OTHER,65+,M,D
2005,Hurricane (Typhoon),OTHER,40-64,F,D
2005,Hurricane (Typhoon),OTHER,65+,F,D
2005,Hurricane (Typhoon),OTHER,65+,F,D
2005,Hurricane (Typhoon),OTHER,65+,F,D
2005,Hurricane (Typhoon),OTHER,65+,M,D
2005,Hurricane (Typhoon),OTHER,65+,F,D
2005,Hurricane (Typhoon),OTHER,65+,M,D
2005,Hurricane (Typhoon),OTHER,40-64,F,D
2005,Hurricane (Typhoon),OTHER,65+,F,D
2005,Hurricane (Typhoon),OTHER,40-64,M,D
2005,Hurricane (Typhoon),OUTDOOR,40-64,M,D
2005,Hurricane (Typhoon),MH,65+,F,D
2005,Hurricane (Typhoon),WATER,40-64,M,D
2005,Hurricane (Typhoon),MH,65+,M,D
2005,Hurricane (Typhoon),RES,65+,F,D
2005,Hurricane (Typhoon),OTHER,65+,M,D
2005,Hurricane (Typhoon),OTHER,65+,M,D
2005,Hurricane (Typhoon),OTHER,65+,M,D
2005,Hurricane (Typhoon),OTHER,65+,M,D
2005,Hurricane (Typhoon),OTHER,65+,F,D
2005,Hurricane (Typhoon),OTHER,40-64,M,D
2005,Hurricane (Typhoon),OTHER,40-64,M,D
2005,Hurricane (Typhoon),OTHER,40-64,F,D
2005,Hurricane (Typhoon),OTHER,65+,M,D
2005,Hurricane (Typhoon),OTHER,40-64,M,D
2005,Hurricane (Typhoon),OTHER,40-64,M,D
2005,Hurricane (Typhoon),OTHER,40-64,F,D
2005,Hurricane (Typhoon),OTHER,65+,M,D
2005,Hurricane (Typhoon),OTHER,40-64,M,D
2005,Hurricane (Typhoon),OTHER,65+,F,D
2005,Hurricane (Typhoon),OTHER,65+,M,D
2005,Hurricane (Typhoon),OTHER,40-64,F,D
2005,Hurricane (Typhoon),OTHER,65+,F,D
2005,Hurricane (Typhoon),OTHER,40-64,F,D
2005,Hurricane (Typhoon),OTHER,65+,M,D
2005,Hurricane (Typhoon),OTHER,40-64,M,D
2005,Hurricane (Typhoon),OTHER,65+,M,D
2005,Hurricane (Typhoon),OTHER,40-64,M,D
2005,Hurricane (Typhoon),OTHER,40-64,F,D
2005,Hurricane (Typhoon),OTHER,40-64,M,D
2005,Hurricane (Typhoon),OTHER,65+,F,D
2005,Hurricane (Typhoon),OTHER,40-64,M,D
2005,Hurricane (Typhoon),OTHER,40-64,F,D
2005,Hurricane (Typhoon),OTHER,40-64,F,D
2005,Hurricane (Typhoon),OTHER,65+,F,D
2005,Hurricane (Typhoon),OTHER,65+,F,D
2005,Hurricane (Typhoon),OTHER,40-64,F,D
2005,Hurricane (Typhoon),OTHER,65+,M,D
2005,Hurricane (Typhoon),OTHER,65+,F,D
2005,Hurricane (Typhoon),OTHER,65+,M,D
2005,Hurricane (Typhoon),OTHER,40-64,F,D
2005,Hurricane (Typhoon),OTHER,65+,F,D
2005,Hurricane (Typhoon),OTHER,65+,F,D
2005,Hurricane (Typhoon),OTHER,65+,F,D
2005,Hurricane (Typhoon),OTHER,40-64,F,D
2005,Hurricane (Typhoon),OTHER,40-64,M,D
2005,Hurricane (Typhoon),OTHER,65+,M,D
2005,Hurricane (Typhoon),OTHER,40-64,F,D
2005,Hurricane (Typhoon),OTHER,65+,F,D
2005,Hurricane (Typhoon),OTHER,40-64,M,D
2005,Hurricane (Typhoon),OTHER,40-64,M,D
2005,Hurricane (Typhoon),OTHER,65+,F,D
2005,Hurricane (Typhoon),OTHER,40-64,M,D
2005,Hurricane (Typhoon),OTHER,40-64,M,D
2005,Hurricane (Typhoon),OTHER,40-64,F,D
2005,Hurricane (Typhoon),OTHER,18-39,M,D
2005,Hurricane (Typhoon),OTHER,65+,M,D
2005,Hurricane (Typhoon),OTHER,40-64,M,D
2005,Hurricane (Typhoon),OTHER,40-64,F,D
2005,Hurricane (Typhoon),OTHER,40-64,M,D
2005,Hurricane (Typhoon),OTHER,65+,F,D
2005,Hurricane (Typhoon),OTHER,65+,F,D
2005,Hurricane (Typhoon),OTHER,65+,F,D
2005,Hurricane (Typhoon),OTHER,40-64,M,D
2005,Hurricane (Typhoon),OTHER,65+,F,D
2005,Hurricane (Typhoon),OTHER,40-64,M,D
2005,Hurricane (Typhoon),OTHER,65+,F,D
2005,Hurricane (Typhoon),OTHER,40-64,M,D
2005,Hurricane (Typhoon),OTHER,65+,F,D
2005,Hurricane (Typhoon),OTHER,65+,M,D
2005,Hurricane (Typhoon),OTHER,40-64,F,D
2005,Hurricane (Typhoon),OTHER,65+,M,D
2005,Hurricane (Typhoon),OTHER,65+,F,D
2005,Hurricane (Typhoon),OTHER,40-64,M,D
2005,Hurricane (Typhoon),OTHER,65+,F,D
2005,Hurricane (Typhoon),OTHER,18-39,M,D
2005,Hurricane (Typhoon),OTHER,65+,M,D
2005,Hurricane (Typhoon),OTHER,65+,F,D
2005,Hurricane (Typhoon),OTHER,65+,M,D
2005,Hurricane (Typhoon),OTHER,65+,F,D
2005,Hurricane (Typhoon),OTHER,40-64,M,D
2005,Hurricane (Typhoon),OTHER,65+,M,D
2005,Hurricane (Typhoon),OTHER,65+,F,D
2005,Hurricane (Typhoon),OTHER,65+,M,D
2005,Hurricane (Typhoon),OTHER,65+,F,D
2005,Hurricane (Typhoon),OTHER,65+,F,D
2005,Hurricane (Typhoon),OTHER,65+,F,D
2005,Hurricane (Typhoon),OTHER,65+,M,D
2005,Hurricane (Typhoon),OTHER,65+,M,D
2005,Hurricane (Typhoon),OTHER,65+,F,D
2005,Hurricane (Typhoon),OTHER,65+,M,D
2005,Hurricane (Typhoon),OTHER,65+,F,D
2005,Hurricane (Typhoon),OTHER,65+,M,D
2005,Hurricane (Typhoon),OTHER,65+,F,D
2005,Hurricane (Typhoon),OTHER,65+,F,D
2005,Hurricane (Typhoon),OTHER,65+,F,D
2005,Hurricane (Typhoon),OTHER,40-64,M,D
2005,Hurricane (Typhoon),OTHER,65+,F,D
2005,Hurricane (Typhoon),OTHER,40-64,M,D
2005,Hurricane (Typhoon),OTHER,65+,F,D
2005,Hurricane (Typhoon),OTHER,65+,F,D
2005,Hurricane (Typhoon),OTHER,40-64,M,D
2005,Hurricane (Typhoon),OTHER,40-64,F,D
2005,Hurricane (Typhoon),OTHER,40-64,M,D
2005,Hurricane (Typhoon),OTHER,40-64,M,D
2005,Hurricane (Typhoon),OTHER,40-64,F,D
2005,Hurricane (Typhoon),OTHER,18-39,M,D
2005,Hurricane (Typhoon),OTHER,40-64,M,D
2005,Hurricane (Typhoon),OTHER,40-64,F,D
2005,Hurricane (Typhoon),OTHER,40-64,M,D
2005,Hurricane (Typhoon),OTHER,65+,M,D
2005,Hurricane (Typhoon),OTHER,0-17,M,D
2005,Hurricane (Typhoon),OTHER,40-64,F,D
2005,Hurricane (Typhoon),OTHER,40-64,M,D
2005,Hurricane (Typhoon),OTHER,40-64,F,D
2005,Hurricane (Typhoon),OTHER,0-17,F,D
2005,Hurricane (Typhoon),OTHER,18-39,F,D
2005,Hurricane (Typhoon),OUTDOOR,65+,M,D
2005,Hurricane (Typhoon),OTHER,18-39,F,D
2005,Hurricane (Typhoon),OTHER,40-64,M,D
2005,Hurricane (Typhoon),OTHER,65+,F,D
2005,Hurricane (Typhoon),OTHER,40-64,M,D
2005,Hurricane (Typhoon),OTHER,65+,M,D
2005,Hurricane (Typhoon),OTHER,65+,F,D
2005,Hurricane (Typhoon),OTHER,65+,F,D
2005,Hurricane (Typhoon),OTHER,65+,M,D
2005,Hurricane (Typhoon),OTHER,65+,F,D
2005,Hurricane (Typhoon),OTHER,65+,M,D
2005,Hurricane (Typhoon),OTHER,65+,F,D
2005,Hurricane (Typhoon),OTHER,40-64,M,D
2005,Hurricane (Typhoon),OTHER,65+,M,D
2005,Hurricane (Typhoon),OTHER,65+,M,D
2005,Hurricane (Typhoon),OTHER,40-64,F,D
2005,Hurricane (Typhoon),OTHER,65+,F,D
2005,Hurricane (Typhoon),OTHER,65+,F,D
2005,Hurricane (Typhoon),OTHER,65+,F,D
2005,Hurricane (Typhoon),OTHER,40-64,M,D
2005,Hurricane (Typhoon),OTHER,40-64,M,D
2005,Hurricane (Typhoon),OTHER,65+,M,D
2005,Hurricane (Typhoon),OTHER,65+,F,D
2005,Hurricane (Typhoon),OTHER,40-64,M,D
2005,Hurricane (Typhoon),OTHER,65+,F,D
2005,Hurricane (Typhoon),OTHER,65+,F,D
2005,Hurricane (Typhoon),OTHER,40-64,M,D
2005,Hurricane (Typhoon),OTHER,65+,M,D
2005,Hurricane (Typhoon),OTHER,65+,M,D
2005,Hurricane (Typhoon),OTHER,65+,F,D
2005,Hurricane (Typhoon),OTHER,65+,M,D
2005,Hurricane (Typhoon),OTHER,65+,F,D
2005,Hurricane (Typhoon),OTHER,40-64,M,D
2005,Hurricane (Typhoon),OTHER,40-64,F,D
2005,Hurricane (Typhoon),OTHER,65+,F,D
2005,Hurricane (Typhoon),OTHER,40-64,F,D
2005,Hurricane (Typhoon),OTHER,65+,F,D
2005,Hurricane (Typhoon),OTHER,65+,M,D
2005,Hurricane (Typhoon),OTHER,40-64,M,D
2005,Hurricane (Typhoon),OTHER,65+,F,D
2005,Hurricane (Typhoon),OTHER,65+,M,D
2005,Hurricane (Typhoon),OTHER,40-64,M,D
2005,Hurricane (Typhoon),OTHER,65+,M,D
2005,Hurricane (Typhoon),OTHER,65+,M,D
2005,Hurricane (Typhoon),OTHER,65+,F,D
2005,Hurricane (Typhoon),OTHER,40-64,M,D
2005,Hurricane (Typhoon),OTHER,65+,F,D
2005,Hurricane (Typhoon),OTHER,65+,F,D
2005,Hurricane (Typhoon),OTHER,65+,F,D
2005,Hurricane (Typhoon),OTHER,65+,F,D
2005,Hurricane (Typhoon),OTHER,40-64,M,D
2005,Hurricane (Typhoon),OTHER,65+,F,D
2005,Hurricane (Typhoon),OTHER,40-64,M,D
2005,Hurricane (Typhoon),OTHER,65+,F,D
2005,Hurricane (Typhoon),OTHER,65+,F,D
2005,Hurricane (Typhoon),OTHER,40-64,F,D
2005,Hurricane (Typhoon),OTHER,65+,M,D
2005,Hurricane (Typhoon),OTHER,65+,M,D
2005,Hurricane (Typhoon),OTHER,65+,F,D
2005,Hurricane (Typhoon),OTHER,40-64,M,D
2005,Hurricane (Typhoon),OTHER,40-64,F,D
2005,Hurricane (Typhoon),OTHER,65+,F,D
2005,Hurricane (Typhoon),OTHER,40-64,M,D
2005,Hurricane (Typhoon),OTHER,40-64,M,D
2005,Hurricane (Typhoon),OTHER,65+,F,D
2005,Hurricane (Typhoon),OTHER,65+,M,D
2005,Hurricane (Typhoon),OTHER,65+,F,D
2005,Hurricane (Typhoon),OTHER,65+,M,D
2005,Hurricane (Typhoon),OTHER,65+,M,D
2005,Hurricane (Typhoon),OTHER,40-64,M,D
2005,Hurricane (Typhoon),OTHER,40-64,F,D
2005,Hurricane (Typhoon),OTHER,65+,F,D
2005,Hurricane (Typhoon),OTHER,65+,F,D
2005,Hurricane (Typhoon),OTHER,65+,F,D
2005,Hurricane (Typhoon),OTHER,65+,M,D
2005,Hurricane (Typhoon),OTHER,65+,M,D
2005,Hurricane (Typhoon),OTHER,65+,F,D
2005,Hurricane (Typhoon),OTHER,65+,F,D
2005,Hurricane (Typhoon),OTHER,65+,M,D
2005,Hurricane (Typhoon),OTHER,65+,F,D
2005,Hurricane (Typhoon),OTHER,40-64,M,D
2005,Hurricane (Typhoon),OTHER,65+,M,D
2005,Hurricane (Typhoon),OTHER,65+,M,D
2005,Hurricane (Typhoon),OTHER,40-64,F,D
2005,Hurricane (Typhoon),OTHER,65+,M,D
2005,Hurricane (Typhoon),OTHER,65+,M,D
2005,Hurricane (Typhoon),OTHER,40-64,F,D
2005,Hurricane (Typhoon),OTHER,65+,M,D
2005,Hurricane (Typhoon),OTHER,40-64,M,D
2005,Hurricane (Typhoon),OTHER,40-64,M,D
2005,Hurricane (Typhoon),OTHER,65+,M,D
2005,Hurricane (Typhoon),OTHER,65+,F,D
2005,Hurricane (Typhoon),OTHER,40-64,M,D
2005,Hurricane (Typhoon),OTHER,65+,M,D
2005,Hurricane (Typhoon),OTHER,65+,F,D
2005,Hurricane (Typhoon),OTHER,65+,F,D
2005,Hurricane (Typhoon),OTHER,40-64,M,D
2005,Hurricane (Typhoon),OTHER,65+,M,D
2005,Hurricane (Typhoon),OTHER,65+,F,D
2005,Hurricane (Typhoon),OTHER,40-64,M,D
2005,Hurricane (Typhoon),OTHER,65+,F,D
2005,Hurricane (Typhoon),OTHER,40-64,M,D
2005,Hurricane (Typhoon),OTHER,18-39,M,D
2005,Hurricane (Typhoon),OTHER,65+,F,D
2005,Hurricane (Typhoon),OTHER,65+,F,D
2005,Hurricane (Typhoon),OTHER,65+,F,D
2005,Hurricane (Typhoon),OTHER,40-64,M,D
2005,Hurricane (Typhoon),OTHER,65+,F,D
2005,Hurricane (Typhoon),OTHER,65+,M,D
2005,Hurricane (Typhoon),OTHER,18-39,M,D
2005,Hurricane (Typhoon),OTHER,65+,M,D
2005,Hurricane (Typhoon),OTHER,40-64,M,D
2005,Hurricane (Typhoon),OTHER,65+,M,D
2005,Hurricane (Typhoon),OTHER,65+,M,D
2005,Hurricane (Typhoon),OTHER,65+,F,D
2005,Hurricane (Typhoon),OTHER,65+,M,D
2005,Hurricane (Typhoon),OTHER,65+,F,D
2005,Hurricane (Typhoon),OTHER,40-64,F,D
2005,Hurricane (Typhoon),OTHER,40-64,M,D
2005,Hurricane (Typhoon),OTHER,65+,M,D
2005,Hurricane (Typhoon),OTHER,40-64,F,D
2005,Hurricane (Typhoon),OTHER,65+,M,D
2005,Hurricane (Typhoon),OTHER,65+,M,D
2005,Hurricane (Typhoon),OTHER,65+,F,D
2005,Hurricane (Typhoon),OTHER,65+,M,D
2005,Hurricane (Typhoon),OTHER,65+,F,D
2005,Hurricane (Typhoon),OTHER,65+,F,D
2005,Hurricane (Typhoon),OTHER,65+,M,D
2005,Hurricane (Typhoon),OTHER,65+,M,D
2005,Hurricane (Typhoon),OTHER,65+,M,D
2005,Hurricane (Typhoon),OTHER,65+,F,D
2005,Hurricane (Typhoon),OTHER,40-64,M,D
2005,Hurricane (Typhoon),OTHER,65+,F,D
2005,Hurricane (Typhoon),OTHER,65+,F,D
2005,Hurricane (Typhoon),OTHER,65+,M,D
2005,Hurricane (Typhoon),OTHER,40-64,M,D
2005,Hurricane (Typhoon),OTHER,65+,M,D
2005,Hurricane (Typhoon),OTHER,40-64,M,D
2005,Hurricane (Typhoon),OTHER,65+,F,D
2005,Hurricane (Typhoon),OTHER,40-64,F,D
2005,Hurricane (Typhoon),OTHER,65+,F,D
2005,Hurricane (Typhoon),OTHER,40-64,F,D
2005,Hurricane (Typhoon),OTHER,40-64,M,D
2005,Hurricane (Typhoon),OTHER,0-17,F,D
2005,Hurricane (Typhoon),OTHER,65+,F,D
2005,Hurricane (Typhoon),OTHER,65+,F,D
2005,Hurricane (Typhoon),OTHER,40-64,F,D
2005,Hurricane (Typhoon),OTHER,40-64,M,D
2005,Hurricane (Typhoon),OTHER,65+,F,D
2005,Hurricane (Typhoon),OTHER,65+,M,D
2005,Hurricane (Typhoon),OTHER,40-64,M,D
2005,Hurricane (Typhoon),OTHER,65+,M,D
2005,Hurricane (Typhoon),OTHER,40-64,F,D
2005,Hurricane (Typhoon),OTHER,65+,F,D
2005,Hurricane (Typhoon),OTHER,40-64,F,D
2005,Hurricane (Typhoon),OTHER,65+,M,D
2005,Hurricane (Typhoon),OTHER,65+,M,D
2005,Hurricane (Typhoon),OTHER,65+,F,D
2005,Hurricane (Typhoon),OTHER,0-17,M,D
2005,Hurricane (Typhoon),OTHER,40-64,M,D
2005,Hurricane (Typhoon),OTHER,40-64,F,D
2005,Hurricane (Typhoon),OTHER,65+,F,D
2005,Hurricane (Typhoon),OTHER,65+,M,D
2005,Hurricane (Typhoon),OTHER,65+,M,D
2005,Hurricane (Typhoon),OTHER,65+,F,D
2005,Hurricane (Typhoon),OTHER,65+,M,D
2005,Hurricane (Typhoon),OTHER,65+,F,D
2005,Hurricane (Typhoon),OTHER,40-64,F,D
2005,Hurricane (Typhoon),OTHER,65+,M,D
2005,Hurricane (Typhoon),OTHER,65+,F,D
2005,Hurricane (Typhoon),OTHER,65+,M,D
2005,Hurricane (Typhoon),OTHER,40-64,M,D
2005,Hurricane (Typhoon),OTHER,40-64,F,D
2005,Hurricane (Typhoon),OTHER,65+,F,D
2005,Hurricane (Typhoon),OTHER,65+,M,D
2005,Hurricane (Typhoon),OTHER,40-64,M,D
2005,Hurricane (Typhoon),OTHER,40-64,F,D
2005,Hurricane (Typhoon),OTHER,65+,F,D
2005,Hurricane (Typhoon),OTHER,65+,F,D
2005,Hurricane (Typhoon),OTHER,65+,M,D
2005,Hurricane (Typhoon),OTHER,18-39,M,D
2005,Hurricane (Typhoon),OTHER,40-64,M,D
2005,Hurricane (Typhoon),OTHER,65+,F,D
2005,Hurricane (Typhoon),OTHER,65+,F,D
2005,Hurricane (Typhoon),OTHER,65+,F,D
2005,Hurricane (Typhoon),OTHER,65+,F,D
2005,Hurricane (Typhoon),OTHER,65+,F,D
2005,Hurricane (Typhoon),OTHER,40-64,M,D
2005,Hurricane (Typhoon),OTHER,65+,F,D
2005,Hurricane (Typhoon),OTHER,65+,F,D
2005,Hurricane (Typhoon),OTHER,65+,F,D
2005,Hurricane (Typhoon),OTHER,40-64,F,D
2005,Hurricane (Typhoon),OTHER,40-64,M,D
2005,Hurricane (Typhoon),OTHER,65+,F,D
2005,Hurricane (Typhoon),OTHER,40-64,M,D
2005,Hurricane (Typhoon),OTHER,40-64,M,D
2005,Hurricane (Typhoon),OTHER,40-64,F,D
2005,Hurricane (Typhoon),OTHER,40-64,M,D
2005,Hurricane (Typhoon),OTHER,40-64,M,D
2005,Hurricane (Typhoon),OTHER,65+,F,D
2005,Hurricane (Typhoon),OTHER,40-64,M,D
2005,Hurricane (Typhoon),OTHER,18-39,M,D
2005,Hurricane (Typhoon),OTHER,65+,F,D
2005,Hurricane (Typhoon),OTHER,65+,M,D
2005,Hurricane (Typhoon),OTHER,65+,F,D
2005,Hurricane (Typhoon),OTHER,40-64,M,D
2005,Hurricane (Typhoon),OTHER,65+,M,D
2005,Hurricane (Typhoon),OTHER,65+,F,D
2005,Hurricane (Typhoon),OTHER,40-64,F,D
2005,Hurricane (Typhoon),OTHER,65+,F,D
2005,Hurricane (Typhoon),OTHER,65+,F,D
2005,Hurricane (Typhoon),OTHER,65+,F,D
2005,Hurricane (Typhoon),OTHER,65+,F,D
2005,Hurricane (Typhoon),OTHER,65+,M,D
2005,Hurricane (Typhoon),OTHER,65+,F,D
2005,Hurricane (Typhoon),OTHER,65+,M,D
2005,Hurricane (Typhoon),OTHER,65+,F,D
2005,Hurricane (Typhoon),OTHER,65+,F,D
2005,Hurricane (Typhoon),OTHER,65+,F,D
2005,Hurricane (Typhoon),OTHER,65+,M,D
2005,Hurricane (Typhoon),OTHER,40-64,M,D
2005,Hurricane (Typhoon),OTHER,65+,M,D
2005,Hurricane (Typhoon),OTHER,18-39,M,D
2005,Hurricane (Typhoon),OTHER,65+,M,D
2005,Hurricane (Typhoon),OTHER,65+,F,D
2005,Hurricane (Typhoon),OTHER,40-64,M,D
2005,Hurricane (Typhoon),OTHER,65+,M,D
2005,Hurricane (Typhoon),OTHER,40-64,M,D
2005,Hurricane (Typhoon),OTHER,40-64,M,D
2005,Hurricane (Typhoon),OTHER,65+,M,D
2005,Hurricane (Typhoon),OTHER,65+,M,D
2005,Hurricane (Typhoon),OTHER,18-39,F,D
2005,Hurricane (Typhoon),OTHER,65+,F,D
2005,Hurricane (Typhoon),OTHER,65+,M,D
2005,Hurricane (Typhoon),OTHER,65+,F,D
2005,Hurricane (Typhoon),OTHER,65+,F,D
2005,Hurricane (Typhoon),OTHER,65+,F,D
2005,Hurricane (Typhoon),OTHER,40-64,M,D
2005,Hurricane (Typhoon),OTHER,65+,F,D
2005,Hurricane (Typhoon),OTHER,65+,M,D
2005,Hurricane (Typhoon),OTHER,40-64,M,D
2005,Hurricane (Typhoon),OTHER,65+,F,D
2005,Hurricane (Typhoon),OTHER,65+,M,D
2005,Hurricane (Typhoon),OTHER,65+,M,D
2005,Hurricane (Typhoon),OTHER,65+,F,D
2005,Hurricane (Typhoon),OTHER,65+,M,D
2005,Hurricane (Typhoon),OTHER,65+,F,D
2005,Hurricane (Typhoon),OTHER,65+,M,D
2005,Hurricane (Typhoon),OTHER,40-64,M,D
2005,Hurricane (Typhoon),OTHER,65+,F,D
2005,Hurricane (Typhoon),OTHER,65+,F,D
2005,Hurricane (Typhoon),OTHER,65+,M,D
2005,Hurricane (Typhoon),OTHER,40-64,F,D
2005,Hurricane (Typhoon),OTHER,65+,F,D
2005,Hurricane (Typhoon),OTHER,65+,M,D
2005,Hurricane (Typhoon),OTHER,65+,F,D
2005,Hurricane (Typhoon),OTHER,65+,F,D
2005,Hurricane (Typhoon),OTHER,65+,F,D
2005,Hurricane (Typhoon),OTHER,65+,M,D
2005,Hurricane (Typhoon),OTHER,65+,F,D
2005,Hurricane (Typhoon),OTHER,65+,M,D
2005,Hurricane (Typhoon),OTHER,65+,F,D
2005,Hurricane (Typhoon),OTHER,65+,F,D
2005,Hurricane (Typhoon),OTHER,40-64,M,D
2005,Hurricane (Typhoon),OTHER,40-64,M,D
2005,Hurricane (Typhoon),OTHER,65+,M,D
2005,Hurricane (Typhoon),OTHER,65+,M,D
2005,Hurricane (Typhoon),OTHER,65+,M,D
2005,Hurricane (Typhoon),OTHER,65+,F,D
2005,Hurricane (Typhoon),OTHER,40-64,M,D
2005,Hurricane (Typhoon),OTHER,65+,F,D
2005,Hurricane (Typhoon),OTHER,40-64,M,D
2005,Hurricane (Typhoon),OTHER,40-64,M,D
2005,Hurricane (Typhoon),OTHER,65+,F,D
2005,Hurricane (Typhoon),OTHER,40-64,M,D
2005,Hurricane (Typhoon),OTHER,40-64,M,D
2005,Hurricane (Typhoon),OTHER,65+,M,D
2005,Hurricane (Typhoon),OTHER,40-64,F,D
2005,Hurricane (Typhoon),OTHER,40-64,M,D
2005,Hurricane (Typhoon),OTHER,40-64,F,D
2005,Hurricane (Typhoon),OTHER,40-64,M,D
2005,Hurricane (Typhoon),OTHER,65+,M,D
2005,Hurricane (Typhoon),OTHER,40-64,F,D
2005,Hurricane (Typhoon),OTHER,65+,M,D
2005,Hurricane (Typhoon),OTHER,65+,F,D
2005,Hurricane (Typhoon),OTHER,65+,F,D
2005,Hurricane (Typhoon),OTHER,40-64,M,D
2005,Hurricane (Typhoon),OTHER,65+,F,D
2005,Hurricane (Typhoon),OTHER,18-39,M,D
2005,Hurricane (Typhoon),OTHER,40-64,M,D
2005,Hurricane (Typhoon),OTHER,40-64,M,D
2005,Hurricane (Typhoon),OTHER,40-64,M,D
2005,Hurricane (Typhoon),OTHER,0-17,F,D
2005,Hurricane (Typhoon),OTHER,65+,M,D
2005,Hurricane (Typhoon),OTHER,65+,M,D
2005,Hurricane (Typhoon),OTHER,65+,F,D
2005,Hurricane (Typhoon),OTHER,65+,F,D
2005,Hurricane (Typhoon),OTHER,65+,F,D
2005,Hurricane (Typhoon),OTHER,65+,F,D
2005,Hurricane (Typhoon),OTHER,65+,M,D
2005,Hurricane (Typhoon),OTHER,40-64,F,D
2005,Hurricane (Typhoon),OTHER,65+,F,D
2005,Hurricane (Typhoon),OTHER,40-64,M,D
2005,Hurricane (Typhoon),OTHER,65+,F,D
2005,Hurricane (Typhoon),OTHER,18-39,M,D
2005,Hurricane (Typhoon),OTHER,65+,F,D
2005,Hurricane (Typhoon),OTHER,40-64,M,D
2005,Hurricane (Typhoon),OTHER,65+,F,D
2005,Hurricane (Typhoon),OTHER,65+,M,D
2005,Hurricane (Typhoon),OTHER,65+,F,D
2005,Hurricane (Typhoon),OTHER,65+,M,D
2005,Hurricane (Typhoon),OTHER,65+,M,D
2005,Hurricane (Typhoon),OTHER,40-64,F,D
2005,Hurricane (Typhoon),OTHER,40-64,M,D
2005,Hurricane (Typhoon),OTHER,40-64,M,D
2005,Hurricane (Typhoon),OTHER,65+,F,D
2005,Hurricane (Typhoon),OTHER,65+,F,D
2005,Hurricane (Typhoon),OTHER,65+,M,D
2005,Hurricane (Typhoon),OTHER,65+,F,D
2005,Hurricane (Typhoon),OTHER,40-64,M,D
2005,Hurricane (Typhoon),OTHER,40-64,F,D
2005,Hurricane (Typhoon),OTHER,40-64,M,D
2005,Hurricane (Typhoon),OTHER,40-64,M,D
2005,Hurricane (Typhoon),OTHER,65+,F,D
2005,Hurricane (Typhoon),OTHER,40-64,F,D
2005,Hurricane (Typhoon),OTHER,40-64,M,D
2005,Hurricane (Typhoon),OTHER,65+,M,D
2005,Hurricane (Typhoon),OTHER,40-64,M,D
2005,Hurricane (Typhoon),OTHER,65+,M,D
2005,Hurricane (Typhoon),OTHER,18-39,M,D
2005,Hurricane (Typhoon),OTHER,65+,M,D
2005,Hurricane (Typhoon),OTHER,65+,M,D
2005,Hurricane (Typhoon),OTHER,18-39,M,D
2005,Hurricane (Typhoon),OTHER,65+,F,D
2005,Hurricane (Typhoon),OTHER,65+,M,D
2005,Hurricane (Typhoon),OTHER,18-39,M,D
2005,Hurricane (Typhoon),OTHER,65+,M,D
2005,Hurricane (Typhoon),OTHER,40-64,M,D
2005,Hurricane (Typhoon),OTHER,40-64,F,D
2005,Hurricane (Typhoon),OTHER,18-39,M,D
2005,Hurricane (Typhoon),OTHER,40-64,M,D
2005,Hurricane (Typhoon),OTHER,40-64,M,D
2005,Hurricane (Typhoon),OTHER,65+,F,D
2005,Hurricane (Typhoon),OTHER,65+,M,D
2005,Hurricane (Typhoon),OTHER,65+,F,D
2005,Hurricane (Typhoon),OTHER,65+,M,D
2005,Hurricane (Typhoon),OTHER,65+,M,D
2005,Hurricane (Typhoon),OTHER,65+,M,D
2005,Hurricane (Typhoon),OTHER,40-64,M,D
2005,Hurricane (Typhoon),OTHER,65+,M,D
2005,Hurricane (Typhoon),OTHER,65+,M,D
2005,Hurricane (Typhoon),OTHER,65+,F,D
2005,Hurricane (Typhoon),OTHER,65+,F,D
2005,Hurricane (Typhoon),OTHER,65+,M,D
2005,Hurricane (Typhoon),OTHER,40-64,M,D
2005,Hurricane (Typhoon),OTHER,40-64,F,D
2005,Hurricane (Typhoon),OTHER,65+,F,D
2005,Hurricane (Typhoon),OTHER,65+,M,D
2005,Hurricane (Typhoon),OTHER,65+,F,D
2005,Hurricane (Typhoon),OTHER,18-39,M,D
2005,Hurricane (Typhoon),OTHER,40-64,F,D
2005,Hurricane (Typhoon),OTHER,65+,F,D
2005,Hurricane (Typhoon),OTHER,65+,F,D
2005,Hurricane (Typhoon),OTHER,65+,M,D
2005,Hurricane (Typhoon),OTHER,65+,F,D
2005,Hurricane (Typhoon),OTHER,65+,F,D
2005,Hurricane (Typhoon),OTHER,65+,F,D
2005,Hurricane (Typhoon),OTHER,65+,M,D
2005,Hurricane (Typhoon),OTHER,65+,M,D
2005,Hurricane (Typhoon),OTHER,65+,F,D
2005,Hurricane (Typhoon),OTHER,65+,M,D
2005,Hurricane (Typhoon),OTHER,65+,F,D
2005,Hurricane (Typhoon),OTHER,65+,F,D
2005,Hurricane (Typhoon),OTHER,65+,F,D
2005,Hurricane (Typhoon),OTHER,65+,M,D
2005,Hurricane (Typhoon),OTHER,65+,F,D
2005,Hurricane (Typhoon),OTHER,65+,F,D
2005,Hurricane (Typhoon),OTHER,40-64,M,D
2005,Hurricane (Typhoon),OTHER,40-64,M,D
2005,Hurricane (Typhoon),OTHER,65+,F,D
2005,Hurricane (Typhoon),OTHER,40-64,M,D
2005,Hurricane (Typhoon),OTHER,65+,F,D
2005,Hurricane (Typhoon),OTHER,18-39,M,D
2005,Hurricane (Typhoon),OTHER,65+,M,D
2005,Hurricane (Typhoon),OTHER,65+,F,D
2005,Hurricane (Typhoon),OTHER,65+,F,D
2005,Hurricane (Typhoon),OTHER,65+,F,D
2005,Hurricane (Typhoon),OTHER,40-64,M,D
2005,Hurricane (Typhoon),OTHER,65+,M,D
2005,Hurricane (Typhoon),OTHER,40-64,M,D
2005,Hurricane (Typhoon),OTHER,65+,M,D
2005,Hurricane (Typhoon),OTHER,65+,F,D
2005,Hurricane (Typhoon),OTHER,65+,M,D
2005,Hurricane (Typhoon),OTHER,18-39,F,D
2005,Hurricane (Typhoon),OTHER,65+,M,D
2005,Hurricane (Typhoon),OTHER,65+,F,D
2005,Hurricane (Typhoon),OTHER,65+,M,D
2005,Hurricane (Typhoon),OUTDOOR,40-64,M,D
2005,Hurricane (Typhoon),OUTDOOR,40-64,M,D
2005,Hurricane (Typhoon),OUTDOOR,65+,F,D
2005,Hurricane (Typhoon),OUTDOOR,18-39,F,D
2005,Hurricane (Typhoon),OUTDOOR,40-64,F,D
2005,Hurricane (Typhoon),OUTDOOR,65+,M,D
2005,Hurricane (Typhoon),OUTDOOR,40-64,M,D
2005,Hurricane (Typhoon),OUTDOOR,18-39,F,D
2005,Hurricane (Typhoon),OUTDOOR,18-39,F,D
2005,Hurricane (Typhoon),MH,18-39,F,D
2005,Hurricane (Typhoon),OTHER,18-39,M,D
2005,Hurricane (Typhoon),OTHER,65+,M,D
2005,Hurricane (Typhoon),OTHER,65+,M,D
2005,Hurricane (Typhoon),OTHER,65+,M,D
2005,Hurricane (Typhoon),OTHER,65+,M,D
2005,Hurricane (Typhoon),OTHER,40-64,F,D
2005,Hurricane (Typhoon),OTHER,65+,F,D
2005,Hurricane (Typhoon),OTHER,40-64,M,D
2005,Hurricane (Typhoon),OTHER,65+,F,D
2005,Hurricane (Typhoon),OTHER,65+,F,D
2005,Hurricane (Typhoon),OTHER,40-64,M,D
2005,Hurricane (Typhoon),OTHER,65+,M,D
2005,Hurricane (Typhoon),OTHER,40-64,F,D
2005,Hurricane (Typhoon),OTHER,40-64,M,D
2005,Hurricane (Typhoon),OTHER,65+,M,D
2005,Hurricane (Typhoon),OTHER,40-64,M,D
2005,Hurricane (Typhoon),OTHER,65+,F,D
2005,Hurricane (Typhoon),OTHER,65+,F,D
2005,Hurricane (Typhoon),OTHER,65+,M,D
2005,Hurricane (Typhoon),OTHER,65+,F,D
2005,Hurricane (Typhoon),OTHER,65+,M,D
2005,Hurricane (Typhoon),OTHER,65+,F,D
2005,Hurricane (Typhoon),OTHER,40-64,M,D
2005,Hurricane (Typhoon),OTHER,65+,F,D
2005,Hurricane (Typhoon),OTHER,65+,M,D
2005,Hurricane (Typhoon),OTHER,65+,F,D
2005,Hurricane (Typhoon),OTHER,40-64,F,D
2005,Hurricane (Typhoon),OTHER,65+,F,D
2005,Hurricane (Typhoon),OTHER,65+,M,D
2005,Hurricane (Typhoon),OTHER,65+,M,D
2005,Hurricane (Typhoon),OTHER,18-39,M,D
2005,Hurricane (Typhoon),OTHER,65+,F,D
2005,Hurricane (Typhoon),OTHER,65+,M,D
2005,Hurricane (Typhoon),OTHER,65+,F,D
2005,Ice Storm,RES,40-64,M,D
2005,Ice Storm,VEHICLE,65+,M,D
2005,Lightning,OUTDOOR,0-17,M,D
2005,Lightning,OUTDOOR,unknown,M,D
2005,Lightning,OUTDOOR,18-39,M,D
2005,Lightning,OUTDOOR,18-39,M,D
2005,Lightning,OUTDOOR,65+,F,D
2005,Lightning,OUTDOOR,40-64,M,D
2005,Lightning,OUTDOOR,0-17,M,D
2005,Lightning,OUTDOOR,18-39,M,D
2005,Lightning,OUTDOOR,0-17,F,D
2005,Lightning,OUTDOOR,40-64,M,D
2005,Lightning,OUTDOOR,0-17,M,D
2005,Lightning,OUTDOOR,0-17,F,D
2005,Lightning,OUTDOOR,65+,M,D
2005,Lightning,OUTDOOR,40-64,F,D
2005,Lightning,OUTDOOR,40-64,M,D
2005,Lightning,OUTDOOR,unknown,unknown,D
2005,Lightning,OUTDOOR,0-17,M,D
2005,Lightning,OUTDOOR,40-64,M,D
2005,Lightning,OUTDOOR,unknown,M,D
2005,Lightning,OUTDOOR,18-39,M,D
2005,Lightning,OUTDOOR,unknown,M,D
2005,Lightning,OUTDOOR,0-17,M,D
2005,Lightning,OUTDOOR,18-39,M,D
2005,Lightning,WATER,40-64,M,D
2005,Lightning,OUTDOOR,18-39,M,D
2005,Lightning,OUTDOOR,18-39,M,D
2005,Lightning,OUTDOOR,0-17,M,D
2005,Lightning,OUTDOOR,40-64,M,D
2005,Lightning,OUTDOOR,0-17,M,D
2005,Lightning,OUTDOOR,18-39,M,D
2005,Lightning,OUTDOOR,18-39,M,D
2005,Lightning,OUTDOOR,40-64,M,D
2005,Lightning,OUTDOOR,unknown,M,D
2005,Lightning,OUTDOOR,40-64,M,D
2005,Lightning,OUTDOOR,18-39,M,D
2005,Rip Current,WATER,18-39,M,D
2005,Rip Current,WATER,40-64,M,D
2005,Rip Current,WATER,18-39,M,D
2005,Rip Current,WATER,18-39,M,D
2005,Rip Current,WATER,18-39,M,D
2005,Rip Current,WATER,0-17,M,D
2005,Rip Current,WATER,40-64,M,D
2005,Rip Current,WATER,40-64,M,D
2005,Rip Current,WATER,18-39,M,D
2005,Rip Current,WATER,65+,M,D
2005,Rip Current,WATER,65+,F,D
2005,Rip Current,OUTDOOR,40-64,F,D
2005,Rip Current,WATER,65+,F,D
2005,Rip Current,WATER,65+,M,D
2005,Rip Current,WATER,18-39,M,D
2005,Rip Current,WATER,0-17,F,D
2005,Rip Current,OUTDOOR,18-39,M,D
2005,Rip Current,WATER,unknown,F,D
2005,Rip Current,WATER,0-17,M,D
2005,Rip Current,WATER,0-17,M,D
2005,Rip Current,WATER,18-39,M,D
2005,Rip Current,WATER,40-64,M,D
2005,Rip Current,WATER,18-39,M,D
2005,Rip Current,WATER,0-17,M,D
2005,Rip Current,WATER,40-64,F,D
2005,Rip Current,WATER,40-64,M,D
2005,Rip Current,WATER,18-39,M,D
2005,Rip Current,WATER,18-39,unknown,D
2005,Rip Current,WATER,18-39,M,D
2005,Rip Current,WATER,0-17,F,D
2005,Rip Current,WATER,40-64,M,D
2005,Rip Current,WATER,18-39,unknown,D
2005,Strong Wind,RES,18-39,M,D
2005,Strong Wind,PUBLIC,18-39,M,D
2005,Strong Wind,VEHICLE,40-64,M,D
2005,Strong Wind,OUTDOOR,0-17,F,D
2005,Strong Wind,OUTDOOR,18-39,F,D
2005,Thunderstorm Wind,VEHICLE,65+,F,D
2005,Thunderstorm Wind,OUTDOOR,40-64,M,D
2005,Thunderstorm Wind,WATER,65+,F,D
2005,Thunderstorm Wind,WATER,65+,F,D
2005,Thunderstorm Wind,OUTDOOR,40-64,M,D
2005,Thunderstorm Wind,OUTDOOR,0-17,M,D
2005,Thunderstorm Wind,OUTDOOR,unknown,M,D
2005,Thunderstorm Wind,VEHICLE,40-64,M,D
2005,Thunderstorm Wind,VEHICLE,40-64,M,D
2005,Thunderstorm Wind,MH,40-64,M,D
2005,Thunderstorm Wind,VEHICLE,40-64,F,D
2005,Thunderstorm Wind,OUTDOOR,40-64,M,D
2005,Thunderstorm Wind,OUTDOOR,65+,M,D
2005,Thunderstorm Wind,OUTDOOR,65+,M,D
2005,Thunderstorm Wind,OUTDOOR,18-39,M,D
2005,Tornado,MH,18-39,F,D
2005,Tornado,MH,18-39,M,D
2005,Tornado,MH,40-64,M,D
2005,Tornado,RES,40-64,M,D
2005,Tornado,RES,40-64,M,D
2005,Tornado,MH,40-64,F,D
2005,Tornado,VEHICLE,18-39,F,D
2005,Tornado,MH,40-64,M,D
2005,Tornado,MH,40-64,M,D
2005,Tornado,MH,65+,F,D
2005,Tornado,MH,40-64,M,D
2005,Tornado,MH,65+,F,D
2005,Tornado,MH,18-39,M,D
2005,Tornado,MH,40-64,F,D
2005,Tornado,MH,65+,M,D
2005,Tornado,MH,40-64,F,D
2005,Tornado,MH,0-17,M,D
2005,Tornado,VEHICLE,18-39,M,D
2005,Tornado,WATER,18-39,M,D
2005,Tornado,MH,18-39,F,D
2005,Tornado,MH,18-39,F,D
2005,Tornado,MH,0-17,M,D
2005,Tornado,MH,65+,M,D
2005,Tornado,MH,65+,F,D
2005,Tornado,MH,18-39,M,D
2005,Tornado,MH,18-39,F,D
2005,Tornado,MH,40-64,F,D
2005,Tornado,MH,40-64,F,D
2005,Tornado,MH,40-64,F,D
2005,Tornado,MH,18-39,M,D
2005,Tornado,MH,0-17,M,D
2005,Tornado,MH,18-39,M,D
2005,Tornado,MH,40-64,F,D
2005,Tornado,MH,40-64,M,D
2005,Tornado,MH,0-17,F,D
2005,Wildfire,OUTDOOR,40-64,M,D
2005,Wildfire,OUTDOOR,65+,M,D
2005,Wildfire,PUBLIC,40-64,F,D
2005,Wildfire,RES,unknown,F,D
2005,Wildfire,RES,unknown,F,D
2005,Wildfire,OUTDOOR,65+,F,D
2005,Winter Storm,RES,40-64,F,D
2005,Winter Storm,OUTDOOR,65+,F,D
2005,Winter Storm,OUTDOOR,65+,F,D
2005,Winter Storm,OUTDOOR,18-39,M,D
2005,Winter Storm,OUTDOOR,65+,M,D
2005,Winter Storm,VEHICLE,0-17,M,D
2005,Winter Storm,VEHICLE,40-64,M,D
2005,Winter Storm,VEHICLE,65+,M,D
2005,Winter Storm,OUTDOOR,40-64,M,D
2005,Winter Storm,OUTDOOR,40-64,M,D
2005,Winter Storm,OUTDOOR,40-64,M,D
2005,Winter Storm,RES,65+,M,D
2005,Winter Storm,OUTDOOR,18-39,M,D
2005,Winter Storm,OUTDOOR,18-39,F,D
2005,Winter Storm,OUTDOOR,65+,M,D
2005,Winter Weather,VEHICLE,18-39,M,D
2005,Winter Weather,VEHICLE,65+,M,D
2005,Winter Weather,VEHICLE,18-39,M,D
2005,Winter Weather,VEHICLE,18-39,M,D
2005,Winter Weather,VEHICLE,18-39,F,D
2005,Winter Weather,VEHICLE,0-17,F,D
2005,Winter Weather,VEHICLE,0-17,F,D
2005,Winter Weather,VEHICLE,unknown,F,D
2005,Winter Weather,VEHICLE,18-39,M,D
2006,Avalanche,OUTDOOR,unknown,M,D
2006,Avalanche,OUTDOOR,18-39,M,D
2006,Avalanche,OUTDOOR,0-17,F,D
2006,Avalanche,OUTDOOR,unknown,M,D
2006,Avalanche,OUTDOOR,18-39,M,D
2006,Avalanche,OUTDOOR,40-64,M,D
2006,Avalanche,OUTDOOR,0-17,M,D
2006,Avalanche,OUTDOOR,18-39,F,D
2006,Avalanche,OUTDOOR,18-39,M,D
2006,Avalanche,OUTDOOR,18-39,M,D
2006,Avalanche,OUTDOOR,18-39,M,D
2006,Avalanche,OUTDOOR,40-64,M,D
2006,Avalanche,OUTDOOR,18-39,F,D
2006,Blizzard,OUTDOOR,65+,M,I
2006,Blizzard,OUTDOOR,unknown,unknown,I
2006,Blizzard,OUTDOOR,unknown,M,I
2006,Blizzard,OUTDOOR,40-64,F,D
2006,Cold/Wind Chill,OUTDOOR,65+,F,D
2006,Cold/Wind Chill,OUTDOOR,40-64,M,D
2006,Cold/Wind Chill,OUTDOOR,40-64,M,D
2006,Debris Flow,VEHICLE,40-64,F,D
2006,Debris Flow,VEHICLE,40-64,M,D
2006,Debris Flow,OUTDOOR,65+,M,D
2006,Dense Fog,OTHER,unknown,M,I
2006,Dense Fog,VEHICLE,unknown,F,D
2006,Dense Fog,VEHICLE,40-64,M,D
2006,Dense Fog,VEHICLE,18-39,M,D
2006,Dense Fog,VEHICLE,18-39,M,I
2006,Dense Fog,VEHICLE,unknown,unknown,I
2006,Dust Storm,VEHICLE,65+,F,D
2006,Dust Storm,VEHICLE,65+,M,D
2006,Extreme Cold/Wind Chill,PUBLIC,18-39,M,D
2006,Extreme Cold/Wind Chill,RES,65+,M,D
2006,Extreme Cold/Wind Chill,RES,65+,F,D
2006,Extreme Cold/Wind Chill,RES,65+,F,D
2006,Extreme Cold/Wind Chill,RES,65+,M,D
2006,Extreme Cold/Wind Chill,OUTDOOR,40-64,M,D
2006,Extreme Cold/Wind Chill,OUTDOOR,40-64,M,D
2006,Flash Flood,OUTDOOR,0-17,M,D
2006,Flash Flood,VEHICLE,unknown,M,D
2006,Flash Flood,VEHICLE,18-39,M,D
2006,Flash Flood,VEHICLE,40-64,M,D
2006,Flash Flood,VEHICLE,unknown,unknown,D
2006,Flash Flood,WATER,0-17,M,D
2006,Flash Flood,VEHICLE,65+,M,D
2006,Flash Flood,WATER,0-17,M,D
2006,Flash Flood,OUTDOOR,0-17,M,D
2006,Flash Flood,WATER,0-17,M,D
2006,Flash Flood,WATER,18-39,F,D
2006,Flash Flood,WATER,18-39,F,D
2006,Flash Flood,WATER,18-39,M,D
2006,Flash Flood,WATER,18-39,M,D
2006,Flash Flood,WATER,18-39,M,D
2006,Flash Flood,WATER,40-64,M,D
2006,Flash Flood,VEHICLE,0-17,F,D
2006,Flash Flood,VEHICLE,18-39,F,D
2006,Flash Flood,WATER,18-39,M,D
2006,Flash Flood,MH,0-17,F,D
2006,Flash Flood,VEHICLE,unknown,unknown,D
2006,Flash Flood,VEHICLE,unknown,unknown,D
2006,Flash Flood,WATER,unknown,M,D
2006,Flash Flood,WATER,unknown,M,D
2006,Flash Flood,VEHICLE,18-39,F,D
2006,Flash Flood,VEHICLE,40-64,M,D
2006,Flash Flood,WATER,unknown,M,D
2006,Flash Flood,WATER,0-17,M,D
2006,Flash Flood,WATER,18-39,M,D
2006,Flash Flood,VEHICLE,40-64,M,D
2006,Flash Flood,VEHICLE,0-17,M,D
2006,Flash Flood,WATER,18-39,F,D
2006,Flash Flood,VEHICLE,40-64,M,D
2006,Flash Flood,WATER,0-17,M,D
2006,Flash Flood,WATER,40-64,M,D
2006,Flash Flood,WATER,40-64,M,D
2006,Flash Flood,WATER,18-39,M,D
2006,Flash Flood,RES,40-64,F,D
2006,Flash Flood,WATER,0-17,M,D
2006,Flash Flood,VEHICLE,18-39,M,D
2006,Flash Flood,VEHICLE,40-64,M,D
2006,Flash Flood,VEHICLE,0-17,M,D
2006,Flash Flood,VEHICLE,18-39,M,D
2006,Flash Flood,VEHICLE,0-17,M,D
2006,Flash Flood,VEHICLE,0-17,M,D
2006,Flash Flood,OUTDOOR,40-64,M,D
2006,Flash Flood,VEHICLE,18-39,F,D
2006,Flash Flood,WATER,18-39,F,D
2006,Flash Flood,WATER,18-39,F,D
2006,Flash Flood,OUTDOOR,unknown,F,D
2006,Flash Flood,VEHICLE,40-64,F,D
2006,Flash Flood,VEHICLE,18-39,F,D
2006,Flash Flood,VEHICLE,40-64,F,D
2006,Flash Flood,VEHICLE,18-39,F,D
2006,Flash Flood,OUTDOOR,18-39,M,D
2006,Flash Flood,VEHICLE,unknown,M,D
2006,Flash Flood,VEHICLE,40-64,M,D
2006,Flash Flood,VEHICLE,18-39,M,D
2006,Flood,OUTDOOR,unknown,M,D
2006,Flood,WATER,unknown,M,D
2006,Flood,VEHICLE,18-39,M,D
2006,Flood,WATER,40-64,M,D
2006,Flood,WATER,40-64,M,D
2006,Flood,WATER,18-39,M,D
2006,Flood,WATER,40-64,F,D
2006,Flood,WATER,40-64,M,D
2006,Flood,WATER,unknown,F,D
2006,Flood,WATER,40-64,M,D
2006,Flood,WATER,0-17,F,D
2006,Flood,RES,65+,F,D
2006,Flood,VEHICLE,40-64,M,D
2006,Flood,WATER,18-39,M,D
2006,Flood,VEHICLE,18-39,F,I
2006,Flood,VEHICLE,18-39,M,D
2006,Flood,WATER,40-64,M,D
2006,Flood,WATER,18-39,M,D
2006,Flood,WATER,18-39,M,D
2006,Flood,WATER,40-64,M,D
2006,Freezing Fog,VEHICLE,unknown,unknown,I
2006,Hail,RES,65+,M,D
2006,Hail,OUTDOOR,65+,F,D
2006,Hail,VEHICLE,0-17,F,D
2006,Hail,OUTDOOR,65+,F,D
2006,Heat,RES,40-64,M,D
2006,Heat,RES,40-64,M,D
2006,Heat,RES,65+,F,D
2006,Heat,RES,40-64,M,D
2006,Heat,RES,40-64,M,D
2006,Heat,RES,40-64,M,D
2006,Heat,RES,40-64,F,D
2006,Heat,RES,65+,M,D
2006,Heat,RES,65+,F,D
2006,Heat,RES,40-64,F,D
2006,Heat,RES,40-64,F,D
2006,Heat,RES,65+,F,D
2006,Heat,RES,65+,M,D
2006,Heat,RES,65+,M,D
2006,Heat,OTHER,65+,F,D
2006,Heat,RES,65+,F,D
2006,Heat,OUTDOOR,65+,F,D
2006,Heat,OUTDOOR,18-39,M,D
2006,Heat,OUTDOOR,40-64,M,D
2006,Heat,OUTDOOR,40-64,M,D
2006,Heat,RES,65+,F,D
2006,Heat,RES,65+,F,D
2006,Heat,RES,65+,M,D
2006,Heat,RES,40-64,M,D
2006,Heat,RES,40-64,M,D
2006,Heat,RES,65+,F,D
2006,Heat,OTHER,65+,F,D
2006,Heat,RES,65+,M,D
2006,Heat,OTHER,40-64,M,D
2006,Heat,OTHER,40-64,M,D
2006,Heat,OUTDOOR,0-17,M,D
2006,Heat,RES,65+,M,D
2006,Heat,OTHER,40-64,M,D
2006,Heat,OTHER,40-64,M,D
2006,Heat,OTHER,40-64,M,D
2006,Heat,RES,65+,M,D
2006,Heat,OTHER,40-64,F,D
2006,Heat,OUTDOOR,40-64,M,D
2006,Heat,OUTDOOR,18-39,M,D
2006,Heat,OUTDOOR,18-39,M,D
2006,Heat,OUTDOOR,0-17,M,D
2006,Heat,OUTDOOR,40-64,F,D
2006,Heat,RES,65+,M,D
2006,Heat,RES,65+,F,D
2006,Heat,OTHER,40-64,M,D
2006,Heat,OTHER,40-64,M,D
2006,Heat,OTHER,40-64,M,D
2006,Heat,OTHER,65+,M,D
2006,Heat,OTHER,65+,F,D
2006,Heat,OTHER,40-64,M,D
2006,Heat,OTHER,65+,F,D
2006,Heat,OTHER,18-39,M,D
2006,Heat,OUTDOOR,65+,M,D
2006,Heat,OUTDOOR,65+,M,D
2006,Heat,RES,65+,F,D
2006,Heat,RES,65+,M,D
2006,Heat,RES,18-39,M,D
2006,Heat,RES,40-64,M,D
2006,Heat,RES,65+,F,D
2006,Heat,RES,65+,M,D
2006,Heat,RES,65+,F,D
2006,Heat,RES,65+,M,D
2006,Heat,RES,65+,F,D
2006,Heat,RES,40-64,M,D
2006,Heat,RES,40-64,M,D
2006,Heat,RES,65+,M,D
2006,Heat,PUBLIC,65+,F,D
2006,Heat,RES,65+,M,D
2006,Heat,RES,40-64,M,D
2006,Heat,RES,40-64,M,D
2006,Heat,RES,65+,M,D
2006,Heat,RES,65+,F,D
2006,Heat,OUTDOOR,40-64,F,D
2006,Heat,RES,40-64,M,D
2006,Heat,RES,65+,F,D
2006,Heat,RES,65+,M,D
2006,Heat,RES,40-64,F,D
2006,Heat,RES,65+,F,D
2006,Heat,RES,65+,F,D
2006,Heat,OUTDOOR,40-64,M,D
2006,Heat,OUTDOOR,65+,F,D
2006,Heat,OTHER,65+,M,D
2006,Heat,RES,65+,M,D
2006,Heat,RES,65+,M,D
2006,Heat,RES,65+,F,D
2006,Heat,OTHER,65+,F,D
2006,Heat,RES,65+,M,D
2006,Heat,OTHER,65+,F,D
2006,Heat,RES,65+,M,D
2006,Heat,MH,65+,F,D
2006,Heat,OUTDOOR,40-64,M,D
2006,Heat,OUTDOOR,40-64,M,D
2006,Heat,OUTDOOR,18-39,M,D
2006,Heat,OUTDOOR,18-39,M,D
2006,Heat,RES,18-39,M,D
2006,Heat,PUBLIC,18-39,M,D
2006,Heat,OTHER,40-64,M,D
2006,Heat,OUTDOOR,40-64,M,D
2006,Heat,VEHICLE,40-64,M,D
2006,Heat,RES,40-64,M,D
2006,Heat,RES,40-64,F,D
2006,Heat,RES,40-64,M,D
2006,Heat,OTHER,65+,M,D
2006,Heat,OTHER,65+,M,D
2006,Heat,OUTDOOR,40-64,M,D
2006,Heat,OUTDOOR,65+,M,D
2006,Heat,OUTDOOR,65+,M,D
2006,Heat,OTHER,65+,M,D
2006,Heat,RES,65+,M,D
2006,Heat,RES,65+,M,D
2006,Heat,VEHICLE,0-17,M,D
2006,Heat,RES,65+,F,D
2006,Heat,RES,65+,M,D
2006,Heat,RES,65+,M,D
2006,Heat,OTHER,40-64,M,D
2006,Heat,OTHER,40-64,M,D
2006,Heat,MH,65+,F,D
2006,Heat,OTHER,65+,F,D
2006,Heat,OTHER,18-39,M,D
2006,Heat,RES,65+,F,D
2006,Heat,OTHER,65+,F,D
2006,Heat,OTHER,65+,M,D
2006,Heat,RES,65+,M,D
2006,Heat,OUTDOOR,40-64,M,D
2006,Heat,OTHER,65+,M,D
2006,Heat,OUTDOOR,40-64,M,D
2006,Heat,RES,40-64,M,D
2006,Heat,RES,65+,M,D
2006,Heat,RES,40-64,M,D
2006,Heat,RES,40-64,M,D
2006,Heat,RES,65+,M,D
2006,Heat,RES,65+,F,D
2006,Heat,RES,40-64,M,D
2006,Heat,RES,65+,F,D
2006,Heat,RES,65+,M,D
2006,Heat,RES,65+,M,D
2006,Heat,RES,40-64,F,D
2006,Heat,RES,40-64,F,D
2006,Heat,RES,40-64,M,D
2006,Heat,RES,40-64,F,D
2006,Heat,RES,65+,M,D
2006,Heat,RES,65+,M,D
2006,Heat,RES,65+,M,D
2006,Heat,OTHER,65+,F,D
2006,Heat,OTHER,65+,F,D
2006,Heat,RES,65+,F,D
2006,Heat,OTHER,65+,F,D
2006,Heat,OTHER,65+,F,D
2006,Heat,OTHER,40-64,M,D
2006,Heat,OTHER,65+,M,D
2006,Heat,OTHER,65+,M,D
2006,Heat,OTHER,65+,M,D
2006,Heat,OTHER,40-64,M,D
2006,Heat,OTHER,40-64,M,D
2006,Heat,OTHER,65+,F,D
2006,Heat,OUTDOOR,18-39,M,D
2006,Heat,OTHER,40-64,F,D
2006,Heat,OTHER,40-64,M,D
2006,Heat,RES,40-64,M,D
2006,Heat,OTHER,65+,F,D
2006,Heat,OTHER,40-64,M,D
2006,Heat,OTHER,65+,F,D
2006,Heat,OTHER,18-39,M,D
2006,Heat,OUTDOOR,40-64,M,D
2006,Heat,RES,65+,M,D
2006,Heat,OUTDOOR,40-64,M,D
2006,Heat,RES,65+,M,D
2006,Heat,RES,65+,F,D
2006,Heat,RES,65+,M,D
2006,Heat,RES,65+,M,D
2006,Heat,RES,40-64,M,D
2006,Heat,RES,40-64,M,D
2006,Heat,RES,65+,M,D
2006,Heat,RES,40-64,M,D
2006,Heat,RES,65+,F,D
2006,Heat,RES,65+,M,D
2006,Heat,RES,40-64,M,D
2006,Heat,RES,40-64,M,D
2006,Heat,RES,0-17,F,D
2006,Heat,RES,65+,M,D
2006,Heat,RES,65+,M,D
2006,Heat,RES,40-64,M,D
2006,Heat,OUTDOOR,40-64,M,D
2006,Heat,OTHER,40-64,F,D
2006,Heat,OTHER,40-64,M,D
2006,Heat,OTHER,40-64,M,D
2006,Heat,OTHER,40-64,M,D
2006,Heat,OUTDOOR,40-64,M,D
2006,Heat,OUTDOOR,40-64,M,D
2006,Heat,OUTDOOR,40-64,M,D
2006,Heat,OTHER,18-39,M,D
2006,Heat,RES,65+,F,D
2006,Heat,RES,65+,M,D
2006,Heat,RES,40-64,M,D
2006,Heat,OTHER,40-64,F,D
2006,Heat,RES,65+,M,D
2006,Heat,RES,40-64,M,D
2006,Heat,RES,65+,F,D
2006,Heat,RES,65+,F,D
2006,Heat,RES,65+,F,D
2006,Heat,OUTDOOR,40-64,M,D
2006,Heat,OTHER,65+,M,D
2006,Heat,OTHER,40-64,M,D
2006,Heat,OTHER,40-64,M,D
2006,Heat,OUTDOOR,0-17,M,D
2006,Heat,OTHER,65+,F,D
2006,Heat,RES,40-64,F,D
2006,Heat,OUTDOOR,65+,F,D
2006,Heat,OUTDOOR,40-64,F,D
2006,Heat,OTHER,65+,F,D
2006,Heat,OTHER,40-64,M,D
2006,Heat,OTHER,65+,M,D
2006,Heat,OUTDOOR,40-64,M,D
2006,Heat,RES,65+,F,D
2006,Heat,RES,65+,M,D
2006,Heat,RES,65+,M,D
2006,Heat,RES,65+,F,D
2006,Heat,OTHER,40-64,M,D
2006,Heat,OTHER,65+,M,D
2006,Heat,OTHER,65+,F,D
2006,Heat,OUTDOOR,unknown,M,D
2006,Heat,OTHER,40-64,F,D
2006,Heat,MH,18-39,M,D
2006,Heat,OUTDOOR,40-64,F,D
2006,Heat,OTHER,40-64,M,D
2006,Heat,OTHER,65+,F,D
2006,Heat,OTHER,65+,M,D
2006,Heat,RES,18-39,M,D
2006,Heat,RES,65+,M,D
2006,Heat,RES,40-64,M,D
2006,Heat,RES,40-64,M,D
2006,Heat,RES,40-64,M,D
2006,Heat,RES,65+,M,D
2006,Heat,RES,40-64,F,D
2006,Heat,RES,65+,M,D
2006,Heat,RES,65+,M,D
2006,Heat,RES,40-64,M,D
2006,Heat,OUTDOOR,40-64,M,D
2006,Heat,RES,40-64,M,D
2006,Heat,VEHICLE,65+,M,D
2006,Heat,OTHER,65+,M,D
2006,Heat,OUTDOOR,40-64,M,D
2006,Heat,RES,40-64,M,D
2006,Heat,RES,18-39,M,D
2006,Heat,RES,40-64,M,D
2006,Heat,RES,0-17,F,D
2006,Heat,RES,40-64,M,D
2006,Heat,RES,65+,F,D
2006,Heat,RES,40-64,F,D
2006,Heat,RES,40-64,M,D
2006,Heat,RES,40-64,M,D
2006,Heavy Rain,VEHICLE,65+,M,D
2006,High Surf,WATER,18-39,F,D
2006,High Surf,WATER,unknown,M,D
2006,High Surf,WATER,unknown,M,D
2006,High Surf,WATER,40-64,M,D
2006,High Surf,WATER,40-64,F,D
2006,High Surf,WATER,40-64,M,D
2006,High Surf,WATER,18-39,M,D
2006,High Surf,WATER,18-39,M,D
2006,High Surf,WATER,40-64,M,D
2006,High Surf,WATER,0-17,F,D
2006,High Wind,VEHICLE,18-39,M,D
2006,High Wind,VEHICLE,40-64,M,D
2006,High Wind,OUTDOOR,40-64,M,D
2006,High Wind,PUBLIC,unknown,M,D
2006,High Wind,RES,40-64,M,D
2006,High Wind,OUTDOOR,18-39,M,D
2006,High Wind,RES,18-39,M,I
2006,High Wind,VEHICLE,18-39,M,D
2006,High Wind,RES,40-64,F,D
2006,High Wind,OUTDOOR,65+,F,D
2006,High Wind,VEHICLE,40-64,M,D
2006,High Wind,RES,40-64,M,D
2006,High Wind,VEHICLE,65+,F,D
2006,High Wind,MH,18-39,M,D
2006,High Wind,OUTDOOR,18-39,M,I
2006,High Wind,MH,40-64,M,D
2006,High Wind,VEHICLE,18-39,F,D
2006,High Wind,RES,40-64,M,I
2006,High Wind,VEHICLE,40-64,F,D
2006,High Wind,OUTDOOR,unknown,M,I
2006,High Wind,RES,65+,M,I
2006,High Wind,OUTDOOR,65+,F,D
2006,High Wind,RES,40-64,F,D
2006,High Wind,RES,40-64,F,I
2006,High Wind,RES,18-39,M,I
2006,High Wind,PUBLIC,18-39,F,D
2006,High Wind,RES,40-64,M,I
2006,High Wind,RES,18-39,M,I
2006,High Wind,RES,18-39,M,I
2006,High Wind,RES,0-17,M,I
2006,High Wind,VEHICLE,40-64,F,D
2006,Ice Storm,VEHICLE,0-17,F,I
2006,Ice Storm,VEHICLE,0-17,M,I
2006,Ice Storm,VEHICLE,40-64,F,D
2006,Ice Storm,VEHICLE,40-64,M,D
2006,Ice Storm,VEHICLE,unknown,unknown,D
2006,Ice Storm,VEHICLE,unknown,M,D
2006,Ice Storm,VEHICLE,unknown,M,D
2006,Ice Storm,VEHICLE,unknown,M,D
2006,Ice Storm,VEHICLE,18-39,M,I
2006,Ice Storm,VEHICLE,18-39,F,I
2006,Ice Storm,VEHICLE,18-39,F,I
2006,Ice Storm,VEHICLE,18-39,M,I
2006,Lake-Effect Snow,OTHER,40-64,M,D
2006,Lake-Effect Snow,VEHICLE,unknown,F,I
2006,Lightning,OUTDOOR,18-39,M,D
2006,Lightning,PUBLIC,18-39,M,D
2006,Lightning,OUTDOOR,40-64,M,D
2006,Lightning,OUTDOOR,40-64,M,D
2006,Lightning,VEHICLE,unknown,M,D
2006,Lightning,PUBLIC,0-17,M,D
2006,Lightning,OUTDOOR,0-17,M,D
2006,Lightning,OUTDOOR,40-64,M,D
2006,Lightning,OUTDOOR,18-39,F,D
2006,Lightning,OUTDOOR,40-64,M,D
2006,Lightning,OUTDOOR,18-39,M,D
2006,Lightning,OUTDOOR,40-64,F,D
2006,Lightning,OUTDOOR,18-39,M,D
2006,Lightning,OUTDOOR,40-64,M,D
2006,Lightning,RES,65+,M,D
2006,Lightning,WATER,40-64,M,D
2006,Lightning,OUTDOOR,40-64,M,D
2006,Lightning,OUTDOOR,0-17,M,D
2006,Lightning,OUTDOOR,0-17,M,D
2006,Lightning,OUTDOOR,18-39,M,D
2006,Lightning,OUTDOOR,65+,M,D
2006,Lightning,OUTDOOR,0-17,M,D
2006,Lightning,OUTDOOR,18-39,M,D
2006,Lightning,OUTDOOR,18-39,M,D
2006,Lightning,OUTDOOR,0-17,M,D
2006,Lightning,OUTDOOR,0-17,F,D
2006,Lightning,OUTDOOR,40-64,M,D
2006,Lightning,WATER,40-64,F,D
2006,Lightning,OTHER,40-64,M,D
2006,Lightning,OUTDOOR,0-17,F,D
2006,Lightning,RES,65+,M,D
2006,Lightning,OUTDOOR,18-39,M,D
2006,Lightning,OUTDOOR,18-39,M,D
2006,Lightning,OUTDOOR,40-64,M,D
2006,Lightning,OUTDOOR,18-39,M,D
2006,Lightning,OUTDOOR,40-64,F,D
2006,Lightning,RES,65+,M,D
2006,Lightning,RES,65+,M,D
2006,Lightning,OUTDOOR,40-64,M,D
2006,Lightning,OUTDOOR,unknown,unknown,D
2006,Lightning,OUTDOOR,0-17,M,D
2006,Lightning,OUTDOOR,40-64,M,D
2006,Rip Current,WATER,0-17,M,D
2006,Rip Current,WATER,40-64,M,D
2006,Rip Current,WATER,0-17,M,D
2006,Rip Current,WATER,0-17,M,D
2006,Rip Current,WATER,40-64,M,D
2006,Rip Current,WATER,40-64,M,D
2006,Rip Current,WATER,18-39,M,D
2006,Rip Current,WATER,40-64,M,D
2006,Rip Current,WATER,18-39,M,D
2006,Rip Current,WATER,40-64,M,D
2006,Rip Current,WATER,40-64,M,D
2006,Rip Current,WATER,40-64,M,D
2006,Rip Current,WATER,18-39,M,D
2006,Rip Current,WATER,40-64,M,D
2006,Rip Current,WATER,40-64,F,D
2006,Rip Current,WATER,18-39,M,D
2006,Rip Current,WATER,0-17,F,D
2006,Rip Current,WATER,18-39,M,D
2006,Rip Current,WATER,40-64,F,D
2006,Rip Current,WATER,18-39,F,D
2006,Rip Current,WATER,18-39,M,D
2006,Rip Current,WATER,40-64,M,D
2006,Rip Current,WATER,65+,M,D
2006,Strong Wind,WATER,0-17,F,D
2006,Strong Wind,WATER,18-39,F,D
2006,Strong Wind,WATER,unknown,M,D
2006,Strong Wind,OUTDOOR,18-39,M,D
2006,Strong Wind,WATER,unknown,M,D
2006,Strong Wind,OUTDOOR,65+,F,D
2006,Strong Wind,VEHICLE,unknown,M,D
2006,Strong Wind,RES,40-64,F,D
2006,Strong Wind,OUTDOOR,0-17,M,D
2006,Strong Wind,OUTDOOR,0-17,F,D
2006,Strong Wind,VEHICLE,18-39,F,D
2006,Strong Wind,WATER,0-17,F,D
2006,Strong Wind,WATER,18-39,M,D
2006,Strong Wind,WATER,18-39,M,D
2006,Strong Wind,WATER,65+,F,D
2006,Strong Wind,PUBLIC,unknown,M,D
2006,Strong Wind,VEHICLE,40-64,M,D
2006,Thunderstorm Wind,OUTDOOR,40-64,F,D
2006,Thunderstorm Wind,VEHICLE,18-39,M,D
2006,Thunderstorm Wind,MH,18-39,M,D
2006,Thunderstorm Wind,VEHICLE,unknown,unknown,D
2006,Thunderstorm Wind,OUTDOOR,0-17,M,D
2006,Thunderstorm Wind,VEHICLE,65+,F,D
2006,Thunderstorm Wind,VEHICLE,40-64,M,D
2006,Thunderstorm Wind,OUTDOOR,40-64,F,D
2006,Thunderstorm Wind,VEHICLE,unknown,M,D
2006,Thunderstorm Wind,OUTDOOR,18-39,M,D
2006,Thunderstorm Wind,OUTDOOR,18-39,F,D
2006,Thunderstorm Wind,VEHICLE,18-39,F,D
2006,Thunderstorm Wind,MH,40-64,M,D
2006,Thunderstorm Wind,OUTDOOR,0-17,F,D
2006,Tornado,MH,40-64,F,D
2006,Tornado,MH,40-64,F,D
2006,Tornado,RES,40-64,F,D
2006,Tornado,PUBLIC,40-64,M,D
2006,Tornado,RES,40-64,F,D
2006,Tornado,RES,40-64,M,D
2006,Tornado,VEHICLE,40-64,F,D
2006,Tornado,RES,0-17,M,D
2006,Tornado,VEHICLE,40-64,F,D
2006,Tornado,RES,0-17,M,D
2006,Tornado,PUBLIC,18-39,M,D
2006,Tornado,MH,18-39,F,D
2006,Tornado,RES,40-64,M,D
2006,Tornado,MH,40-64,F,D
2006,Tornado,MH,65+,M,D
2006,Tornado,MH,40-64,F,D
2006,Tornado,RES,18-39,F,D
2006,Tornado,RES,40-64,F,D
2006,Tornado,RES,40-64,F,D
2006,Tornado,RES,65+,M,D
2006,Tornado,RES,40-64,F,D
2006,Tornado,MH,40-64,M,D
2006,Tornado,MH,40-64,M,D
2006,Tornado,RES,65+,M,D
2006,Tornado,RES,18-39,M,D
2006,Tornado,RES,40-64,F,D
2006,Tornado,VEHICLE,65+,F,D
2006,Tornado,MH,40-64,F,D
2006,Tornado,VEHICLE,40-64,F,D
2006,Tornado,VEHICLE,40-64,M,D
2006,Tornado,VEHICLE,40-64,F,D
2006,Tornado,MH,18-39,M,D
2006,Tornado,RES,0-17,F,D
2006,Tornado,RES,65+,F,D
2006,Tornado,PUBLIC,65+,M,D
2006,Tornado,RES,0-17,M,D
2006,Tornado,RES,40-64,M,D
2006,Tornado,MH,18-39,F,D
2006,Tornado,RES,40-64,F,D
2006,Tornado,MH,18-39,F,D
2006,Tornado,MH,18-39,M,D
2006,Tornado,MH,40-64,F,D
2006,Tornado,RES,65+,M,D
2006,Tornado,RES,65+,M,D
2006,Tornado,RES,65+,F,D
2006,Tornado,MH,40-64,F,D
2006,Tornado,MH,40-64,M,D
2006,Tornado,RES,65+,M,D
2006,Tornado,MH,18-39,F,D
2006,Tornado,RES,40-64,M,D
2006,Tornado,RES,65+,F,D
2006,Tornado,RES,65+,M,D
2006,Tornado,MH,18-39,F,D
2006,Tornado,MH,40-64,M,D
2006,Tornado,MH,18-39,M,D
2006,Tornado,MH,18-39,M,D
2006,Tornado,MH,0-17,M,D
2006,Tornado,MH,0-17,M,D
2006,Tornado,RES,0-17,M,D
2006,Tornado,MH,65+,M,D
2006,Tornado,MH,65+,F,D
2006,Tornado,MH,0-17,M,D
2006,Tornado,MH,40-64,F,D
2006,Tornado,MH,18-39,M,D
2006,Tornado,VEHICLE,65+,M,D
2006,Tornado,RES,65+,M,D
2006,Wildfire,VEHICLE,0-17,F,D
2006,Wildfire,OUTDOOR,18-39,M,D
2006,Wildfire,RES,40-64,M,D
2006,Wildfire,RES,40-64,F,D
2006,Wildfire,RES,65+,M,D
2006,Wildfire,RES,18-39,M,D
2006,Wildfire,RES,65+,M,D
2006,Wildfire,OUTDOOR,40-64,M,D
2006,Wildfire,VEHICLE,40-64,F,D
2006,Wildfire,RES,18-39,M,D
2006,Wildfire,OUTDOOR,65+,M,D
2006,Wildfire,VEHICLE,40-64,M,D
2006,Wildfire,OUTDOOR,18-39,M,D
2006,Wildfire,OUTDOOR,18-39,M,D
2006,Wildfire,OUTDOOR,40-64,M,D
2006,Wildfire,OUTDOOR,18-39,M,D
2006,Wildfire,RES,18-39,M,D
2006,Wildfire,OUTDOOR,18-39,M,D
2006,Wildfire,VEHICLE,40-64,M,D
2006,Wildfire,VEHICLE,40-64,F,D
2006,Winter Storm,VEHICLE,18-39,F,D
2006,Winter Storm,VEHICLE,18-39,M,D
2006,Winter Storm,VEHICLE,18-39,M,D
2006,Winter Storm,OUTDOOR,unknown,unknown,D
2006,Winter Storm,OUTDOOR,18-39,F,D
2006,Winter Storm,VEHICLE,unknown,F,I
2006,Winter Storm,VEHICLE,40-64,M,I
2006,Winter Storm,OUTDOOR,unknown,M,I
2006,Winter Storm,OUTDOOR,unknown,M,D
2006,Winter Storm,OUTDOOR,40-64,F,D
2006,Winter Storm,VEHICLE,unknown,unknown,I
2006,Winter Storm,OTHER,unknown,unknown,I
2006,Winter Storm,OUTDOOR,65+,M,I
2006,Winter Storm,OTHER,40-64,M,D
2006,Winter Storm,VEHICLE,18-39,M,D
2006,Winter Weather,VEHICLE,unknown,M,I
2006,Winter Weather,VEHICLE,0-17,F,I
2006,Winter Weather,VEHICLE,0-17,M,I
2006,Winter Weather,VEHICLE,18-39,F,I
2006,Winter Weather,VEHICLE,unknown,M,I
2006,Winter Weather,VEHICLE,18-39,F,D
2006,Winter Weather,VEHICLE,unknown,F,I
2006,Winter Weather,VEHICLE,18-39,M,I
2006,Winter Weather,VEHICLE,0-17,M,I
2006,Winter Weather,VEHICLE,unknown,F,I
2006,Winter Weather,VEHICLE,0-17,F,I
2006,Winter Weather,VEHICLE,65+,F,I
2006,Winter Weather,OUTDOOR,40-64,F,D
2006,Winter Weather,VEHICLE,0-17,M,I
2006,Winter Weather,VEHICLE,18-39,F,I
2006,Winter Weather,VEHICLE,65+,F,I
2006,Winter Weather,VEHICLE,40-64,F,I
2006,Winter Weather,VEHICLE,0-17,M,I
2006,Winter Weather,VEHICLE,unknown,unknown,I
2006,Winter Weather,VEHICLE,18-39,F,D
2006,Winter Weather,VEHICLE,18-39,M,I
2006,Winter Weather,OUTDOOR,18-39,F,I
2006,Winter Weather,VEHICLE,unknown,unknown,I
2007,Avalanche,OUTDOOR,18-39,M,I
2007,Avalanche,OUTDOOR,18-39,M,D
2007,Avalanche,OUTDOOR,0-17,M,D
2007,Avalanche,OUTDOOR,40-64,M,D
2007,Avalanche,OUTDOOR,18-39,M,D
2007,Avalanche,OUTDOOR,18-39,F,D
2007,Avalanche,OUTDOOR,18-39,M,D
2007,Avalanche,OUTDOOR,18-39,M,D
2007,Avalanche,OUTDOOR,40-64,M,D
2007,Avalanche,OUTDOOR,18-39,M,D
2007,Avalanche,OUTDOOR,18-39,M,D
2007,Avalanche,OUTDOOR,0-17,M,D
2007,Avalanche,OUTDOOR,40-64,M,D
2007,Avalanche,OUTDOOR,40-64,M,D
2007,Avalanche,OUTDOOR,18-39,M,D
2007,Avalanche,OUTDOOR,unknown,M,D
2007,Avalanche,OUTDOOR,18-39,M,D
2007,Avalanche,OUTDOOR,18-39,M,D
2007,Avalanche,OUTDOOR,18-39,M,D
2007,Blizzard,OTHER,40-64,M,I
2007,Blizzard,VEHICLE,0-17,F,I
2007,Blizzard,VEHICLE,65+,M,I
2007,Blizzard,RES,40-64,M,I
2007,Blizzard,VEHICLE,unknown,unknown,I
2007,Cold/Wind Chill,PUBLIC,65+,M,D
2007,Cold/Wind Chill,OUTDOOR,65+,M,D
2007,Cold/Wind Chill,OUTDOOR,40-64,M,D
2007,Cold/Wind Chill,OUTDOOR,unknown,M,D
2007,Cold/Wind Chill,OUTDOOR,18-39,M,D
2007,Cold/Wind Chill,OTHER,unknown,M,D
2007,Cold/Wind Chill,VEHICLE,40-64,F,I
2007,Cold/Wind Chill,OTHER,unknown,M,D
2007,Cold/Wind Chill,OUTDOOR,40-64,F,D
2007,Cold/Wind Chill,RES,40-64,M,D
2007,Debris Flow,RES,18-39,M,D
2007,Dense Fog,VEHICLE,40-64,F,I
2007,Dense Fog,VEHICLE,40-64,F,I
2007,Dense Fog,VEHICLE,40-64,M,I
2007,Dense Fog,VEHICLE,unknown,M,I
2007,Dense Fog,OTHER,unknown,unknown,I
2007,Dense Fog,VEHICLE,65+,F,I
2007,Dense Fog,VEHICLE,65+,M,I
2007,Dense Fog,VEHICLE,40-64,M,I
2007,Dense Fog,OUTDOOR,unknown,M,I
2007,Dense Fog,VEHICLE,unknown,unknown,I
2007,Dense Fog,VEHICLE,18-39,M,I
2007,Dense Fog,VEHICLE,unknown,unknown,I
2007,Dense Fog,VEHICLE,unknown,unknown,I
2007,Dust Storm,VEHICLE,40-64,M,I
2007,Dust Storm,VEHICLE,65+,M,I
2007,Excessive Heat,RES,40-64,M,D
2007,Excessive Heat,RES,65+,F,D
2007,Excessive Heat,OTHER,unknown,unknown,D
2007,Excessive Heat,OTHER,unknown,unknown,D
2007,Excessive Heat,OTHER,unknown,unknown,D
2007,Excessive Heat,OUTDOOR,65+,M,D
2007,Excessive Heat,PUBLIC,65+,M,D
2007,Excessive Heat,OTHER,unknown,unknown,D
2007,Excessive Heat,OTHER,unknown,unknown,D
2007,Excessive Heat,OTHER,unknown,unknown,D
2007,Excessive Heat,OTHER,unknown,unknown,D
2007,Excessive Heat,MH,65+,M,D
2007,Excessive Heat,RES,65+,F,D
2007,Excessive Heat,OTHER,unknown,unknown,D
2007,Excessive Heat,OTHER,unknown,unknown,D
2007,Excessive Heat,OTHER,unknown,unknown,D
2007,Excessive Heat,OTHER,unknown,unknown,D
2007,Excessive Heat,OTHER,unknown,unknown,D
2007,Excessive Heat,OTHER,unknown,unknown,D
2007,Excessive Heat,OTHER,unknown,unknown,D
2007,Excessive Heat,OTHER,unknown,unknown,D
2007,Excessive Heat,OTHER,unknown,unknown,D
2007,Excessive Heat,OTHER,unknown,unknown,D
2007,Excessive Heat,OTHER,unknown,unknown,D
2007,Excessive Heat,RES,65+,M,D
2007,Excessive Heat,OUTDOOR,40-64,M,D
2007,Excessive Heat,RES,40-64,F,D
2007,Excessive Heat,OUTDOOR,40-64,M,D
2007,Excessive Heat,RES,40-64,M,D
2007,Excessive Heat,VEHICLE,65+,M,D
2007,Excessive Heat,RES,40-64,F,D
2007,Excessive Heat,RES,65+,M,D
2007,Excessive Heat,RES,40-64,F,D
2007,Excessive Heat,PUBLIC,65+,F,I
2007,Excessive Heat,OUTDOOR,unknown,M,D
2007,Excessive Heat,RES,65+,M,D
2007,Excessive Heat,RES,65+,F,D
2007,Excessive Heat,PUBLIC,40-64,M,D
2007,Excessive Heat,OTHER,40-64,M,D
2007,Excessive Heat,OTHER,18-39,M,D
2007,Excessive Heat,RES,65+,F,D
2007,Excessive Heat,RES,65+,M,D
2007,Excessive Heat,RES,40-64,M,D
2007,Excessive Heat,RES,40-64,M,D
2007,Excessive Heat,RES,65+,M,D
2007,Excessive Heat,RES,65+,M,D
2007,Excessive Heat,RES,65+,F,D
2007,Excessive Heat,RES,40-64,M,D
2007,Excessive Heat,RES,65+,M,D
2007,Excessive Heat,OUTDOOR,18-39,M,D
2007,Excessive Heat,OUTDOOR,18-39,M,D
2007,Excessive Heat,RES,65+,F,D
2007,Excessive Heat,RES,40-64,M,D
2007,Excessive Heat,RES,65+,M,D
2007,Excessive Heat,RES,65+,F,D
2007,Excessive Heat,OUTDOOR,40-64,M,D
2007,Excessive Heat,PUBLIC,65+,F,D
2007,Excessive Heat,RES,65+,F,D
2007,Extreme Cold/Wind Chill,OUTDOOR,40-64,M,D
2007,Extreme Cold/Wind Chill,OUTDOOR,40-64,M,D
2007,Extreme Cold/Wind Chill,OUTDOOR,40-64,M,D
2007,Extreme Cold/Wind Chill,OUTDOOR,40-64,M,D
2007,Extreme Cold/Wind Chill,OTHER,40-64,M,D
2007,Extreme Cold/Wind Chill,OTHER,40-64,M,D
2007,Extreme Cold/Wind Chill,OTHER,65+,M,D
2007,Extreme Cold/Wind Chill,OUTDOOR,18-39,F,D
2007,Extreme Cold/Wind Chill,PUBLIC,65+,F,D
2007,Extreme Cold/Wind Chill,OTHER,40-64,M,D
2007,Extreme Cold/Wind Chill,OTHER,65+,F,D
2007,Extreme Cold/Wind Chill,OUTDOOR,unknown,M,D
2007,Extreme Cold/Wind Chill,OUTDOOR,65+,F,D
2007,Extreme Cold/Wind Chill,OUTDOOR,18-39,M,D
2007,Extreme Cold/Wind Chill,OTHER,40-64,M,D
2007,Extreme Cold/Wind Chill,OTHER,65+,F,D
2007,Extreme Cold/Wind Chill,OUTDOOR,40-64,M,D
2007,Extreme Cold/Wind Chill,RES,65+,F,D
2007,Extreme Cold/Wind Chill,RES,65+,M,D
2007,Extreme Cold/Wind Chill,RES,65+,M,D
2007,Extreme Cold/Wind Chill,RES,40-64,M,D
2007,Extreme Cold/Wind Chill,RES,40-64,F,D
2007,Extreme Cold/Wind Chill,OUTDOOR,40-64,F,D
2007,Extreme Cold/Wind Chill,OUTDOOR,unknown,M,D
2007,Extreme Cold/Wind Chill,OTHER,40-64,M,D
2007,Extreme Cold/Wind Chill,OTHER,18-39,M,D
2007,Extreme Cold/Wind Chill,OTHER,65+,M,D
2007,Extreme Cold/Wind Chill,RES,40-64,M,D
2007,Extreme Cold/Wind Chill,OUTDOOR,65+,M,D
2007,Extreme Cold/Wind Chill,OTHER,40-64,M,D
2007,Extreme Cold/Wind Chill,OUTDOOR,40-64,M,D
2007,Extreme Cold/Wind Chill,OUTDOOR,40-64,M,D
2007,Extreme Cold/Wind Chill,OUTDOOR,40-64,M,D
2007,Extreme Cold/Wind Chill,OUTDOOR,65+,F,D
2007,Extreme Cold/Wind Chill,OUTDOOR,40-64,M,D
2007,Extreme Cold/Wind Chill,OUTDOOR,40-64,M,D
2007,Extreme Cold/Wind Chill,OUTDOOR,65+,F,D
2007,Extreme Cold/Wind Chill,OUTDOOR,18-39,M,D
2007,Flash Flood,VEHICLE,65+,M,D
2007,Flash Flood,VEHICLE,65+,F,D
2007,Flash Flood,MH,40-64,M,D
2007,Flash Flood,VEHICLE,65+,M,D
2007,Flash Flood,VEHICLE,65+,M,D
2007,Flash Flood,VEHICLE,65+,F,D
2007,Flash Flood,WATER,0-17,M,D
2007,Flash Flood,WATER,18-39,F,D
2007,Flash Flood,WATER,65+,F,D
2007,Flash Flood,VEHICLE,18-39,F,D
2007,Flash Flood,VEHICLE,18-39,F,D
2007,Flash Flood,VEHICLE,40-64,M,D
2007,Flash Flood,VEHICLE,40-64,M,D
2007,Flash Flood,VEHICLE,65+,F,D
2007,Flash Flood,RES,unknown,F,D
2007,Flash Flood,WATER,18-39,F,D
2007,Flash Flood,WATER,18-39,F,D
2007,Flash Flood,RES,65+,F,D
2007,Flash Flood,RES,65+,M,D
2007,Flash Flood,VEHICLE,65+,M,D
2007,Flash Flood,VEHICLE,40-64,M,D
2007,Flash Flood,VEHICLE,18-39,M,D
2007,Flash Flood,VEHICLE,18-39,M,D
2007,Flash Flood,VEHICLE,40-64,M,D
2007,Flash Flood,WATER,0-17,F,D
2007,Flash Flood,VEHICLE,65+,F,D
2007,Flash Flood,VEHICLE,0-17,F,D
2007,Flash Flood,VEHICLE,40-64,F,D
2007,Flash Flood,VEHICLE,0-17,F,D
2007,Flash Flood,VEHICLE,18-39,M,D
2007,Flash Flood,VEHICLE,18-39,M,D
2007,Flash Flood,VEHICLE,65+,F,D
2007,Flash Flood,WATER,0-17,F,D
2007,Flash Flood,OUTDOOR,40-64,M,D
2007,Flash Flood,WATER,0-17,F,D
2007,Flash Flood,WATER,18-39,M,D
2007,Flash Flood,VEHICLE,0-17,M,D
2007,Flash Flood,VEHICLE,0-17,M,D
2007,Flash Flood,VEHICLE,40-64,M,D
2007,Flash Flood,WATER,65+,M,D
2007,Flash Flood,WATER,65+,F,D
2007,Flash Flood,VEHICLE,unknown,M,I
2007,Flash Flood,WATER,40-64,M,D
2007,Flash Flood,WATER,65+,F,D
2007,Flash Flood,VEHICLE,40-64,M,D
2007,Flash Flood,WATER,unknown,F,D
2007,Flash Flood,PUBLIC,18-39,M,D
2007,Flash Flood,VEHICLE,40-64,M,D
2007,Flash Flood,VEHICLE,65+,M,D
2007,Flash Flood,VEHICLE,0-17,F,D
2007,Flash Flood,VEHICLE,40-64,F,D
2007,Flash Flood,VEHICLE,18-39,M,D
2007,Flash Flood,PUBLIC,18-39,M,D
2007,Flash Flood,VEHICLE,unknown,M,D
2007,Flash Flood,PUBLIC,40-64,M,D
2007,Flash Flood,VEHICLE,18-39,F,D
2007,Flash Flood,VEHICLE,40-64,M,D
2007,Flash Flood,VEHICLE,18-39,M,D
2007,Flash Flood,VEHICLE,18-39,M,D
2007,Flash Flood,VEHICLE,18-39,F,D
2007,Flash Flood,OUTDOOR,18-39,M,D
2007,Flash Flood,OUTDOOR,18-39,F,D
2007,Flash Flood,WATER,0-17,M,D
2007,Flash Flood,VEHICLE,40-64,M,D
2007,Flash Flood,WATER,65+,F,D
2007,Flash Flood,WATER,65+,M,D
2007,Flash Flood,WATER,0-17,M,D
2007,Flash Flood,VEHICLE,65+,M,D
2007,Flash Flood,VEHICLE,40-64,F,D
2007,Flash Flood,VEHICLE,65+,M,D
2007,Flash Flood,VEHICLE,40-64,F,D
2007,Flash Flood,VEHICLE,65+,M,D
2007,Flood,OTHER,unknown,unknown,D
2007,Flood,RES,unknown,M,I
2007,Flood,OUTDOOR,unknown,M,I
2007,Flood,VEHICLE,65+,M,D
2007,Flood,VEHICLE,40-64,M,D
2007,Flood,WATER,0-17,F,D
2007,Flood,WATER,40-64,F,D
2007,Flood,OTHER,65+,M,D
2007,Flood,OTHER,unknown,unknown,D
2007,Flood,VEHICLE,65+,M,D
2007,Flood,OUTDOOR,unknown,M,D
2007,Flood,OUTDOOR,65+,M,D
2007,Flood,WATER,40-64,M,D
2007,Flood,VEHICLE,40-64,unknown,D
2007,Flood,WATER,0-17,F,D
2007,Flood,WATER,18-39,M,D
2007,Flood,VEHICLE,65+,M,D
2007,Flood,VEHICLE,18-39,M,D
2007,Flood,VEHICLE,18-39,M,I
2007,Flood,VEHICLE,18-39,M,I
2007,Flood,VEHICLE,65+,M,D
2007,Flood,VEHICLE,18-39,F,D
2007,Freezing Fog,VEHICLE,18-39,M,I
2007,Heat,OUTDOOR,18-39,M,D
2007,Heat,OTHER,18-39,M,D
2007,Heat,OUTDOOR,65+,F,D
2007,Heat,OUTDOOR,65+,F,D
2007,Heat,OUTDOOR,18-39,M,D
2007,Heat,RES,40-64,F,D
2007,Heat,RES,40-64,F,D
2007,Heat,RES,65+,F,D
2007,Heat,RES,65+,M,D
2007,Heat,PUBLIC,65+,F,D
2007,Heat,RES,65+,F,D
2007,Heat,RES,40-64,M,D
2007,Heat,RES,40-64,M,D
2007,Heat,RES,65+,M,D
2007,Heat,OUTDOOR,unknown,unknown,I
2007,Heat,RES,65+,F,D
2007,Heat,RES,18-39,F,D
2007,Heat,PUBLIC,40-64,M,D
2007,Heat,OUTDOOR,40-64,M,D
2007,Heat,VEHICLE,0-17,F,I
2007,Heat,OUTDOOR,65+,M,D
2007,Heat,OUTDOOR,0-17,M,D
2007,Heat,OTHER,40-64,M,D
2007,Heat,OUTDOOR,65+,M,D
2007,Heat,RES,65+,M,D
2007,Heat,OUTDOOR,40-64,M,D
2007,Heat,OUTDOOR,0-17,M,I
2007,Heat,OUTDOOR,40-64,M,D
2007,Heat,OUTDOOR,18-39,M,I
2007,Heat,OUTDOOR,40-64,M,D
2007,Heat,VEHICLE,65+,F,D
2007,Heat,RES,40-64,M,D
2007,Heat,RES,40-64,F,D
2007,Heat,RES,40-64,M,D
2007,Heat,OUTDOOR,40-64,M,D
2007,Heat,OTHER,65+,F,D
2007,Heat,OTHER,40-64,M,D
2007,Heat,OTHER,65+,M,D
2007,Heat,OUTDOOR,40-64,M,D
2007,Heat,OTHER,65+,M,D
2007,Heat,RES,65+,M,D
2007,Heat,VEHICLE,65+,M,D
2007,Heat,OUTDOOR,65+,M,D
2007,Heat,OTHER,65+,M,D
2007,Heat,OTHER,65+,M,D
2007,Heat,OTHER,65+,F,D
2007,Heat,VEHICLE,0-17,M,I
2007,Heat,OTHER,65+,M,D
2007,Heat,VEHICLE,0-17,M,D
2007,Heat,OTHER,65+,M,D
2007,Heat,OTHER,65+,M,D
2007,Heat,PUBLIC,40-64,M,D
2007,Heat,VEHICLE,0-17,M,D
2007,Heat,OUTDOOR,unknown,M,I
2007,Heavy Rain,VEHICLE,40-64,M,I
2007,Heavy Rain,VEHICLE,18-39,M,D
2007,Heavy Rain,VEHICLE,unknown,unknown,I
2007,Heavy Rain,OTHER,18-39,M,I
2007,Heavy Rain,OTHER,18-39,M,I
2007,Heavy Rain,VEHICLE,18-39,M,I
2007,Heavy Rain,OUTDOOR,0-17,M,D
2007,Heavy Rain,VEHICLE,unknown,M,I
2007,Heavy Snow,VEHICLE,18-39,F,I
2007,Heavy Snow,VEHICLE,65+,M,I
2007,Heavy Snow,VEHICLE,0-17,F,I
2007,Heavy Snow,VEHICLE,18-39,M,I
2007,Heavy Snow,VEHICLE,40-64,M,I
2007,Heavy Snow,VEHICLE,0-17,M,I
2007,Heavy Snow,VEHICLE,18-39,F,I
2007,Heavy Snow,VEHICLE,40-64,F,I
2007,Heavy Snow,VEHICLE,40-64,unknown,I
2007,Heavy Snow,VEHICLE,40-64,M,I
2007,Heavy Snow,VEHICLE,18-39,M,I
2007,Heavy Snow,VEHICLE,40-64,F,I
2007,Heavy Snow,VEHICLE,65+,F,I
2007,High Surf,WATER,unknown,M,I
2007,High Surf,WATER,unknown,M,D
2007,High Surf,WATER,40-64,M,D
2007,High Surf,WATER,18-39,M,D
2007,High Surf,WATER,40-64,F,D
2007,High Surf,WATER,unknown,F,D
2007,High Surf,WATER,40-64,M,D
2007,High Surf,WATER,18-39,M,D
2007,High Surf,WATER,18-39,M,D
2007,High Surf,WATER,40-64,M,D
2007,High Surf,WATER,40-64,M,D
2007,High Surf,WATER,40-64,M,D
2007,High Surf,WATER,40-64,M,D
2007,High Wind,RES,unknown,F,I
2007,High Wind,VEHICLE,40-64,M,D
2007,High Wind,PUBLIC,65+,M,D
2007,High Wind,OUTDOOR,40-64,M,D
2007,High Wind,RES,unknown,M,D
2007,High Wind,RES,unknown,F,I
2007,Hurricane (Typhoon),OUTDOOR,65+,M,D
2007,Ice Storm,OTHER,unknown,unknown,I
2007,Ice Storm,VEHICLE,40-64,M,D
2007,Ice Storm,VEHICLE,0-17,F,I
2007,Ice Storm,VEHICLE,18-39,M,I
2007,Ice Storm,OTHER,unknown,unknown,I
2007,Ice Storm,OTHER,unknown,unknown,I
2007,Ice Storm,VEHICLE,40-64,M,I
2007,Ice Storm,VEHICLE,18-39,F,I
2007,Ice Storm,OTHER,unknown,unknown,I
2007,Ice Storm,OUTDOOR,65+,M,D
2007,Ice Storm,OTHER,unknown,unknown,I
2007,Ice Storm,VEHICLE,40-64,M,I
2007,Ice Storm,RES,65+,F,D
2007,Ice Storm,RES,65+,F,D
2007,Ice Storm,VEHICLE,40-64,M,D
2007,Ice Storm,OTHER,unknown,unknown,I
2007,Ice Storm,VEHICLE,18-39,M,I
2007,Ice Storm,OTHER,unknown,unknown,I
2007,Ice Storm,OTHER,unknown,unknown,I
2007,Ice Storm,VEHICLE,18-39,M,I
2007,Ice Storm,OTHER,unknown,M,I
2007,Ice Storm,OTHER,40-64,M,I
2007,Ice Storm,VEHICLE,18-39,M,I
2007,Ice Storm,VEHICLE,18-39,M,I
2007,Ice Storm,OTHER,18-39,F,I
2007,Ice Storm,OUTDOOR,0-17,F,D
2007,Ice Storm,OUTDOOR,65+,M,D
2007,Lightning,OUTDOOR,18-39,M,D
2007,Lightning,OUTDOOR,40-64,M,D
2007,Lightning,OUTDOOR,40-64,M,D
2007,Lightning,OUTDOOR,18-39,M,D
2007,Lightning,WATER,18-39,M,D
2007,Lightning,OTHER,40-64,F,D
2007,Lightning,OUTDOOR,18-39,M,D
2007,Lightning,OUTDOOR,18-39,M,D
2007,Lightning,OUTDOOR,18-39,M,D
2007,Lightning,OUTDOOR,40-64,M,D
2007,Lightning,OUTDOOR,40-64,M,D
2007,Lightning,WATER,unknown,M,I
2007,Lightning,OUTDOOR,65+,F,D
2007,Lightning,OUTDOOR,40-64,M,D
2007,Lightning,RES,65+,F,I
2007,Lightning,RES,65+,M,I
2007,Lightning,OUTDOOR,18-39,M,D
2007,Lightning,WATER,unknown,F,I
2007,Lightning,WATER,unknown,M,I
2007,Lightning,OUTDOOR,65+,M,D
2007,Lightning,OUTDOOR,0-17,M,D
2007,Lightning,OUTDOOR,0-17,M,D
2007,Lightning,OUTDOOR,40-64,M,D
2007,Lightning,OUTDOOR,18-39,M,D
2007,Lightning,OUTDOOR,18-39,M,D
2007,Lightning,OUTDOOR,18-39,M,D
2007,Lightning,WATER,40-64,M,D
2007,Lightning,PUBLIC,18-39,M,D
2007,Lightning,OUTDOOR,65+,M,D
2007,Lightning,OUTDOOR,18-39,M,D
2007,Lightning,OUTDOOR,18-39,M,D
2007,Lightning,OUTDOOR,18-39,M,D
2007,Lightning,OUTDOOR,40-64,M,D
2007,Lightning,RES,18-39,M,D
2007,Lightning,OUTDOOR,18-39,M,D
2007,Lightning,OUTDOOR,unknown,M,D
2007,Lightning,OUTDOOR,40-64,F,D
2007,Lightning,OUTDOOR,65+,M,D
2007,Lightning,WATER,40-64,M,D
2007,Lightning,RES,65+,F,I
2007,Lightning,RES,40-64,M,I
2007,Lightning,OUTDOOR,0-17,M,D
2007,Lightning,RES,40-64,F,I
2007,Lightning,OUTDOOR,40-64,M,D
2007,Lightning,OUTDOOR,0-17,M,D
2007,Lightning,OUTDOOR,18-39,F,D
2007,Lightning,WATER,18-39,M,D
2007,Lightning,OUTDOOR,18-39,M,D
2007,Lightning,OUTDOOR,18-39,M,D
2007,Lightning,OUTDOOR,40-64,M,D
2007,Lightning,OUTDOOR,40-64,M,D
2007,Lightning,OUTDOOR,0-17,M,D
2007,Lightning,OUTDOOR,18-39,F,D
2007,Rip Current,WATER,0-17,M,D
2007,Rip Current,WATER,18-39,M,D
2007,Rip Current,WATER,18-39,M,D
2007,Rip Current,WATER,40-64,F,D
2007,Rip Current,WATER,unknown,M,D
2007,Rip Current,WATER,40-64,M,D
2007,Rip Current,WATER,18-39,M,D
2007,Rip Current,WATER,40-64,M,D
2007,Rip Current,WATER,40-64,M,D
2007,Rip Current,WATER,18-39,M,D
2007,Rip Current,WATER,18-39,M,D
2007,Rip Current,WATER,0-17,M,D
2007,Rip Current,WATER,18-39,M,D
2007,Rip Current,WATER,0-17,M,D
2007,Rip Current,WATER,0-17,M,D
2007,Rip Current,WATER,40-64,M,D
2007,Rip Current,WATER,unknown,M,D
2007,Rip Current,WATER,40-64,M,D
2007,Rip Current,WATER,0-17,M,D
2007,Rip Current,WATER,unknown,unknown,D
2007,Rip Current,WATER,65+,M,D
2007,Rip Current,WATER,0-17,M,D
2007,Rip Current,WATER,18-39,M,D
2007,Rip Current,WATER,40-64,M,D
2007,Rip Current,WATER,40-64,M,D
2007,Rip Current,WATER,40-64,M,D
2007,Rip Current,WATER,18-39,M,D
2007,Rip Current,WATER,40-64,M,D
2007,Rip Current,WATER,18-39,M,D
2007,Rip Current,WATER,65+,M,D
2007,Rip Current,WATER,40-64,F,D
2007,Rip Current,WATER,18-39,M,D
2007,Rip Current,WATER,65+,M,D
2007,Rip Current,WATER,65+,M,D
2007,Rip Current,WATER,18-39,M,D
2007,Rip Current,WATER,18-39,M,D
2007,Rip Current,WATER,18-39,M,D
2007,Rip Current,WATER,0-17,M,D
2007,Rip Current,WATER,40-64,M,D
2007,Rip Current,WATER,18-39,M,D
2007,Rip Current,WATER,40-64,M,D
2007,Rip Current,WATER,18-39,M,D
2007,Rip Current,WATER,18-39,F,D
2007,Rip Current,WATER,18-39,M,D
2007,Rip Current,WATER,18-39,M,D
2007,Rip Current,WATER,18-39,M,D
2007,Rip Current,WATER,18-39,M,D
2007,Strong Wind,OUTDOOR,0-17,F,D
2007,Strong Wind,WATER,65+,M,D
2007,Strong Wind,OTHER,65+,M,D
2007,Strong Wind,WATER,40-64,F,D
2007,Strong Wind,OUTDOOR,unknown,F,D
2007,Strong Wind,VEHICLE,40-64,F,I
2007,Strong Wind,VEHICLE,0-17,M,I
2007,Strong Wind,OUTDOOR,40-64,M,D
2007,Strong Wind,OUTDOOR,40-64,M,I
2007,Strong Wind,WATER,40-64,M,D
2007,Strong Wind,OUTDOOR,0-17,F,D
2007,Strong Wind,WATER,18-39,M,I
2007,Strong Wind,VEHICLE,unknown,M,I
2007,Strong Wind,VEHICLE,65+,M,I
2007,Strong Wind,WATER,65+,M,D
2007,Thunderstorm Wind,VEHICLE,18-39,M,D
2007,Thunderstorm Wind,PUBLIC,unknown,M,I
2007,Thunderstorm Wind,PUBLIC,unknown,unknown,I
2007,Thunderstorm Wind,WATER,unknown,M,D
2007,Thunderstorm Wind,OUTDOOR,18-39,M,D
2007,Thunderstorm Wind,WATER,40-64,M,D
2007,Thunderstorm Wind,PUBLIC,unknown,M,I
2007,Thunderstorm Wind,WATER,40-64,M,D
2007,Thunderstorm Wind,VEHICLE,18-39,F,D
2007,Thunderstorm Wind,MH,65+,F,D
2007,Thunderstorm Wind,OUTDOOR,65+,M,D
2007,Thunderstorm Wind,OUTDOOR,unknown,M,D
2007,Thunderstorm Wind,WATER,unknown,unknown,D
2007,Thunderstorm Wind,OUTDOOR,40-64,F,D
2007,Thunderstorm Wind,VEHICLE,65+,M,D
2007,Thunderstorm Wind,PUBLIC,unknown,unknown,I
2007,Thunderstorm Wind,VEHICLE,18-39,M,D
2007,Thunderstorm Wind,OUTDOOR,40-64,M,D
2007,Thunderstorm Wind,OUTDOOR,unknown,F,D
2007,Thunderstorm Wind,OUTDOOR,65+,M,D
2007,Tornado,MH,65+,F,D
2007,Tornado,MH,40-64,F,D
2007,Tornado,MH,18-39,F,D
2007,Tornado,MH,18-39,M,D
2007,Tornado,MH,40-64,M,D
2007,Tornado,MH,65+,M,D
2007,Tornado,PUBLIC,0-17,M,D
2007,Tornado,MH,65+,F,D
2007,Tornado,MH,0-17,F,D
2007,Tornado,MH,65+,M,D
2007,Tornado,MH,65+,F,D
2007,Tornado,MH,65+,F,D
2007,Tornado,MH,18-39,M,D
2007,Tornado,MH,18-39,F,D
2007,Tornado,MH,0-17,M,D
2007,Tornado,RES,40-64,F,D
2007,Tornado,MH,40-64,F,D
2007,Tornado,MH,18-39,F,D
2007,Tornado,PUBLIC,0-17,F,D
2007,Tornado,MH,0-17,F,D
2007,Tornado,MH,40-64,M,D
2007,Tornado,MH,40-64,M,D
2007,Tornado,PUBLIC,0-17,M,D
2007,Tornado,PUBLIC,0-17,M,D
2007,Tornado,MH,40-64,M,D
2007,Tornado,MH,65+,F,D
2007,Tornado,MH,40-64,M,D
2007,Tornado,MH,65+,F,D
2007,Tornado,MH,18-39,F,D
2007,Tornado,RES,40-64,M,D
2007,Tornado,MH,0-17,F,D
2007,Tornado,OUTDOOR,40-64,M,D
2007,Tornado,OTHER,40-64,M,D
2007,Tornado,MH,65+,F,D
2007,Tornado,VEHICLE,40-64,F,D
2007,Tornado,MH,40-64,M,D
2007,Tornado,WATER,40-64,M,D
2007,Tornado,MH,0-17,M,D
2007,Tornado,PUBLIC,0-17,F,D
2007,Tornado,MH,65+,M,D
2007,Tornado,MH,0-17,F,D
2007,Tornado,RES,40-64,M,D
2007,Tornado,VEHICLE,40-64,M,D
2007,Tornado,MH,65+,F,D
2007,Tornado,MH,65+,F,D
2007,Tornado,MH,65+,F,D
2007,Tornado,MH,18-39,M,D
2007,Tornado,RES,40-64,M,D
2007,Tornado,MH,40-64,F,D
2007,Tornado,RES,65+,M,D
2007,Tornado,MH,40-64,M,D
2007,Tornado,MH,65+,F,D
2007,Tornado,RES,65+,F,D
2007,Tornado,RES,40-64,M,D
2007,Tornado,RES,65+,F,D
2007,Tornado,RES,40-64,M,D
2007,Tornado,MH,40-64,F,D
2007,Tornado,MH,65+,M,D
2007,Tornado,RES,65+,F,D
2007,Tornado,MH,18-39,F,D
2007,Tornado,PUBLIC,0-17,F,D
2007,Tornado,MH,0-17,F,D
2007,Tornado,MH,40-64,M,D
2007,Tornado,PUBLIC,0-17,M,D
2007,Tornado,PUBLIC,0-17,M,D
2007,Tornado,MH,unknown,F,D
2007,Tornado,MH,40-64,M,D
2007,Tornado,MH,unknown,F,D
2007,Tornado,MH,0-17,M,D
2007,Tornado,MH,0-17,F,D
2007,Tornado,RES,65+,F,D
2007,Tornado,MH,18-39,M,D
2007,Tornado,VEHICLE,40-64,M,D
2007,Tornado,MH,unknown,M,D
2007,Tornado,RES,65+,M,D
2007,Tornado,RES,65+,M,D
2007,Tornado,MH,0-17,F,D
2007,Tornado,MH,40-64,M,D
2007,Tornado,RES,40-64,F,D
2007,Tornado,RES,65+,F,D
2007,Tornado,RES,40-64,F,D
2007,Wildfire,OUTDOOR,unknown,unknown,D
2007,Wildfire,OUTDOOR,18-39,M,D
2007,Wildfire,OUTDOOR,40-64,M,D
2007,Wildfire,OUTDOOR,65+,M,D
2007,Wildfire,OUTDOOR,40-64,M,D
2007,Wildfire,OUTDOOR,40-64,M,D
2007,Wildfire,OUTDOOR,65+,M,D
2007,Wildfire,OUTDOOR,40-64,M,D
2007,Wildfire,OUTDOOR,40-64,M,D
2007,Wildfire,OUTDOOR,65+,M,D
2007,Wildfire,RES,40-64,M,D
2007,Wildfire,OUTDOOR,unknown,unknown,D
2007,Wildfire,OUTDOOR,18-39,F,D
2007,Wildfire,RES,40-64,M,D
2007,Wildfire,OUTDOOR,18-39,M,D
2007,Wildfire,OUTDOOR,18-39,M,D
2007,Wildfire,OUTDOOR,40-64,M,D
2007,Wildfire,OUTDOOR,18-39,F,D
2007,Wildfire,RES,40-64,F,D
2007,Winter Storm,VEHICLE,40-64,M,I
2007,Winter Storm,VEHICLE,40-64,M,I
2007,Winter Storm,VEHICLE,18-39,F,I
2007,Winter Storm,VEHICLE,unknown,unknown,I
2007,Winter Storm,RES,65+,M,D
2007,Winter Storm,RES,65+,F,D
2007,Winter Storm,OTHER,18-39,M,I
2007,Winter Storm,OUTDOOR,0-17,M,I
2007,Winter Storm,OUTDOOR,65+,M,I
2007,Winter Storm,VEHICLE,18-39,M,I
2007,Winter Storm,VEHICLE,18-39,M,I
2007,Winter Storm,VEHICLE,0-17,M,I
2007,Winter Storm,VEHICLE,40-64,M,I
2007,Winter Storm,VEHICLE,65+,F,I
2007,Winter Storm,VEHICLE,0-17,M,I
2007,Winter Storm,VEHICLE,18-39,M,I
2007,Winter Storm,VEHICLE,18-39,M,I
2007,Winter Storm,VEHICLE,65+,M,I
2007,Winter Storm,VEHICLE,18-39,F,I
2007,Winter Storm,VEHICLE,unknown,unknown,I
2007,Winter Storm,VEHICLE,unknown,unknown,I
2007,Winter Storm,VEHICLE,18-39,F,I
2007,Winter Storm,OTHER,40-64,M,I
2007,Winter Storm,VEHICLE,65+,M,I
2007,Winter Storm,VEHICLE,unknown,M,I
2007,Winter Storm,VEHICLE,18-39,F,I
2007,Winter Storm,VEHICLE,0-17,M,I
2007,Winter Storm,VEHICLE,18-39,M,I
2007,Winter Storm,VEHICLE,18-39,M,I
2007,Winter Storm,VEHICLE,18-39,M,I
2007,Winter Storm,VEHICLE,18-39,M,I
2007,Winter Storm,VEHICLE,40-64,M,I
2007,Winter Storm,VEHICLE,unknown,M,I
2007,Winter Storm,VEHICLE,65+,F,D
2007,Winter Storm,OUTDOOR,40-64,F,D
2007,Winter Storm,VEHICLE,unknown,unknown,I
2007,Winter Storm,VEHICLE,65+,F,I
2007,Winter Storm,VEHICLE,40-64,F,I
2007,Winter Storm,OUTDOOR,65+,F,D
2007,Winter Storm,VEHICLE,18-39,F,I
2007,Winter Storm,VEHICLE,unknown,M,I
2007,Winter Storm,VEHICLE,40-64,F,I
2007,Winter Storm,VEHICLE,18-39,M,I
2007,Winter Storm,VEHICLE,40-64,M,I
2007,Winter Storm,VEHICLE,40-64,M,I
2007,Winter Storm,VEHICLE,40-64,M,I
2007,Winter Weather,VEHICLE,0-17,M,I
2007,Winter Weather,VEHICLE,18-39,F,I
2007,Winter Weather,VEHICLE,18-39,F,I
2007,Winter Weather,VEHICLE,18-39,M,I
2007,Winter Weather,VEHICLE,40-64,F,I
2007,Winter Weather,VEHICLE,40-64,M,I
2007,Winter Weather,VEHICLE,40-64,M,I
2007,Winter Weather,VEHICLE,40-64,M,I
2007,Winter Weather,OTHER,40-64,F,I
2007,Winter Weather,OTHER,40-64,M,I
2007,Winter Weather,VEHICLE,40-64,M,I
2007,Winter Weather,VEHICLE,18-39,M,D
2007,Winter Weather,VEHICLE,unknown,unknown,I
2007,Winter Weather,VEHICLE,18-39,F,I
2007,Winter Weather,VEHICLE,unknown,unknown,I
2007,Winter Weather,OUTDOOR,65+,F,I
2007,Winter Weather,OUTDOOR,18-39,M,I
2007,Winter Weather,VEHICLE,18-39,M,I
2007,Winter Weather,VEHICLE,0-17,F,I
2007,Winter Weather,OUTDOOR,18-39,M,I
2007,Winter Weather,VEHICLE,0-17,F,I
2007,Winter Weather,VEHICLE,40-64,M,I
2007,Winter Weather,VEHICLE,18-39,M,I
2007,Winter Weather,VEHICLE,18-39,M,I
2007,Winter Weather,VEHICLE,65+,M,I
2007,Winter Weather,VEHICLE,65+,F,I
2007,Winter Weather,VEHICLE,65+,F,I
2007,Winter Weather,VEHICLE,18-39,M,I
2007,Winter Weather,VEHICLE,18-39,F,I
2007,Winter Weather,VEHICLE,unknown,F,I
2007,Winter Weather,VEHICLE,unknown,M,I
2007,Winter Weather,VEHICLE,18-39,M,I
2007,Winter Weather,VEHICLE,18-39,M,I
2007,Winter Weather,VEHICLE,40-64,F,I
2007,Winter Weather,VEHICLE,0-17,M,I
2007,Winter Weather,VEHICLE,18-39,F,D
2007,Winter Weather,VEHICLE,unknown,unknown,D
2007,Winter Weather,VEHICLE,65+,M,D
2007,Winter Weather,OUTDOOR,40-64,M,I
2007,Winter Weather,VEHICLE,18-39,F,I
2007,Winter Weather,VEHICLE,18-39,F,I
2007,Winter Weather,VEHICLE,40-64,M,I
2007,Winter Weather,VEHICLE,18-39,M,I
2007,Winter Weather,VEHICLE,0-17,F,I
2007,Winter Weather,VEHICLE,18-39,F,I
2007,Winter Weather,VEHICLE,40-64,M,I
2007,Winter Weather,VEHICLE,40-64,M,I
2007,Winter Weather,VEHICLE,40-64,M,I
2007,Winter Weather,VEHICLE,40-64,M,I
2007,Winter Weather,VEHICLE,0-17,M,I
2007,Winter Weather,VEHICLE,0-17,F,I
2007,Winter Weather,VEHICLE,unknown,unknown,I
2007,Winter Weather,VEHICLE,18-39,M,I
2007,Winter Weather,VEHICLE,18-39,M,I
2007,Winter Weather,VEHICLE,unknown,M,I
2007,Winter Weather,VEHICLE,65+,F,I
2007,Winter Weather,VEHICLE,0-17,M,I
2007,Winter Weather,VEHICLE,40-64,M,I
2008,Avalanche,OUTDOOR,40-64,M,D
2008,Avalanche,OUTDOOR,40-64,F,D
2008,Avalanche,OUTDOOR,18-39,M,D
2008,Avalanche,OUTDOOR,18-39,M,D
2008,Avalanche,OUTDOOR,40-64,M,D
2008,Avalanche,OUTDOOR,18-39,M,D
2008,Avalanche,OUTDOOR,18-39,F,D
2008,Avalanche,OUTDOOR,18-39,M,D
2008,Avalanche,OUTDOOR,40-64,M,D
2008,Avalanche,OUTDOOR,18-39,M,D
2008,Avalanche,OUTDOOR,18-39,M,D
2008,Avalanche,OUTDOOR,18-39,M,D
2008,Avalanche,OUTDOOR,18-39,M,D
2008,Avalanche,OUTDOOR,18-39,F,D
2008,Avalanche,OUTDOOR,0-17,M,D
2008,Avalanche,OUTDOOR,18-39,M,D
2008,Avalanche,OUTDOOR,unknown,M,D
2008,Avalanche,OUTDOOR,0-17,F,D
2008,Avalanche,OUTDOOR,unknown,M,D
2008,Avalanche,OUTDOOR,40-64,M,D
2008,Avalanche,OUTDOOR,40-64,M,D
2008,Avalanche,OUTDOOR,40-64,M,D
2008,Avalanche,OUTDOOR,18-39,M,D
2008,Avalanche,OUTDOOR,unknown,M,D
2008,Avalanche,OUTDOOR,18-39,M,D
2008,Avalanche,OUTDOOR,40-64,M,D
2008,Blizzard,OUTDOOR,0-17,F,D
2008,Blizzard,OUTDOOR,18-39,F,D
2008,Blizzard,VEHICLE,18-39,M,I
2008,Blizzard,OUTDOOR,18-39,M,D
2008,Coastal Flood,WATER,65+,M,D
2008,Coastal Flood,WATER,0-17,M,D
2008,Cold/Wind Chill,RES,65+,M,D
2008,Cold/Wind Chill,RES,40-64,F,D
2008,Cold/Wind Chill,OUTDOOR,40-64,M,D
2008,Cold/Wind Chill,OUTDOOR,65+,M,D
2008,Cold/Wind Chill,RES,40-64,F,D
2008,Cold/Wind Chill,OUTDOOR,40-64,M,D
2008,Cold/Wind Chill,OUTDOOR,40-64,F,D
2008,Cold/Wind Chill,VEHICLE,40-64,F,D
2008,Cold/Wind Chill,OUTDOOR,65+,F,D
2008,Cold/Wind Chill,OUTDOOR,unknown,unknown,I
2008,Cold/Wind Chill,OUTDOOR,65+,M,D
2008,Cold/Wind Chill,OUTDOOR,40-64,M,D
2008,Cold/Wind Chill,OUTDOOR,unknown,M,D
2008,Cold/Wind Chill,RES,65+,M,D
2008,Cold/Wind Chill,RES,40-64,M,D
2008,Cold/Wind Chill,OUTDOOR,65+,M,D
2008,Cold/Wind Chill,RES,65+,F,D
2008,Cold/Wind Chill,OUTDOOR,65+,F,D
2008,Cold/Wind Chill,RES,65+,M,D
2008,Cold/Wind Chill,OUTDOOR,65+,M,D
2008,Cold/Wind Chill,RES,65+,M,D
2008,Cold/Wind Chill,OUTDOOR,40-64,F,D
2008,Cold/Wind Chill,OUTDOOR,65+,M,D
2008,Cold/Wind Chill,OUTDOOR,65+,F,D
2008,Cold/Wind Chill,OUTDOOR,40-64,M,D
2008,Cold/Wind Chill,OUTDOOR,65+,M,D
2008,Cold/Wind Chill,OUTDOOR,65+,F,D
2008,Cold/Wind Chill,RES,40-64,F,D
2008,Cold/Wind Chill,OUTDOOR,40-64,M,D
2008,Cold/Wind Chill,OUTDOOR,40-64,M,D
2008,Cold/Wind Chill,RES,65+,F,D
2008,Cold/Wind Chill,OUTDOOR,40-64,M,D
2008,Cold/Wind Chill,OUTDOOR,40-64,F,D
2008,Dense Fog,OTHER,40-64,M,I
2008,Dense Fog,VEHICLE,unknown,M,I
2008,Dense Fog,VEHICLE,unknown,M,I
2008,Dense Fog,VEHICLE,18-39,M,I
2008,Dense Fog,OTHER,65+,M,I
2008,Dense Fog,VEHICLE,18-39,M,I
2008,Dense Fog,OTHER,65+,F,I
2008,Dense Fog,VEHICLE,unknown,M,I
2008,Dense Fog,VEHICLE,unknown,unknown,I
2008,Dense Fog,VEHICLE,unknown,M,I
2008,Dense Fog,OTHER,65+,M,I
2008,Dense Fog,VEHICLE,18-39,M,I
2008,Dense Fog,VEHICLE,40-64,F,I
2008,Dense Fog,VEHICLE,18-39,M,I
2008,Dense Fog,VEHICLE,18-39,M,I
2008,Dense Fog,VEHICLE,18-39,M,I
2008,Dense Fog,VEHICLE,40-64,M,I
2008,Dense Fog,VEHICLE,65+,F,I
2008,Dense Fog,VEHICLE,65+,M,I
2008,Dust Devil,OUTDOOR,18-39,F,D
2008,Excessive Heat,OUTDOOR,40-64,M,D
2008,Excessive Heat,RES,65+,F,D
2008,Excessive Heat,RES,65+,M,D
2008,Excessive Heat,OTHER,65+,F,D
2008,Excessive Heat,RES,65+,F,D
2008,Excessive Heat,RES,65+,F,D
2008,Excessive Heat,RES,65+,M,D
2008,Excessive Heat,OTHER,40-64,F,D
2008,Excessive Heat,OTHER,40-64,M,D
2008,Excessive Heat,RES,65+,F,D
2008,Excessive Heat,OUTDOOR,65+,M,D
2008,Excessive Heat,WATER,unknown,M,I
2008,Excessive Heat,RES,65+,F,D
2008,Excessive Heat,RES,65+,F,D
2008,Excessive Heat,RES,40-64,M,D
2008,Excessive Heat,OUTDOOR,65+,M,D
2008,Excessive Heat,RES,65+,M,D
2008,Excessive Heat,VEHICLE,0-17,M,D
2008,Excessive Heat,WATER,18-39,M,I
2008,Excessive Heat,OUTDOOR,40-64,M,D
2008,Excessive Heat,RES,40-64,M,D
2008,Excessive Heat,OUTDOOR,40-64,M,D
2008,Excessive Heat,OTHER,unknown,unknown,D
2008,Excessive Heat,OTHER,65+,M,D
2008,Excessive Heat,RES,65+,F,D
2008,Excessive Heat,OTHER,65+,M,D
2008,Excessive Heat,OTHER,unknown,unknown,D
2008,Excessive Heat,OTHER,65+,unknown,D
2008,Excessive Heat,RES,65+,F,D
2008,Excessive Heat,RES,65+,F,D
2008,Excessive Heat,RES,65+,M,D
2008,Excessive Heat,RES,40-64,F,D
2008,Excessive Heat,WATER,18-39,M,I
2008,Excessive Heat,RES,65+,M,D
2008,Excessive Heat,WATER,0-17,M,I
2008,Excessive Heat,RES,40-64,M,D
2008,Excessive Heat,RES,65+,M,D
2008,Excessive Heat,VEHICLE,40-64,M,I
2008,Excessive Heat,RES,65+,M,D
2008,Excessive Heat,RES,40-64,M,D
2008,Excessive Heat,OUTDOOR,unknown,M,I
2008,Excessive Heat,RES,40-64,M,D
2008,Excessive Heat,RES,65+,M,D
2008,Excessive Heat,RES,40-64,M,D
2008,Excessive Heat,RES,65+,M,D
2008,Excessive Heat,RES,65+,F,D
2008,Excessive Heat,RES,65+,F,D
2008,Excessive Heat,RES,65+,F,D
2008,Extreme Cold/Wind Chill,OUTDOOR,40-64,F,D
2008,Extreme Cold/Wind Chill,OUTDOOR,65+,M,D
2008,Extreme Cold/Wind Chill,OUTDOOR,65+,F,D
2008,Extreme Cold/Wind Chill,OUTDOOR,40-64,M,I
2008,Extreme Cold/Wind Chill,OUTDOOR,0-17,M,D
2008,Extreme Cold/Wind Chill,RES,65+,F,D
2008,Extreme Cold/Wind Chill,RES,65+,M,D
2008,Extreme Cold/Wind Chill,RES,65+,F,D
2008,Extreme Cold/Wind Chill,RES,65+,F,D
2008,Extreme Cold/Wind Chill,RES,65+,M,D
2008,Extreme Cold/Wind Chill,RES,40-64,M,D
2008,Extreme Cold/Wind Chill,OUTDOOR,65+,M,D
2008,Extreme Cold/Wind Chill,OUTDOOR,40-64,F,D
2008,Flash Flood,OTHER,unknown,unknown,D
2008,Flash Flood,WATER,0-17,M,D
2008,Flash Flood,VEHICLE,18-39,M,I
2008,Flash Flood,VEHICLE,18-39,F,I
2008,Flash Flood,VEHICLE,40-64,M,D
2008,Flash Flood,VEHICLE,65+,F,D
2008,Flash Flood,WATER,0-17,M,D
2008,Flash Flood,VEHICLE,40-64,M,D
2008,Flash Flood,WATER,18-39,M,D
2008,Flash Flood,OUTDOOR,40-64,M,D
2008,Flash Flood,VEHICLE,18-39,M,D
2008,Flash Flood,WATER,18-39,M,I
2008,Flash Flood,VEHICLE,65+,M,D
2008,Flash Flood,VEHICLE,40-64,M,D
2008,Flash Flood,VEHICLE,40-64,M,D
2008,Flash Flood,VEHICLE,18-39,M,D
2008,Flash Flood,OTHER,40-64,M,D
2008,Flash Flood,VEHICLE,0-17,F,D
2008,Flash Flood,WATER,65+,M,D
2008,Flash Flood,WATER,40-64,M,D
2008,Flash Flood,WATER,18-39,M,D
2008,Flash Flood,OUTDOOR,40-64,F,D
2008,Flash Flood,OUTDOOR,40-64,M,D
2008,Flash Flood,VEHICLE,40-64,M,D
2008,Flash Flood,OUTDOOR,65+,M,D
2008,Flash Flood,WATER,0-17,M,D
2008,Flash Flood,OUTDOOR,18-39,M,D
2008,Flash Flood,OUTDOOR,65+,M,D
2008,Flash Flood,VEHICLE,18-39,M,D
2008,Flash Flood,VEHICLE,40-64,M,D
2008,Flash Flood,VEHICLE,40-64,M,D
2008,Flash Flood,VEHICLE,40-64,M,D
2008,Flash Flood,WATER,40-64,M,D
2008,Flash Flood,WATER,18-39,F,D
2008,Flash Flood,OUTDOOR,18-39,F,D
2008,Flash Flood,OUTDOOR,40-64,M,D
2008,Flash Flood,OUTDOOR,40-64,M,D
2008,Flash Flood,VEHICLE,40-64,M,D
2008,Flash Flood,VEHICLE,40-64,F,D
2008,Flash Flood,VEHICLE,65+,M,I
2008,Flash Flood,OTHER,unknown,unknown,D
2008,Flash Flood,WATER,unknown,unknown,I
2008,Flash Flood,WATER,40-64,M,D
2008,Flash Flood,VEHICLE,40-64,F,D
2008,Flash Flood,WATER,0-17,M,D
2008,Flash Flood,VEHICLE,40-64,M,D
2008,Flash Flood,VEHICLE,0-17,F,D
2008,Flash Flood,WATER,0-17,M,D
2008,Flash Flood,VEHICLE,unknown,unknown,D
2008,Flash Flood,VEHICLE,unknown,unknown,D
2008,Flash Flood,VEHICLE,unknown,unknown,D
2008,Flash Flood,VEHICLE,40-64,M,D
2008,Flash Flood,WATER,40-64,F,D
2008,Flash Flood,WATER,65+,M,D
2008,Flash Flood,OUTDOOR,40-64,F,D
2008,Flash Flood,WATER,40-64,F,D
2008,Flash Flood,WATER,0-17,M,D
2008,Flash Flood,WATER,unknown,M,D
2008,Flash Flood,WATER,65+,M,D
2008,Flood,WATER,40-64,unknown,I
2008,Flood,VEHICLE,65+,M,D
2008,Flood,WATER,18-39,F,I
2008,Flood,OTHER,unknown,M,D
2008,Flood,VEHICLE,0-17,F,D
2008,Flood,WATER,18-39,F,D
2008,Flood,VEHICLE,18-39,F,I
2008,Flood,VEHICLE,40-64,M,D
2008,Flood,RES,65+,M,D
2008,Flood,VEHICLE,40-64,F,D
2008,Flood,VEHICLE,40-64,M,D
2008,Flood,RES,18-39,M,I
2008,Flood,VEHICLE,65+,M,D
2008,Flood,VEHICLE,18-39,M,D
2008,Flood,VEHICLE,18-39,F,D
2008,Flood,WATER,40-64,M,D
2008,Flood,VEHICLE,40-64,M,D
2008,Flood,VEHICLE,0-17,M,D
2008,Flood,WATER,18-39,F,I
2008,Flood,VEHICLE,0-17,F,D
2008,Flood,VEHICLE,65+,M,D
2008,Flood,WATER,unknown,M,D
2008,Flood,OUTDOOR,18-39,M,D
2008,Flood,OUTDOOR,40-64,M,D
2008,Flood,WATER,18-39,M,D
2008,Flood,VEHICLE,40-64,M,D
2008,Flood,WATER,40-64,F,D
2008,Flood,VEHICLE,65+,M,D
2008,Flood,WATER,18-39,F,I
2008,Hail,VEHICLE,40-64,F,D
2008,Hail,VEHICLE,40-64,F,I
2008,Heat,OUTDOOR,0-17,F,D
2008,Heat,OUTDOOR,65+,M,D
2008,Heat,RES,40-64,M,D
2008,Heat,RES,65+,M,D
2008,Heat,RES,65+,F,D
2008,Heat,RES,40-64,F,D
2008,Heat,OUTDOOR,40-64,M,D
2008,Heat,OUTDOOR,40-64,F,D
2008,Heat,RES,65+,M,I
2008,Heat,RES,40-64,F,D
2008,Heat,OUTDOOR,18-39,M,D
2008,Heat,OUTDOOR,40-64,M,D
2008,Heat,VEHICLE,0-17,M,D
2008,Heat,OUTDOOR,18-39,M,I
2008,Heat,OUTDOOR,18-39,M,I
2008,Heat,OUTDOOR,65+,M,D
2008,Heat,RES,18-39,M,D
2008,Heat,VEHICLE,0-17,F,I
2008,Heat,OUTDOOR,unknown,M,D
2008,Heat,OUTDOOR,65+,M,D
2008,Heat,OUTDOOR,40-64,M,I
2008,Heat,MH,40-64,M,D
2008,Heat,MH,65+,F,D
2008,Heat,OUTDOOR,65+,M,D
2008,Heat,OTHER,65+,M,I
2008,Heat,MH,65+,F,I
2008,Heat,RES,65+,F,D
2008,Heat,RES,65+,M,D
2008,Heat,OUTDOOR,40-64,M,D
2008,Heat,RES,40-64,M,D
2008,Heat,MH,65+,M,D
2008,Heat,OUTDOOR,18-39,M,D
2008,Heat,RES,65+,M,D
2008,Heat,OUTDOOR,40-64,M,D
2008,Heat,OUTDOOR,40-64,M,I
2008,Heat,OUTDOOR,18-39,M,I
2008,Heat,OUTDOOR,18-39,M,D
2008,Heat,RES,65+,M,D
2008,Heavy Rain,WATER,18-39,M,D
2008,Heavy Rain,VEHICLE,40-64,M,D
2008,Heavy Rain,VEHICLE,0-17,F,I
2008,Heavy Rain,PUBLIC,40-64,M,I
2008,Heavy Rain,VEHICLE,18-39,M,I
2008,Heavy Rain,VEHICLE,unknown,M,I
2008,Heavy Rain,VEHICLE,18-39,M,I
2008,Heavy Snow,VEHICLE,65+,F,I
2008,Heavy Snow,VEHICLE,unknown,unknown,I
2008,Heavy Snow,VEHICLE,65+,F,D
2008,Heavy Snow,VEHICLE,18-39,M,D
2008,Heavy Snow,VEHICLE,65+,F,I
2008,Heavy Snow,OTHER,unknown,F,I
2008,Heavy Snow,VEHICLE,18-39,M,D
2008,Heavy Snow,VEHICLE,65+,M,I
2008,Heavy Snow,VEHICLE,65+,M,I
2008,Heavy Snow,OUTDOOR,unknown,M,I
2008,Heavy Snow,VEHICLE,65+,M,I
2008,Heavy Snow,VEHICLE,unknown,unknown,I
2008,Heavy Snow,OUTDOOR,65+,F,D
2008,High Surf,WATER,18-39,F,D
2008,High Surf,WATER,18-39,F,D
2008,High Surf,WATER,40-64,F,D
2008,High Surf,WATER,unknown,M,D
2008,High Surf,WATER,40-64,M,D
2008,High Surf,WATER,18-39,M,D
2008,High Surf,WATER,18-39,M,D
2008,High Surf,WATER,18-39,M,D
2008,High Surf,WATER,0-17,M,D
2008,High Surf,WATER,18-39,F,D
2008,High Wind,OUTDOOR,0-17,M,D
2008,High Wind,PUBLIC,40-64,M,I
2008,High Wind,OUTDOOR,18-39,F,D
2008,High Wind,VEHICLE,40-64,F,D
2008,High Wind,OTHER,18-39,F,D
2008,High Wind,RES,40-64,M,D
2008,High Wind,OUTDOOR,18-39,M,D
2008,High Wind,OUTDOOR,18-39,M,D
2008,High Wind,OUTDOOR,40-64,M,D
2008,High Wind,OUTDOOR,40-64,F,D
2008,High Wind,OUTDOOR,40-64,M,D
2008,High Wind,OUTDOOR,40-64,M,D
2008,High Wind,RES,18-39,F,I
2008,High Wind,RES,40-64,F,D
2008,High Wind,OTHER,unknown,unknown,I
2008,High Wind,OUTDOOR,0-17,M,D
2008,High Wind,WATER,18-39,M,D
2008,High Wind,OTHER,40-64,M,D
2008,Hurricane (Typhoon),RES,65+,M,D
2008,Hurricane (Typhoon),PUBLIC,0-17,M,I
2008,Hurricane (Typhoon),PUBLIC,18-39,M,I
2008,Hurricane (Typhoon),PUBLIC,40-64,F,I
2008,Hurricane (Typhoon),RES,65+,F,D
2008,Hurricane (Typhoon),MH,40-64,F,D
2008,Hurricane (Typhoon),PUBLIC,40-64,M,I
2008,Hurricane (Typhoon),RES,40-64,M,I
2008,Hurricane (Typhoon),RES,40-64,M,I
2008,Hurricane (Typhoon),PUBLIC,40-64,F,I
2008,Hurricane (Typhoon),RES,65+,M,I
2008,Hurricane (Typhoon),RES,65+,M,I
2008,Hurricane (Typhoon),RES,40-64,F,I
2008,Hurricane (Typhoon),PUBLIC,40-64,M,I
2008,Hurricane (Typhoon),RES,40-64,M,I
2008,Hurricane (Typhoon),RES,65+,M,I
2008,Hurricane (Typhoon),RES,65+,F,I
2008,Hurricane (Typhoon),PUBLIC,18-39,M,I
2008,Hurricane (Typhoon),RES,18-39,M,D
2008,Hurricane (Typhoon),RES,unknown,F,I
2008,Hurricane (Typhoon),RES,unknown,unknown,I
2008,Hurricane (Typhoon),RES,unknown,unknown,I
2008,Hurricane (Typhoon),PUBLIC,18-39,M,I
2008,Hurricane (Typhoon),PUBLIC,40-64,M,I
2008,Hurricane (Typhoon),RES,unknown,unknown,I
2008,Hurricane (Typhoon),RES,unknown,F,D
2008,Hurricane (Typhoon),OUTDOOR,0-17,M,I
2008,Hurricane (Typhoon),OUTDOOR,40-64,M,I
2008,Hurricane (Typhoon),OUTDOOR,40-64,M,I
2008,Ice Storm,OUTDOOR,40-64,M,I
2008,Ice Storm,RES,40-64,F,I
2008,Ice Storm,RES,65+,M,I
2008,Lightning,OUTDOOR,18-39,F,D
2008,Lightning,WATER,0-17,M,D
2008,Lightning,WATER,18-39,M,D
2008,Lightning,OUTDOOR,40-64,M,D
2008,Lightning,OUTDOOR,0-17,M,D
2008,Lightning,OTHER,18-39,M,D
2008,Lightning,OUTDOOR,40-64,M,D
2008,Lightning,OUTDOOR,18-39,M,D
2008,Lightning,OUTDOOR,unknown,M,D
2008,Lightning,OUTDOOR,18-39,M,D
2008,Lightning,OUTDOOR,18-39,M,D
2008,Lightning,OUTDOOR,18-39,F,D
2008,Lightning,OUTDOOR,18-39,M,D
2008,Lightning,WATER,0-17,M,D
2008,Lightning,PUBLIC,40-64,F,D
2008,Lightning,OUTDOOR,18-39,M,D
2008,Lightning,WATER,18-39,M,D
2008,Lightning,OUTDOOR,0-17,M,D
2008,Lightning,OUTDOOR,18-39,M,D
2008,Lightning,OUTDOOR,0-17,F,D
2008,Lightning,OUTDOOR,18-39,M,D
2008,Lightning,OUTDOOR,40-64,F,D
2008,Lightning,OUTDOOR,18-39,M,D
2008,Lightning,OUTDOOR,0-17,M,D
2008,Lightning,OUTDOOR,unknown,unknown,D
2008,Lightning,OUTDOOR,40-64,M,D
2008,Lightning,OUTDOOR,0-17,M,D
2008,Lightning,MH,40-64,M,I
2008,Lightning,OTHER,unknown,unknown,I
2008,Lightning,OUTDOOR,18-39,M,D
2008,Rip Current,WATER,0-17,M,D
2008,Rip Current,WATER,18-39,M,D
2008,Rip Current,WATER,40-64,M,D
2008,Rip Current,WATER,40-64,M,D
2008,Rip Current,WATER,18-39,M,D
2008,Rip Current,WATER,18-39,M,D
2008,Rip Current,WATER,40-64,M,D
2008,Rip Current,WATER,40-64,M,D
2008,Rip Current,WATER,65+,M,D
2008,Rip Current,WATER,0-17,F,D
2008,Rip Current,WATER,40-64,M,D
2008,Rip Current,WATER,18-39,F,D
2008,Rip Current,WATER,18-39,M,D
2008,Rip Current,WATER,40-64,M,D
2008,Rip Current,WATER,0-17,M,D
2008,Rip Current,WATER,0-17,M,D
2008,Rip Current,WATER,18-39,M,D
2008,Rip Current,WATER,40-64,M,D
2008,Rip Current,WATER,40-64,M,D
2008,Rip Current,WATER,18-39,M,D
2008,Rip Current,WATER,40-64,M,D
2008,Rip Current,WATER,18-39,F,D
2008,Rip Current,WATER,40-64,M,D
2008,Rip Current,WATER,18-39,M,D
2008,Rip Current,WATER,18-39,M,D
2008,Rip Current,WATER,40-64,M,D
2008,Rip Current,WATER,40-64,M,D
2008,Rip Current,WATER,18-39,M,D
2008,Rip Current,WATER,40-64,M,D
2008,Rip Current,WATER,18-39,M,D
2008,Rip Current,WATER,18-39,M,D
2008,Rip Current,WATER,0-17,M,D
2008,Rip Current,WATER,18-39,M,D
2008,Rip Current,WATER,0-17,M,D
2008,Rip Current,WATER,18-39,M,D
2008,Rip Current,WATER,40-64,M,D
2008,Rip Current,WATER,40-64,F,D
2008,Rip Current,WATER,65+,F,D
2008,Rip Current,WATER,0-17,M,D
2008,Rip Current,WATER,0-17,M,D
2008,Rip Current,WATER,40-64,M,D
2008,Rip Current,WATER,40-64,M,D
2008,Rip Current,WATER,0-17,M,D
2008,Rip Current,WATER,40-64,M,D
2008,Rip Current,WATER,18-39,M,D
2008,Rip Current,WATER,40-64,M,D
2008,Rip Current,WATER,40-64,M,D
2008,Rip Current,WATER,18-39,M,D
2008,Rip Current,WATER,18-39,M,D
2008,Rip Current,WATER,40-64,M,D
2008,Rip Current,WATER,18-39,M,D
2008,Rip Current,WATER,18-39,M,D
2008,Rip Current,WATER,40-64,M,D
2008,Rip Current,WATER,18-39,M,D
2008,Rip Current,WATER,18-39,M,D
2008,Sleet,VEHICLE,18-39,M,I
2008,Sleet,VEHICLE,40-64,M,I
2008,Storm Surge/Tide,WATER,unknown,F,D
2008,Storm Surge/Tide,VEHICLE,65+,M,D
2008,Storm Surge/Tide,WATER,18-39,M,D
2008,Storm Surge/Tide,WATER,65+,M,D
2008,Storm Surge/Tide,WATER,65+,M,D
2008,Storm Surge/Tide,WATER,unknown,M,D
2008,Storm Surge/Tide,WATER,unknown,M,D
2008,Storm Surge/Tide,VEHICLE,40-64,M,D
2008,Storm Surge/Tide,WATER,40-64,M,D
2008,Storm Surge/Tide,WATER,unknown,F,D
2008,Storm Surge/Tide,WATER,unknown,F,D
2008,Storm Surge/Tide,WATER,unknown,F,D
2008,Storm Surge/Tide,WATER,40-64,F,D
2008,Strong Wind,VEHICLE,0-17,M,I
2008,Strong Wind,VEHICLE,65+,M,I
2008,Strong Wind,OUTDOOR,40-64,M,I
2008,Strong Wind,OUTDOOR,40-64,M,I
2008,Strong Wind,VEHICLE,40-64,F,D
2008,Strong Wind,VEHICLE,40-64,M,D
2008,Strong Wind,VEHICLE,65+,F,D
2008,Strong Wind,VEHICLE,40-64,M,D
2008,Strong Wind,PUBLIC,unknown,M,D
2008,Strong Wind,VEHICLE,18-39,F,D
2008,Strong Wind,VEHICLE,40-64,F,I
2008,Strong Wind,OUTDOOR,40-64,M,D
2008,Strong Wind,VEHICLE,65+,F,I
2008,Strong Wind,VEHICLE,18-39,M,D
2008,Strong Wind,OUTDOOR,40-64,M,D
2008,Strong Wind,OUTDOOR,40-64,M,I
2008,Strong Wind,OUTDOOR,40-64,F,I
2008,Strong Wind,OUTDOOR,40-64,M,D
2008,Strong Wind,VEHICLE,unknown,F,D
2008,Strong Wind,RES,18-39,F,D
2008,Strong Wind,VEHICLE,65+,F,D
2008,Strong Wind,VEHICLE,unknown,M,D
2008,Strong Wind,VEHICLE,unknown,M,D
2008,Strong Wind,VEHICLE,18-39,F,D
2008,Strong Wind,VEHICLE,40-64,F,D
2008,Strong Wind,OUTDOOR,18-39,F,D
2008,Strong Wind,VEHICLE,40-64,M,D
2008,Strong Wind,OUTDOOR,40-64,M,I
2008,Strong Wind,VEHICLE,40-64,M,D
2008,Strong Wind,VEHICLE,40-64,M,D
2008,Thunderstorm Wind,VEHICLE,18-39,M,D
2008,Thunderstorm Wind,MH,0-17,F,D
2008,Thunderstorm Wind,MH,65+,M,D
2008,Thunderstorm Wind,OUTDOOR,0-17,M,D
2008,Thunderstorm Wind,OUTDOOR,unknown,M,I
2008,Thunderstorm Wind,VEHICLE,40-64,M,I
2008,Thunderstorm Wind,WATER,18-39,M,D
2008,Thunderstorm Wind,OUTDOOR,unknown,M,D
2008,Thunderstorm Wind,WATER,40-64,F,D
2008,Thunderstorm Wind,VEHICLE,40-64,M,D
2008,Thunderstorm Wind,WATER,40-64,M,D
2008,Thunderstorm Wind,OUTDOOR,40-64,M,D
2008,Thunderstorm Wind,VEHICLE,18-39,F,I
2008,Thunderstorm Wind,OTHER,18-39,M,D
2008,Thunderstorm Wind,OTHER,18-39,M,D
2008,Thunderstorm Wind,OTHER,18-39,M,D
2008,Thunderstorm Wind,OTHER,40-64,M,D
2008,Thunderstorm Wind,VEHICLE,18-39,M,D
2008,Thunderstorm Wind,VEHICLE,18-39,M,D
2008,Thunderstorm Wind,VEHICLE,18-39,F,D
2008,Thunderstorm Wind,VEHICLE,18-39,M,I
2008,Thunderstorm Wind,MH,65+,M,D
2008,Thunderstorm Wind,VEHICLE,18-39,M,I
2008,Thunderstorm Wind,OUTDOOR,0-17,F,D
2008,Thunderstorm Wind,OUTDOOR,unknown,F,D
2008,Thunderstorm Wind,OUTDOOR,0-17,M,D
2008,Thunderstorm Wind,VEHICLE,40-64,M,D
2008,Thunderstorm Wind,OUTDOOR,65+,F,D
2008,Thunderstorm Wind,RES,40-64,M,I
2008,Thunderstorm Wind,VEHICLE,18-39,M,D
2008,Thunderstorm Wind,OUTDOOR,unknown,unknown,D
2008,Thunderstorm Wind,OUTDOOR,unknown,unknown,D
2008,Tornado,MH,18-39,F,D
2008,Tornado,MH,65+,F,D
2008,Tornado,PUBLIC,18-39,M,D
2008,Tornado,RES,18-39,F,D
2008,Tornado,RES,65+,F,D
2008,Tornado,RES,65+,M,D
2008,Tornado,RES,65+,F,D
2008,Tornado,RES,65+,M,D
2008,Tornado,MH,40-64,F,D
2008,Tornado,MH,40-64,M,D
2008,Tornado,OUTDOOR,18-39,F,D
2008,Tornado,RES,65+,F,D
2008,Tornado,MH,40-64,F,D
2008,Tornado,RES,65+,M,D
2008,Tornado,MH,unknown,F,D
2008,Tornado,MH,40-64,F,D
2008,Tornado,MH,40-64,M,D
2008,Tornado,MH,18-39,M,D
2008,Tornado,MH,18-39,M,D
2008,Tornado,MH,40-64,F,D
2008,Tornado,RES,40-64,M,D
2008,Tornado,RES,40-64,M,I
2008,Tornado,RES,65+,F,D
2008,Tornado,RES,65+,M,D
2008,Tornado,RES,18-39,F,D
2008,Tornado,RES,unknown,unknown,D
2008,Tornado,MH,65+,F,D
2008,Tornado,MH,65+,M,D
2008,Tornado,PUBLIC,65+,F,D
2008,Tornado,OUTDOOR,unknown,M,D
2008,Tornado,MH,18-39,M,D
2008,Tornado,MH,18-39,M,D
2008,Tornado,MH,40-64,F,D
2008,Tornado,VEHICLE,40-64,M,D
2008,Tornado,MH,40-64,M,D
2008,Tornado,MH,18-39,M,D
2008,Tornado,MH,40-64,M,D
2008,Tornado,MH,40-64,M,D
2008,Tornado,MH,65+,M,D
2008,Tornado,MH,0-17,F,D
2008,Tornado,MH,65+,M,D
2008,Tornado,RES,40-64,M,I
2008,Tornado,MH,40-64,M,D
2008,Tornado,VEHICLE,unknown,F,D
2008,Tornado,VEHICLE,18-39,M,D
2008,Tornado,VEHICLE,65+,F,D
2008,Tornado,VEHICLE,0-17,M,D
2008,Tornado,VEHICLE,40-64,F,D
2008,Tornado,VEHICLE,40-64,M,D
2008,Tornado,PUBLIC,40-64,M,D
2008,Tornado,RES,65+,M,D
2008,Tornado,MH,unknown,M,D
2008,Tornado,MH,unknown,M,D
2008,Tornado,MH,unknown,F,D
2008,Tornado,RES,40-64,M,D
2008,Tornado,RES,0-17,F,D
2008,Tornado,RES,40-64,M,D
2008,Tornado,RES,40-64,F,D
2008,Tornado,RES,40-64,M,D
2008,Tornado,MH,0-17,M,D
2008,Tornado,MH,40-64,F,D
2008,Tornado,MH,unknown,M,D
2008,Tornado,MH,40-64,M,D
2008,Tornado,MH,40-64,F,D
2008,Tornado,MH,40-64,F,D
2008,Tornado,PUBLIC,0-17,M,D
2008,Tornado,MH,40-64,F,D
2008,Tornado,MH,40-64,F,D
2008,Tornado,PUBLIC,0-17,M,D
2008,Tornado,PUBLIC,0-17,M,D
2008,Tornado,PUBLIC,0-17,M,D
2008,Tornado,OTHER,40-64,M,D
2008,Tornado,RES,40-64,M,D
2008,Tornado,RES,40-64,F,D
2008,Tornado,RES,0-17,F,D
2008,Tornado,MH,65+,M,D
2008,Tornado,VEHICLE,40-64,M,D
2008,Tornado,MH,65+,F,D
2008,Tornado,VEHICLE,18-39,M,I
2008,Tornado,MH,65+,F,D
2008,Tornado,RES,40-64,F,D
2008,Tornado,RES,18-39,F,D
2008,Tornado,OUTDOOR,40-64,F,D
2008,Tornado,RES,40-64,F,D
2008,Tornado,RES,18-39,M,D
2008,Tornado,RES,40-64,F,D
2008,Tornado,RES,40-64,F,D
2008,Tornado,RES,40-64,M,D
2008,Tornado,MH,65+,F,D
2008,Tornado,VEHICLE,18-39,M,D
2008,Tornado,VEHICLE,18-39,F,D
2008,Tornado,VEHICLE,18-39,M,D
2008,Tornado,RES,40-64,F,I
2008,Tornado,RES,0-17,M,D
2008,Tornado,RES,40-64,M,D
2008,Tornado,RES,65+,F,D
2008,Tornado,RES,65+,M,D
2008,Tornado,MH,65+,M,D
2008,Tornado,MH,40-64,M,D
2008,Tornado,MH,65+,M,D
2008,Tornado,RES,65+,F,D
2008,Tornado,RES,40-64,F,D
2008,Tornado,MH,40-64,M,D
2008,Tornado,MH,0-17,M,D
2008,Tornado,RES,40-64,M,D
2008,Tornado,RES,40-64,F,D
2008,Tornado,RES,0-17,F,D
2008,Tornado,MH,40-64,F,D
2008,Tornado,VEHICLE,18-39,M,D
2008,Tornado,RES,65+,M,D
2008,Tornado,RES,65+,F,D
2008,Tornado,VEHICLE,65+,M,D
2008,Tornado,VEHICLE,18-39,F,D
2008,Tornado,RES,65+,F,D
2008,Tornado,MH,18-39,F,D
2008,Tornado,RES,65+,F,D
2008,Tornado,RES,40-64,F,D
2008,Tornado,MH,40-64,M,D
2008,Tornado,MH,18-39,M,D
2008,Tornado,RES,0-17,M,D
2008,Tornado,MH,40-64,F,D
2008,Tornado,PUBLIC,18-39,M,D
2008,Tornado,PUBLIC,18-39,M,D
2008,Tornado,MH,65+,F,D
2008,Tornado,PUBLIC,40-64,F,D
2008,Tornado,OTHER,65+,M,I
2008,Tornado,MH,18-39,F,D
2008,Tornado,MH,40-64,F,D
2008,Tornado,RES,65+,F,D
2008,Tornado,MH,40-64,F,D
2008,Tornado,MH,65+,M,D
2008,Tornado,MH,65+,F,D
2008,Tornado,MH,40-64,M,D
2008,Tropical Depression,WATER,18-39,M,D
2008,Tropical Storm,WATER,18-39,F,D
2008,Tropical Storm,VEHICLE,40-64,M,I
2008,Tropical Storm,VEHICLE,18-39,M,I
2008,Tropical Storm,WATER,unknown,M,D
2008,Tropical Storm,VEHICLE,18-39,M,I
2008,Tropical Storm,OUTDOOR,0-17,M,D
2008,Tropical Storm,OUTDOOR,40-64,M,D
2008,Tropical Storm,WATER,18-39,F,I
2008,Tropical Storm,VEHICLE,18-39,M,I
2008,Tropical Storm,VEHICLE,65+,M,I
2008,Tropical Storm,VEHICLE,18-39,M,I
2008,Tropical Storm,RES,18-39,F,D
2008,Tropical Storm,VEHICLE,18-39,M,I
2008,Tropical Storm,RES,40-64,M,I
2008,Tropical Storm,RES,18-39,M,I
2008,Tropical Storm,MH,18-39,M,D
2008,Tropical Storm,VEHICLE,unknown,unknown,I
2008,Wildfire,VEHICLE,unknown,unknown,I
2008,Wildfire,OTHER,40-64,M,D
2008,Wildfire,OTHER,40-64,M,I
2008,Wildfire,RES,40-64,M,I
2008,Wildfire,VEHICLE,18-39,M,I
2008,Wildfire,OUTDOOR,40-64,M,D
2008,Wildfire,RES,40-64,F,D
2008,Wildfire,VEHICLE,18-39,M,I
2008,Winter Storm,VEHICLE,40-64,M,I
2008,Winter Storm,VEHICLE,40-64,F,I
2008,Winter Storm,VEHICLE,18-39,M,I
2008,Winter Storm,VEHICLE,unknown,unknown,I
2008,Winter Storm,VEHICLE,18-39,F,I
2008,Winter Storm,VEHICLE,18-39,F,I
2008,Winter Storm,VEHICLE,18-39,F,I
2008,Winter Storm,VEHICLE,65+,M,I
2008,Winter Storm,VEHICLE,65+,F,I
2008,Winter Storm,VEHICLE,18-39,F,I
2008,Winter Storm,OUTDOOR,40-64,F,I
2008,Winter Storm,VEHICLE,unknown,unknown,I
2008,Winter Storm,RES,65+,M,I
2008,Winter Storm,VEHICLE,18-39,F,I
2008,Winter Storm,VEHICLE,40-64,F,I
2008,Winter Storm,VEHICLE,unknown,unknown,I
2008,Winter Storm,VEHICLE,18-39,F,I
2008,Winter Storm,OTHER,unknown,unknown,I
2008,Winter Storm,VEHICLE,0-17,M,I
2008,Winter Storm,VEHICLE,unknown,M,I
2008,Winter Storm,OUTDOOR,40-64,M,I
2008,Winter Storm,VEHICLE,40-64,F,I
2008,Winter Storm,VEHICLE,65+,M,I
2008,Winter Storm,VEHICLE,0-17,F,I
2008,Winter Storm,OTHER,unknown,unknown,I
2008,Winter Storm,VEHICLE,40-64,M,I
2008,Winter Storm,OUTDOOR,65+,M,I
2008,Winter Storm,VEHICLE,unknown,F,I
2008,Winter Storm,VEHICLE,40-64,M,I
2008,Winter Weather,VEHICLE,18-39,F,I
2008,Winter Weather,VEHICLE,18-39,F,I
2008,Winter Weather,OUTDOOR,65+,M,I
2008,Winter Weather,VEHICLE,40-64,M,I
2008,Winter Weather,VEHICLE,40-64,M,I
2008,Winter Weather,VEHICLE,40-64,M,I
2008,Winter Weather,VEHICLE,18-39,F,I
2008,Winter Weather,VEHICLE,18-39,M,I
2008,Winter Weather,VEHICLE,0-17,unknown,I
2008,Winter Weather,VEHICLE,0-17,unknown,I
2008,Winter Weather,OTHER,0-17,M,I
2008,Winter Weather,OTHER,18-39,F,I
2008,Winter Weather,OUTDOOR,40-64,F,D
2008,Winter Weather,VEHICLE,18-39,F,I
2008,Winter Weather,OTHER,18-39,M,I
2008,Winter Weather,VEHICLE,40-64,F,I
2008,Winter Weather,VEHICLE,40-64,F,I
2008,Winter Weather,VEHICLE,unknown,M,I
2008,Winter Weather,VEHICLE,18-39,M,I
2008,Winter Weather,VEHICLE,40-64,M,I
2008,Winter Weather,OUTDOOR,18-39,M,D
2008,Winter Weather,VEHICLE,40-64,F,I
2008,Winter Weather,VEHICLE,0-17,F,I
2008,Winter Weather,VEHICLE,40-64,F,I
2008,Winter Weather,VEHICLE,0-17,F,I
2008,Winter Weather,OUTDOOR,65+,F,D
2008,Winter Weather,VEHICLE,18-39,M,I
2008,Winter Weather,VEHICLE,65+,M,I
2008,Winter Weather,VEHICLE,unknown,F,I
2008,Winter Weather,VEHICLE,18-39,M,I
2008,Winter Weather,VEHICLE,65+,M,I
2008,Winter Weather,OUTDOOR,40-64,M,I
2008,Winter Weather,VEHICLE,18-39,M,I
2008,Winter Weather,VEHICLE,0-17,M,I
2008,Winter Weather,VEHICLE,18-39,M,I
2008,Winter Weather,VEHICLE,18-39,F,I
2008,Winter Weather,VEHICLE,18-39,F,I
2008,Winter Weather,VEHICLE,65+,F,I
2008,Winter Weather,VEHICLE,unknown,unknown,I
2008,Winter Weather,VEHICLE,18-39,F,I
2008,Winter Weather,VEHICLE,18-39,F,I
2008,Winter Weather,VEHICLE,18-39,F,I
2008,Winter Weather,VEHICLE,0-17,F,D
2008,Winter Weather,VEHICLE,18-39,M,I
2008,Winter Weather,OTHER,unknown,unknown,I
2008,Winter Weather,VEHICLE,0-17,F,I
2008,Winter Weather,VEHICLE,40-64,F,I
2008,Winter Weather,VEHICLE,18-39,F,I
2008,Winter Weather,VEHICLE,unknown,unknown,I
2008,Winter Weather,VEHICLE,unknown,unknown,I
2008,Winter Weather,VEHICLE,18-39,M,I
2008,Winter Weather,VEHICLE,18-39,M,I
2008,Winter Weather,VEHICLE,unknown,M,I
2008,Winter Weather,VEHICLE,65+,F,I
2008,Winter Weather,VEHICLE,18-39,M,I
2008,Winter Weather,VEHICLE,40-64,M,I
2008,Winter Weather,VEHICLE,40-64,M,I
2008,Winter Weather,VEHICLE,18-39,M,I
2008,Winter Weather,VEHICLE,18-39,F,I
2008,Winter Weather,VEHICLE,40-64,F,I
2008,Winter Weather,VEHICLE,18-39,F,I
2008,Winter Weather,VEHICLE,0-17,M,I
2008,Winter Weather,VEHICLE,18-39,M,I
2008,Winter Weather,VEHICLE,65+,M,I
2008,Winter Weather,VEHICLE,18-39,F,I
2008,Winter Weather,VEHICLE,0-17,M,I
2008,Winter Weather,VEHICLE,18-39,M,I
2008,Winter Weather,VEHICLE,18-39,F,D
2008,Winter Weather,VEHICLE,65+,F,D
2008,Winter Weather,VEHICLE,65+,M,D
2008,Winter Weather,VEHICLE,65+,F,I
2008,Winter Weather,VEHICLE,18-39,F,I
2008,Winter Weather,OTHER,40-64,F,I
2008,Winter Weather,VEHICLE,unknown,F,D
2008,Winter Weather,VEHICLE,unknown,F,D
2008,Winter Weather,VEHICLE,0-17,F,D
2008,Winter Weather,VEHICLE,18-39,F,I
2008,Winter Weather,VEHICLE,0-17,M,D
2008,Winter Weather,VEHICLE,18-39,F,I
2008,Winter Weather,VEHICLE,18-39,M,I
2008,Winter Weather,OTHER,unknown,M,I
2008,Winter Weather,VEHICLE,0-17,F,I
2008,Winter Weather,VEHICLE,40-64,M,I
2008,Winter Weather,VEHICLE,65+,F,I
2008,Winter Weather,VEHICLE,18-39,M,I
2008,Winter Weather,VEHICLE,18-39,M,I
2008,Winter Weather,VEHICLE,18-39,M,I
2008,Winter Weather,VEHICLE,unknown,unknown,I
2008,Winter Weather,VEHICLE,18-39,M,I
2008,Winter Weather,VEHICLE,18-39,F,I
2008,Winter Weather,VEHICLE,40-64,M,I
2008,Winter Weather,VEHICLE,40-64,M,I
2008,Winter Weather,VEHICLE,40-64,M,I
2008,Winter Weather,VEHICLE,65+,M,I
2008,Winter Weather,VEHICLE,18-39,M,D
2008,Winter Weather,VEHICLE,65+,M,I
2008,Winter Weather,VEHICLE,65+,M,D
2008,Winter Weather,VEHICLE,40-64,M,I
2008,Winter Weather,VEHICLE,65+,F,I
2008,Winter Weather,VEHICLE,18-39,F,D
2008,Winter Weather,VEHICLE,18-39,M,I
2008,Winter Weather,VEHICLE,40-64,M,I
2008,Winter Weather,VEHICLE,65+,F,I
2008,Winter Weather,VEHICLE,18-39,F,I
2008,Winter Weather,VEHICLE,40-64,F,I
2009,Avalanche,OUTDOOR,unknown,M,D
2009,Avalanche,OUTDOOR,40-64,M,D
2009,Avalanche,OUTDOOR,40-64,M,D
2009,Avalanche,OUTDOOR,40-64,M,D
2009,Avalanche,OUTDOOR,40-64,M,D
2009,Avalanche,OUTDOOR,40-64,M,D
2009,Avalanche,OUTDOOR,40-64,M,D
2009,Blizzard,OTHER,18-39,M,D
2009,Blizzard,OTHER,18-39,M,D
2009,Blizzard,VEHICLE,unknown,M,I
2009,Blizzard,OTHER,40-64,M,I
2009,Blizzard,VEHICLE,40-64,M,I
2009,Blizzard,OUTDOOR,40-64,F,D
2009,Blizzard,OTHER,unknown,M,I
2009,Blizzard,VEHICLE,18-39,M,I
2009,Blizzard,OUTDOOR,65+,M,I
2009,Blizzard,VEHICLE,40-64,F,I
2009,Blizzard,OUTDOOR,65+,M,I
2009,Cold/Wind Chill,OUTDOOR,40-64,M,D
2009,Cold/Wind Chill,OUTDOOR,40-64,M,D
2009,Cold/Wind Chill,OUTDOOR,65+,F,D
2009,Cold/Wind Chill,OUTDOOR,65+,M,D
2009,Cold/Wind Chill,OUTDOOR,40-64,M,D
2009,Cold/Wind Chill,OUTDOOR,65+,M,D
2009,Cold/Wind Chill,OUTDOOR,18-39,M,D
2009,Cold/Wind Chill,OUTDOOR,18-39,M,D
2009,Cold/Wind Chill,RES,40-64,F,D
2009,Cold/Wind Chill,OUTDOOR,65+,M,D
2009,Cold/Wind Chill,OUTDOOR,40-64,F,D
2009,Cold/Wind Chill,OUTDOOR,40-64,M,D
2009,Cold/Wind Chill,OUTDOOR,40-64,M,D
2009,Cold/Wind Chill,OUTDOOR,40-64,M,D
2009,Dense Fog,VEHICLE,40-64,F,I
2009,Dense Fog,VEHICLE,18-39,M,I
2009,Dense Fog,OTHER,40-64,M,I
2009,Dense Fog,VEHICLE,40-64,M,I
2009,Dust Storm,VEHICLE,18-39,M,I
2009,Dust Storm,VEHICLE,40-64,M,I
2009,Dust Storm,VEHICLE,unknown,unknown,D
2009,Dust Storm,VEHICLE,40-64,F,D
2009,Dust Storm,VEHICLE,40-64,M,I
2009,Dust Storm,VEHICLE,40-64,M,I
2009,Dust Storm,VEHICLE,40-64,M,D
2009,Dust Storm,VEHICLE,unknown,unknown,D
2009,Dust Storm,VEHICLE,0-17,F,I
2009,Dust Storm,VEHICLE,unknown,unknown,D
2009,Dust Storm,VEHICLE,0-17,M,I
2009,Dust Storm,VEHICLE,40-64,F,I
2009,Excessive Heat,RES,40-64,F,D
2009,Excessive Heat,OUTDOOR,18-39,M,D
2009,Excessive Heat,OUTDOOR,0-17,F,D
2009,Excessive Heat,RES,40-64,F,D
2009,Excessive Heat,RES,18-39,M,D
2009,Excessive Heat,OUTDOOR,65+,M,D
2009,Excessive Heat,OTHER,65+,M,D
2009,Excessive Heat,OTHER,unknown,M,D
2009,Excessive Heat,OUTDOOR,40-64,M,D
2009,Excessive Heat,OUTDOOR,18-39,M,D
2009,Excessive Heat,OUTDOOR,18-39,M,D
2009,Excessive Heat,RES,40-64,M,D
2009,Excessive Heat,RES,65+,M,D
2009,Excessive Heat,OUTDOOR,18-39,M,D
2009,Excessive Heat,MH,40-64,F,D
2009,Excessive Heat,OUTDOOR,0-17,M,I
2009,Excessive Heat,OUTDOOR,40-64,M,I
2009,Extreme Cold/Wind Chill,OUTDOOR,18-39,M,D
2009,Extreme Cold/Wind Chill,RES,65+,F,D
2009,Extreme Cold/Wind Chill,OUTDOOR,40-64,M,D
2009,Extreme Cold/Wind Chill,OUTDOOR,65+,M,D
2009,Extreme Cold/Wind Chill,OUTDOOR,40-64,M,D
2009,Extreme Cold/Wind Chill,OUTDOOR,0-17,M,D
2009,Extreme Cold/Wind Chill,PUBLIC,65+,M,D
2009,Extreme Cold/Wind Chill,OUTDOOR,65+,F,D
2009,Extreme Cold/Wind Chill,OUTDOOR,40-64,M,D
2009,Extreme Cold/Wind Chill,VEHICLE,40-64,M,D
2009,Extreme Cold/Wind Chill,OUTDOOR,40-64,M,D
2009,Extreme Cold/Wind Chill,OUTDOOR,65+,F,D
2009,Extreme Cold/Wind Chill,OUTDOOR,0-17,M,D
2009,Extreme Cold/Wind Chill,RES,40-64,M,D
2009,Extreme Cold/Wind Chill,OUTDOOR,40-64,M,D
2009,Extreme Cold/Wind Chill,OUTDOOR,65+,F,D
2009,Extreme Cold/Wind Chill,OUTDOOR,18-39,M,D
2009,Extreme Cold/Wind Chill,OUTDOOR,65+,M,D
2009,Extreme Cold/Wind Chill,OUTDOOR,40-64,M,D
2009,Flash Flood,VEHICLE,40-64,M,D
2009,Flash Flood,VEHICLE,0-17,M,I
2009,Flash Flood,OUTDOOR,40-64,F,D
2009,Flash Flood,OUTDOOR,unknown,M,D
2009,Flash Flood,WATER,0-17,M,D
2009,Flash Flood,OUTDOOR,65+,M,D
2009,Flash Flood,VEHICLE,40-64,F,D
2009,Flash Flood,VEHICLE,65+,M,D
2009,Flash Flood,WATER,40-64,F,D
2009,Flash Flood,OUTDOOR,40-64,M,D
2009,Flash Flood,VEHICLE,18-39,M,D
2009,Flash Flood,WATER,65+,M,D
2009,Flash Flood,VEHICLE,18-39,F,I
2009,Flash Flood,VEHICLE,0-17,F,I
2009,Flash Flood,VEHICLE,0-17,F,I
2009,Flash Flood,VEHICLE,0-17,M,I
2009,Flash Flood,OUTDOOR,40-64,F,D
2009,Flash Flood,VEHICLE,0-17,M,I
2009,Flash Flood,WATER,0-17,M,D
2009,Flash Flood,VEHICLE,18-39,F,D
2009,Flash Flood,VEHICLE,40-64,M,D
2009,Flash Flood,MH,0-17,M,D
2009,Flash Flood,VEHICLE,65+,M,D
2009,Flash Flood,VEHICLE,65+,M,D
2009,Flash Flood,VEHICLE,40-64,F,D
2009,Flash Flood,VEHICLE,unknown,M,D
2009,Flash Flood,VEHICLE,18-39,M,D
2009,Flash Flood,VEHICLE,18-39,F,D
2009,Flash Flood,WATER,40-64,M,D
2009,Flash Flood,VEHICLE,18-39,M,D
2009,Flash Flood,VEHICLE,18-39,M,D
2009,Flash Flood,VEHICLE,65+,M,D
2009,Flash Flood,VEHICLE,65+,M,D
2009,Flash Flood,OTHER,0-17,M,D
2009,Flash Flood,OTHER,40-64,F,D
2009,Flash Flood,OTHER,40-64,M,D
2009,Flash Flood,VEHICLE,0-17,M,D
2009,Flash Flood,VEHICLE,18-39,F,D
2009,Flash Flood,VEHICLE,40-64,F,D
2009,Flood,VEHICLE,0-17,M,D
2009,Flood,VEHICLE,65+,M,D
2009,Flood,VEHICLE,18-39,F,D
2009,Flood,VEHICLE,65+,M,D
2009,Flood,WATER,18-39,M,D
2009,Flood,VEHICLE,18-39,F,I
2009,Flood,WATER,40-64,M,D
2009,Flood,VEHICLE,18-39,F,D
2009,Flood,VEHICLE,18-39,M,D
2009,Flood,VEHICLE,18-39,F,I
2009,Flood,VEHICLE,40-64,F,I
2009,Flood,WATER,40-64,F,D
2009,Flood,VEHICLE,18-39,M,I
2009,Flood,VEHICLE,40-64,F,D
2009,Flood,VEHICLE,0-17,F,D
2009,Flood,OUTDOOR,65+,M,D
2009,Flood,VEHICLE,40-64,M,D
2009,Flood,OTHER,40-64,M,D
2009,Flood,VEHICLE,40-64,F,D
2009,Flood,VEHICLE,0-17,M,D
2009,Flood,WATER,0-17,M,D
2009,Flood,VEHICLE,0-17,M,D
2009,Flood,VEHICLE,18-39,F,D
2009,Flood,WATER,18-39,F,D
2009,Flood,WATER,18-39,M,I
2009,Flood,VEHICLE,40-64,M,D
2009,Flood,PUBLIC,65+,F,D
2009,Freezing Fog,VEHICLE,unknown,unknown,I
2009,Frost/Freeze,VEHICLE,unknown,M,I
2009,Heat,OUTDOOR,40-64,M,D
2009,Heat,RES,65+,F,D
2009,Heat,RES,65+,M,D
2009,Heat,OUTDOOR,18-39,M,D
2009,Heat,OUTDOOR,40-64,M,D
2009,Heat,RES,65+,F,I
2009,Heat,OUTDOOR,18-39,M,D
2009,Heat,VEHICLE,0-17,M,D
2009,Heat,RES,65+,F,D
2009,Heat,OUTDOOR,65+,M,D
2009,Heat,RES,65+,M,D
2009,Heat,MH,40-64,M,D
2009,Heat,RES,65+,F,D
2009,Heat,RES,65+,F,D
2009,Heat,PUBLIC,65+,F,D
2009,Heat,RES,40-64,M,D
2009,Heat,RES,65+,F,D
2009,Heat,RES,65+,M,D
2009,Heat,OUTDOOR,40-64,M,D
2009,Heat,RES,40-64,M,D
2009,Heat,OUTDOOR,65+,M,D
2009,Heat,RES,40-64,M,D
2009,Heat,RES,65+,F,D
2009,Heat,VEHICLE,unknown,M,I
2009,Heat,MH,65+,M,D
2009,Heat,OUTDOOR,40-64,M,D
2009,Heat,RES,65+,F,D
2009,Heat,OUTDOOR,40-64,F,D
2009,Heat,VEHICLE,0-17,F,D
2009,Heat,OUTDOOR,0-17,M,D
2009,Heat,RES,65+,F,D
2009,Heat,VEHICLE,40-64,M,D
2009,Heavy Rain,VEHICLE,0-17,M,D
2009,Heavy Rain,OUTDOOR,40-64,M,I
2009,Heavy Rain,VEHICLE,18-39,M,I
2009,Heavy Rain,VEHICLE,40-64,M,D
2009,Heavy Rain,MH,18-39,F,D
2009,Heavy Rain,WATER,18-39,M,D
2009,Heavy Rain,VEHICLE,65+,F,I
2009,Heavy Rain,VEHICLE,65+,M,I
2009,Heavy Rain,VEHICLE,40-64,M,I
2009,Heavy Rain,VEHICLE,18-39,M,I
2009,Heavy Rain,VEHICLE,40-64,F,I
2009,Heavy Rain,WATER,65+,F,D
2009,Heavy Rain,WATER,65+,M,D
2009,Heavy Rain,VEHICLE,unknown,M,I
2009,Heavy Rain,VEHICLE,65+,F,I
2009,Heavy Snow,VEHICLE,40-64,M,I
2009,Heavy Snow,VEHICLE,unknown,unknown,D
2009,Heavy Snow,OUTDOOR,65+,M,I
2009,Heavy Snow,VEHICLE,40-64,M,I
2009,Heavy Snow,OUTDOOR,40-64,M,I
2009,Heavy Snow,VEHICLE,65+,F,I
2009,Heavy Snow,OUTDOOR,18-39,M,D
2009,Heavy Snow,VEHICLE,18-39,M,I
2009,Heavy Snow,VEHICLE,40-64,M,I
2009,Heavy Snow,VEHICLE,40-64,M,I
2009,Heavy Snow,VEHICLE,40-64,F,I
2009,Heavy Snow,VEHICLE,40-64,M,I
2009,Heavy Snow,VEHICLE,65+,F,I
2009,High Surf,WATER,18-39,M,D
2009,High Surf,OUTDOOR,0-17,F,D
2009,High Surf,WATER,65+,M,D
2009,High Surf,WATER,0-17,M,D
2009,High Surf,WATER,18-39,M,D
2009,High Surf,WATER,40-64,M,D
2009,High Surf,WATER,65+,M,D
2009,High Surf,WATER,18-39,M,D
2009,High Surf,WATER,40-64,M,D
2009,High Surf,WATER,65+,F,D
2009,High Surf,WATER,40-64,M,D
2009,High Surf,WATER,40-64,M,D
2009,High Surf,WATER,40-64,M,D
2009,High Surf,WATER,unknown,F,D
2009,High Wind,VEHICLE,40-64,F,D
2009,High Wind,OUTDOOR,18-39,M,D
2009,High Wind,VEHICLE,18-39,M,I
2009,High Wind,OTHER,0-17,unknown,I
2009,High Wind,OUTDOOR,40-64,F,D
2009,High Wind,OUTDOOR,0-17,F,D
2009,High Wind,VEHICLE,unknown,unknown,D
2009,High Wind,VEHICLE,40-64,M,D
2009,High Wind,VEHICLE,40-64,F,D
2009,High Wind,OUTDOOR,40-64,M,D
2009,High Wind,OUTDOOR,18-39,M,I
2009,High Wind,VEHICLE,65+,F,I
2009,High Wind,VEHICLE,18-39,M,I
2009,Ice Storm,RES,40-64,M,I
2009,Ice Storm,PUBLIC,65+,F,D
2009,Ice Storm,VEHICLE,18-39,M,I
2009,Ice Storm,OTHER,unknown,unknown,I
2009,Ice Storm,OTHER,unknown,unknown,I
2009,Ice Storm,OUTDOOR,40-64,M,D
2009,Ice Storm,OUTDOOR,unknown,M,I
2009,Ice Storm,VEHICLE,18-39,M,I
2009,Ice Storm,OUTDOOR,40-64,M,D
2009,Ice Storm,OTHER,unknown,unknown,I
2009,Ice Storm,RES,unknown,unknown,D
2009,Ice Storm,OUTDOOR,65+,M,I
2009,Ice Storm,RES,65+,M,I
2009,Ice Storm,RES,18-39,M,I
2009,Ice Storm,RES,40-64,F,I
2009,Ice Storm,MH,65+,M,D
2009,Ice Storm,OUTDOOR,18-39,M,I
2009,Ice Storm,OTHER,unknown,unknown,I
2009,Ice Storm,OUTDOOR,unknown,M,I
2009,Ice Storm,OUTDOOR,18-39,F,D
2009,Ice Storm,OUTDOOR,40-64,M,D
2009,Ice Storm,VEHICLE,unknown,M,I
2009,Lightning,OUTDOOR,40-64,M,D
2009,Lightning,OUTDOOR,18-39,M,D
2009,Lightning,WATER,18-39,M,D
2009,Lightning,OUTDOOR,18-39,M,D
2009,Lightning,OUTDOOR,0-17,M,D
2009,Lightning,WATER,18-39,M,D
2009,Lightning,WATER,40-64,M,D
2009,Lightning,OUTDOOR,40-64,M,D
2009,Lightning,OUTDOOR,40-64,M,D
2009,Lightning,OUTDOOR,18-39,M,D
2009,Lightning,OUTDOOR,40-64,M,D
2009,Lightning,OUTDOOR,18-39,M,D
2009,Lightning,OUTDOOR,18-39,M,D
2009,Lightning,OUTDOOR,0-17,M,D
2009,Lightning,RES,65+,M,I
2009,Lightning,OUTDOOR,unknown,M,D
2009,Lightning,OUTDOOR,40-64,M,D
2009,Lightning,OUTDOOR,18-39,M,D
2009,Lightning,OUTDOOR,18-39,M,D
2009,Lightning,OUTDOOR,unknown,M,D
2009,Lightning,OUTDOOR,18-39,F,D
2009,Lightning,OUTDOOR,40-64,M,D
2009,Lightning,RES,unknown,F,D
2009,Lightning,OUTDOOR,40-64,F,D
2009,Lightning,OUTDOOR,18-39,F,D
2009,Lightning,OUTDOOR,18-39,F,I
2009,Lightning,OUTDOOR,65+,M,D
2009,Lightning,OUTDOOR,40-64,M,D
2009,Lightning,OUTDOOR,40-64,M,D
2009,Lightning,OUTDOOR,18-39,M,D
2009,Lightning,OUTDOOR,18-39,M,I
2009,Lightning,OUTDOOR,65+,M,D
2009,Lightning,OUTDOOR,0-17,F,D
2009,Lightning,VEHICLE,40-64,M,D
2009,Lightning,OUTDOOR,40-64,M,D
2009,Lightning,OUTDOOR,65+,F,D
2009,Lightning,OUTDOOR,40-64,M,D
2009,Rip Current,WATER,0-17,M,D
2009,Rip Current,WATER,unknown,M,D
2009,Rip Current,WATER,40-64,M,D
2009,Rip Current,WATER,40-64,M,D
2009,Rip Current,WATER,40-64,M,D
2009,Rip Current,WATER,40-64,M,D
2009,Rip Current,WATER,65+,M,D
2009,Rip Current,WATER,40-64,F,D
2009,Rip Current,WATER,40-64,F,D
2009,Rip Current,WATER,18-39,M,D
2009,Rip Current,WATER,65+,M,D
2009,Rip Current,WATER,18-39,M,D
2009,Rip Current,WATER,18-39,M,D
2009,Rip Current,WATER,65+,M,D
2009,Rip Current,WATER,40-64,M,D
2009,Rip Current,WATER,0-17,M,D
2009,Rip Current,WATER,18-39,M,D
2009,Rip Current,WATER,0-17,M,D
2009,Rip Current,WATER,18-39,M,D
2009,Rip Current,WATER,0-17,M,D
2009,Rip Current,WATER,18-39,M,D
2009,Rip Current,WATER,40-64,M,D
2009,Rip Current,WATER,18-39,M,D
2009,Rip Current,WATER,18-39,M,D
2009,Rip Current,WATER,40-64,M,D
2009,Rip Current,WATER,18-39,M,D
2009,Rip Current,WATER,0-17,M,D
2009,Rip Current,WATER,40-64,M,D
2009,Rip Current,WATER,40-64,M,D
2009,Rip Current,WATER,0-17,M,D
2009,Rip Current,WATER,40-64,M,D
2009,Rip Current,WATER,40-64,M,D
2009,Rip Current,WATER,40-64,M,D
2009,Rip Current,WATER,40-64,M,D
2009,Rip Current,WATER,unknown,M,D
2009,Rip Current,WATER,18-39,M,D
2009,Rip Current,WATER,18-39,M,D
2009,Rip Current,WATER,40-64,M,D
2009,Rip Current,WATER,40-64,M,D
2009,Strong Wind,WATER,40-64,M,D
2009,Strong Wind,RES,18-39,M,D
2009,Strong Wind,VEHICLE,18-39,F,D
2009,Strong Wind,OUTDOOR,40-64,F,D
2009,Strong Wind,OUTDOOR,0-17,M,D
2009,Strong Wind,VEHICLE,40-64,F,D
2009,Strong Wind,VEHICLE,65+,M,D
2009,Strong Wind,OUTDOOR,18-39,M,D
2009,Strong Wind,VEHICLE,unknown,M,I
2009,Strong Wind,OUTDOOR,unknown,F,D
2009,Strong Wind,VEHICLE,40-64,M,D
2009,Strong Wind,VEHICLE,40-64,M,D
2009,Strong Wind,VEHICLE,40-64,M,D
2009,Strong Wind,OUTDOOR,40-64,M,I
2009,Strong Wind,WATER,18-39,M,D
2009,Strong Wind,WATER,65+,M,I
2009,Strong Wind,WATER,65+,M,I
2009,Thunderstorm Wind,VEHICLE,unknown,F,I
2009,Thunderstorm Wind,MH,40-64,F,D
2009,Thunderstorm Wind,OUTDOOR,18-39,F,D
2009,Thunderstorm Wind,VEHICLE,18-39,F,D
2009,Thunderstorm Wind,VEHICLE,unknown,unknown,D
2009,Thunderstorm Wind,VEHICLE,0-17,F,D
2009,Thunderstorm Wind,OUTDOOR,65+,M,D
2009,Thunderstorm Wind,WATER,18-39,M,I
2009,Thunderstorm Wind,WATER,0-17,F,D
2009,Thunderstorm Wind,WATER,18-39,M,I
2009,Thunderstorm Wind,MH,40-64,F,D
2009,Thunderstorm Wind,WATER,0-17,M,D
2009,Thunderstorm Wind,OUTDOOR,unknown,M,D
2009,Thunderstorm Wind,VEHICLE,unknown,F,I
2009,Thunderstorm Wind,WATER,18-39,M,I
2009,Thunderstorm Wind,VEHICLE,40-64,F,D
2009,Thunderstorm Wind,WATER,0-17,M,D
2009,Thunderstorm Wind,MH,40-64,M,D
2009,Thunderstorm Wind,RES,65+,M,D
2009,Thunderstorm Wind,VEHICLE,unknown,M,D
2009,Thunderstorm Wind,VEHICLE,40-64,M,I
2009,Thunderstorm Wind,VEHICLE,40-64,M,D
2009,Thunderstorm Wind,VEHICLE,65+,M,I
2009,Thunderstorm Wind,VEHICLE,18-39,F,D
2009,Thunderstorm Wind,VEHICLE,65+,M,I
2009,Thunderstorm Wind,VEHICLE,40-64,M,D
2009,Thunderstorm Wind,VEHICLE,18-39,M,D
2009,Thunderstorm Wind,VEHICLE,65+,F,I
2009,Thunderstorm Wind,MH,40-64,M,D
2009,Thunderstorm Wind,VEHICLE,65+,F,I
2009,Tornado,OUTDOOR,18-39,F,D
2009,Tornado,RES,65+,F,D
2009,Tornado,OUTDOOR,18-39,M,I
2009,Tornado,RES,0-17,F,D
2009,Tornado,MH,40-64,F,D
2009,Tornado,VEHICLE,unknown,M,I
2009,Tornado,RES,18-39,F,D
2009,Tornado,MH,40-64,F,D
2009,Tornado,MH,40-64,F,D
2009,Tornado,MH,18-39,M,D
2009,Tornado,RES,65+,M,I
2009,Tornado,MH,40-64,F,D
2009,Tornado,MH,18-39,M,D
2009,Tornado,MH,40-64,F,D
2009,Tornado,MH,40-64,F,D
2009,Tornado,MH,18-39,M,D
2009,Tornado,MH,40-64,M,D
2009,Tornado,OUTDOOR,40-64,M,D
2009,Tornado,RES,65+,M,D
2009,Tornado,MH,40-64,M,D
2009,Tornado,VEHICLE,40-64,M,I
2009,Tornado,PUBLIC,65+,F,D
2009,Tornado,MH,40-64,F,D
2009,Tornado,RES,40-64,M,D
2009,Tornado,VEHICLE,18-39,M,D
2009,Tropical Storm,WATER,65+,M,D
2009,Tropical Storm,WATER,18-39,M,D
2009,Wildfire,VEHICLE,18-39,M,I
2009,Wildfire,VEHICLE,40-64,M,I
2009,Wildfire,RES,unknown,M,D
2009,Wildfire,RES,unknown,F,D
2009,Winter Storm,RES,40-64,M,I
2009,Winter Storm,OUTDOOR,40-64,M,I
2009,Winter Storm,RES,65+,M,I
2009,Winter Storm,RES,40-64,F,I
2009,Winter Storm,OUTDOOR,18-39,M,I
2009,Winter Storm,VEHICLE,40-64,F,I
2009,Winter Storm,VEHICLE,18-39,F,I
2009,Winter Storm,OUTDOOR,40-64,F,I
2009,Winter Storm,VEHICLE,40-64,M,I
2009,Winter Storm,VEHICLE,0-17,M,I
2009,Winter Storm,VEHICLE,0-17,F,I
2009,Winter Storm,OUTDOOR,40-64,M,I
2009,Winter Storm,VEHICLE,40-64,M,I
2009,Winter Storm,OUTDOOR,40-64,M,I
2009,Winter Storm,OUTDOOR,65+,M,I
2009,Winter Storm,VEHICLE,18-39,M,I
2009,Winter Storm,VEHICLE,40-64,F,I
2009,Winter Storm,OUTDOOR,65+,M,D
2009,Winter Storm,VEHICLE,40-64,M,I
2009,Winter Storm,OUTDOOR,65+,M,I
2009,Winter Storm,VEHICLE,18-39,M,D
2009,Winter Storm,VEHICLE,40-64,M,I
2009,Winter Storm,VEHICLE,unknown,M,I
2009,Winter Storm,VEHICLE,unknown,M,I
2009,Winter Storm,VEHICLE,unknown,unknown,I
2009,Winter Storm,RES,65+,F,I
2009,Winter Storm,RES,40-64,F,I
2009,Winter Storm,VEHICLE,40-64,M,I
2009,Winter Storm,RES,18-39,F,I
2009,Winter Storm,RES,40-64,F,D
2009,Winter Storm,RES,40-64,F,I
2009,Winter Storm,VEHICLE,40-64,M,I
2009,Winter Storm,RES,40-64,M,I
2009,Winter Storm,MH,65+,F,I
2009,Winter Storm,OUTDOOR,40-64,F,I
2009,Winter Storm,OUTDOOR,unknown,M,D
2009,Winter Storm,OUTDOOR,18-39,F,I
2009,Winter Weather,VEHICLE,0-17,M,I
2009,Winter Weather,VEHICLE,18-39,F,D
2009,Winter Weather,VEHICLE,40-64,M,I
2009,Winter Weather,VEHICLE,unknown,F,I
2009,Winter Weather,VEHICLE,18-39,F,I
2009,Winter Weather,VEHICLE,40-64,M,I
2009,Winter Weather,VEHICLE,18-39,F,I
2009,Winter Weather,VEHICLE,unknown,unknown,I
2009,Winter Weather,VEHICLE,unknown,unknown,I
2009,Winter Weather,VEHICLE,unknown,unknown,I
2009,Winter Weather,VEHICLE,unknown,unknown,I
2009,Winter Weather,VEHICLE,unknown,unknown,I
2009,Winter Weather,RES,18-39,F,D
2009,Winter Weather,VEHICLE,0-17,F,D
2009,Winter Weather,VEHICLE,18-39,F,D
2009,Winter Weather,VEHICLE,65+,M,I
2009,Winter Weather,VEHICLE,65+,F,I
2009,Winter Weather,VEHICLE,18-39,F,D
2009,Winter Weather,VEHICLE,18-39,F,I
2009,Winter Weather,VEHICLE,65+,M,D
2009,Winter Weather,VEHICLE,unknown,F,I
2009,Winter Weather,VEHICLE,0-17,M,I
2009,Winter Weather,OUTDOOR,18-39,M,I
2009,Winter Weather,VEHICLE,40-64,M,I
2009,Winter Weather,VEHICLE,65+,M,I
2009,Winter Weather,VEHICLE,65+,F,I
2009,Winter Weather,VEHICLE,40-64,M,D
2009,Winter Weather,VEHICLE,18-39,M,I
2009,Winter Weather,VEHICLE,18-39,F,I
2009,Winter Weather,VEHICLE,65+,M,D
2009,Winter Weather,VEHICLE,65+,F,I
2009,Winter Weather,VEHICLE,65+,M,I
2009,Winter Weather,VEHICLE,65+,F,I
2009,Winter Weather,VEHICLE,65+,F,I
2009,Winter Weather,VEHICLE,unknown,M,I
2009,Winter Weather,VEHICLE,40-64,F,I
2009,Winter Weather,VEHICLE,65+,M,I
2009,Winter Weather,VEHICLE,40-64,M,I
2009,Winter Weather,VEHICLE,40-64,M,I
2009,Winter Weather,VEHICLE,18-39,F,I
2009,Winter Weather,VEHICLE,unknown,unknown,D
2009,Winter Weather,VEHICLE,65+,M,I
2009,Winter Weather,VEHICLE,40-64,F,I
2009,Winter Weather,VEHICLE,40-64,F,I
2009,Winter Weather,VEHICLE,0-17,M,I
2009,Winter Weather,VEHICLE,18-39,M,I
2009,Winter Weather,VEHICLE,18-39,M,I
2009,Winter Weather,VEHICLE,40-64,M,I
2009,Winter Weather,VEHICLE,65+,F,I
2009,Winter Weather,VEHICLE,18-39,F,I
2009,Winter Weather,VEHICLE,0-17,F,I
2009,Winter Weather,VEHICLE,unknown,M,I
2009,Winter Weather,VEHICLE,40-64,M,D
2009,Winter Weather,VEHICLE,18-39,M,I
2009,Winter Weather,VEHICLE,18-39,M,I
2009,Winter Weather,VEHICLE,18-39,M,I
2009,Winter Weather,VEHICLE,65+,M,I
2009,Winter Weather,VEHICLE,18-39,F,I
2009,Winter Weather,VEHICLE,40-64,F,I
2009,Winter Weather,OUTDOOR,65+,F,D
2009,Winter Weather,VEHICLE,65+,F,I
2009,Winter Weather,VEHICLE,unknown,F,I
2009,Winter Weather,VEHICLE,unknown,M,D
2009,Winter Weather,VEHICLE,18-39,F,I
2010,Avalanche,PUBLIC,40-64,M,D
2010,Avalanche,OUTDOOR,unknown,F,D
2010,Avalanche,OUTDOOR,18-39,M,I
2010,Avalanche,OUTDOOR,unknown,unknown,D
2010,Avalanche,OUTDOOR,40-64,M,D
2010,Avalanche,OUTDOOR,40-64,M,D
2010,Avalanche,OUTDOOR,unknown,M,D
2010,Avalanche,OUTDOOR,18-39,M,D
2010,Avalanche,OUTDOOR,unknown,unknown,D
2010,Avalanche,OUTDOOR,40-64,M,D
2010,Avalanche,OUTDOOR,40-64,M,D
2010,Avalanche,OUTDOOR,40-64,M,D
2010,Avalanche,OUTDOOR,40-64,M,D
2010,Avalanche,OUTDOOR,18-39,M,D
2010,Avalanche,OUTDOOR,40-64,M,D
2010,Avalanche,OUTDOOR,40-64,M,D
2010,Avalanche,OUTDOOR,40-64,M,D
2010,Avalanche,OUTDOOR,18-39,M,D
2010,Avalanche,OUTDOOR,40-64,M,D
2010,Avalanche,OUTDOOR,40-64,M,D
2010,Avalanche,PUBLIC,40-64,M,D
2010,Avalanche,OUTDOOR,unknown,unknown,D
2010,Avalanche,OUTDOOR,40-64,M,D
2010,Blizzard,OUTDOOR,65+,M,D
2010,Blizzard,VEHICLE,18-39,F,I
2010,Blizzard,OUTDOOR,40-64,M,D
2010,Blizzard,VEHICLE,40-64,F,I
2010,Blizzard,OUTDOOR,65+,M,I
2010,Blizzard,OUTDOOR,unknown,M,I
2010,Cold/Wind Chill,RES,65+,M,D
2010,Cold/Wind Chill,RES,40-64,M,D
2010,Cold/Wind Chill,RES,65+,F,D
2010,Cold/Wind Chill,OUTDOOR,40-64,F,I
2010,Cold/Wind Chill,OUTDOOR,65+,M,I
2010,Cold/Wind Chill,MH,40-64,M,I
2010,Cold/Wind Chill,RES,65+,F,D
2010,Cold/Wind Chill,OUTDOOR,40-64,F,D
2010,Cold/Wind Chill,RES,unknown,M,I
2010,Cold/Wind Chill,OUTDOOR,40-64,M,D
2010,Cold/Wind Chill,RES,65+,F,I
2010,Cold/Wind Chill,OUTDOOR,65+,M,D
2010,Cold/Wind Chill,RES,65+,M,D
2010,Cold/Wind Chill,OUTDOOR,40-64,M,D
2010,Cold/Wind Chill,OUTDOOR,40-64,M,D
2010,Cold/Wind Chill,OUTDOOR,40-64,M,D
2010,Cold/Wind Chill,OUTDOOR,unknown,M,D
2010,Cold/Wind Chill,OUTDOOR,40-64,F,D
2010,Cold/Wind Chill,RES,18-39,M,D
2010,Cold/Wind Chill,OUTDOOR,40-64,M,D
2010,Cold/Wind Chill,RES,65+,M,D
2010,Cold/Wind Chill,OUTDOOR,40-64,M,D
2010,Cold/Wind Chill,RES,65+,F,D
2010,Cold/Wind Chill,OUTDOOR,40-64,M,D
2010,Cold/Wind Chill,OUTDOOR,40-64,M,D
2010,Cold/Wind Chill,RES,18-39,M,D
2010,Cold/Wind Chill,PUBLIC,65+,M,D
2010,Cold/Wind Chill,RES,40-64,M,D
2010,Cold/Wind Chill,OUTDOOR,40-64,M,D
2010,Cold/Wind Chill,RES,unknown,F,D
2010,Cold/Wind Chill,RES,unknown,M,D
2010,Cold/Wind Chill,RES,65+,F,D
2010,Cold/Wind Chill,OUTDOOR,40-64,M,D
2010,Cold/Wind Chill,OUTDOOR,65+,F,D
2010,Cold/Wind Chill,OUTDOOR,65+,M,D
2010,Cold/Wind Chill,RES,65+,M,D
2010,Cold/Wind Chill,RES,65+,F,D
2010,Cold/Wind Chill,RES,40-64,F,D
2010,Dense Fog,VEHICLE,65+,F,I
2010,Dense Fog,VEHICLE,unknown,unknown,I
2010,Dense Fog,VEHICLE,40-64,M,I
2010,Dense Fog,VEHICLE,65+,F,I
2010,Dense Fog,VEHICLE,65+,F,I
2010,Dense Fog,VEHICLE,65+,F,I
2010,Dust Storm,VEHICLE,40-64,F,I
2010,Excessive Heat,RES,40-64,M,D
2010,Excessive Heat,PUBLIC,40-64,M,D
2010,Excessive Heat,VEHICLE,0-17,F,D
2010,Excessive Heat,RES,65+,M,D
2010,Excessive Heat,OTHER,65+,M,D
2010,Excessive Heat,RES,65+,F,D
2010,Excessive Heat,PUBLIC,65+,F,D
2010,Excessive Heat,RES,65+,M,D
2010,Excessive Heat,RES,65+,F,D
2010,Excessive Heat,OUTDOOR,unknown,unknown,D
2010,Excessive Heat,RES,65+,M,D
2010,Excessive Heat,RES,40-64,F,D
2010,Excessive Heat,RES,40-64,M,D
2010,Excessive Heat,RES,65+,M,D
2010,Excessive Heat,OTHER,18-39,M,D
2010,Excessive Heat,OTHER,40-64,M,D
2010,Excessive Heat,OUTDOOR,40-64,M,D
2010,Excessive Heat,RES,40-64,M,D
2010,Excessive Heat,RES,40-64,M,D
2010,Excessive Heat,OTHER,40-64,M,D
2010,Excessive Heat,RES,65+,F,D
2010,Excessive Heat,RES,40-64,M,D
2010,Excessive Heat,RES,65+,F,D
2010,Excessive Heat,RES,65+,F,D
2010,Excessive Heat,RES,65+,M,D
2010,Excessive Heat,OTHER,40-64,M,D
2010,Excessive Heat,OTHER,40-64,M,D
2010,Excessive Heat,OTHER,65+,M,D
2010,Excessive Heat,OTHER,65+,M,D
2010,Excessive Heat,OTHER,40-64,M,D
2010,Excessive Heat,OTHER,40-64,F,D
2010,Excessive Heat,RES,65+,M,D
2010,Excessive Heat,OUTDOOR,40-64,M,D
2010,Excessive Heat,RES,65+,M,D
2010,Excessive Heat,RES,40-64,M,D
2010,Excessive Heat,WATER,40-64,M,D
2010,Excessive Heat,OTHER,40-64,M,D
2010,Excessive Heat,RES,65+,M,D
2010,Excessive Heat,RES,40-64,F,D
2010,Excessive Heat,OUTDOOR,40-64,F,D
2010,Excessive Heat,RES,65+,M,D
2010,Excessive Heat,RES,65+,M,D
2010,Excessive Heat,RES,65+,M,D
2010,Excessive Heat,RES,40-64,M,D
2010,Excessive Heat,VEHICLE,65+,M,D
2010,Excessive Heat,RES,0-17,F,D
2010,Excessive Heat,OTHER,40-64,F,D
2010,Excessive Heat,OTHER,40-64,M,D
2010,Excessive Heat,RES,40-64,M,D
2010,Excessive Heat,MH,65+,F,D
2010,Excessive Heat,MH,40-64,F,D
2010,Excessive Heat,RES,40-64,M,D
2010,Excessive Heat,RES,65+,M,D
2010,Excessive Heat,OTHER,40-64,M,D
2010,Excessive Heat,OUTDOOR,65+,F,D
2010,Excessive Heat,OTHER,65+,M,D
2010,Excessive Heat,RES,65+,F,D
2010,Excessive Heat,RES,65+,F,D
2010,Excessive Heat,OUTDOOR,65+,M,D
2010,Excessive Heat,OUTDOOR,65+,M,D
2010,Excessive Heat,OUTDOOR,40-64,F,D
2010,Excessive Heat,VEHICLE,18-39,M,D
2010,Excessive Heat,RES,65+,M,D
2010,Excessive Heat,RES,65+,F,D
2010,Excessive Heat,RES,65+,M,D
2010,Excessive Heat,RES,65+,F,D
2010,Excessive Heat,RES,40-64,M,D
2010,Excessive Heat,OUTDOOR,unknown,M,D
2010,Excessive Heat,OUTDOOR,40-64,M,D
2010,Excessive Heat,RES,40-64,F,D
2010,Excessive Heat,OTHER,40-64,M,D
2010,Excessive Heat,RES,65+,F,D
2010,Excessive Heat,RES,65+,M,D
2010,Excessive Heat,RES,65+,F,D
2010,Extreme Cold/Wind Chill,OTHER,unknown,M,I
2010,Extreme Cold/Wind Chill,OUTDOOR,65+,F,D
2010,Flash Flood,WATER,40-64,M,D
2010,Flash Flood,OUTDOOR,0-17,F,D
2010,Flash Flood,WATER,18-39,M,D
2010,Flash Flood,VEHICLE,18-39,M,D
2010,Flash Flood,VEHICLE,65+,M,D
2010,Flash Flood,WATER,18-39,M,D
2010,Flash Flood,WATER,0-17,M,D
2010,Flash Flood,WATER,0-17,F,D
2010,Flash Flood,VEHICLE,40-64,F,D
2010,Flash Flood,VEHICLE,0-17,F,D
2010,Flash Flood,OUTDOOR,40-64,M,D
2010,Flash Flood,VEHICLE,0-17,M,D
2010,Flash Flood,WATER,18-39,M,D
2010,Flash Flood,WATER,18-39,F,D
2010,Flash Flood,VEHICLE,65+,M,D
2010,Flash Flood,VEHICLE,18-39,M,D
2010,Flash Flood,RES,65+,M,D
2010,Flash Flood,VEHICLE,18-39,M,D
2010,Flash Flood,VEHICLE,0-17,M,I
2010,Flash Flood,OUTDOOR,40-64,F,D
2010,Flash Flood,OUTDOOR,0-17,M,D
2010,Flash Flood,OUTDOOR,65+,F,D
2010,Flash Flood,OUTDOOR,0-17,F,D
2010,Flash Flood,OUTDOOR,40-64,F,D
2010,Flash Flood,WATER,18-39,M,D
2010,Flash Flood,VEHICLE,18-39,F,D
2010,Flash Flood,VEHICLE,40-64,M,D
2010,Flash Flood,OUTDOOR,0-17,F,D
2010,Flash Flood,WATER,18-39,M,I
2010,Flash Flood,WATER,0-17,F,I
2010,Flash Flood,OUTDOOR,18-39,M,D
2010,Flash Flood,VEHICLE,40-64,M,D
2010,Flash Flood,WATER,40-64,M,D
2010,Flash Flood,OUTDOOR,65+,M,D
2010,Flash Flood,OUTDOOR,40-64,F,D
2010,Flash Flood,VEHICLE,40-64,F,D
2010,Flash Flood,VEHICLE,40-64,F,D
2010,Flash Flood,OUTDOOR,40-64,M,D
2010,Flash Flood,OUTDOOR,65+,F,D
2010,Flash Flood,VEHICLE,40-64,M,D
2010,Flash Flood,OUTDOOR,40-64,M,D
2010,Flash Flood,VEHICLE,18-39,M,D
2010,Flash Flood,VEHICLE,18-39,F,I
2010,Flash Flood,OUTDOOR,0-17,M,D
2010,Flash Flood,WATER,40-64,F,D
2010,Flash Flood,OUTDOOR,unknown,M,I
2010,Flash Flood,MH,unknown,unknown,I
2010,Flash Flood,MH,unknown,unknown,I
2010,Flash Flood,WATER,unknown,F,D
2010,Flash Flood,VEHICLE,18-39,M,D
2010,Flash Flood,VEHICLE,0-17,F,I
2010,Flash Flood,VEHICLE,65+,M,D
2010,Flash Flood,VEHICLE,40-64,F,D
2010,Flash Flood,VEHICLE,40-64,M,D
2010,Flash Flood,OUTDOOR,0-17,F,D
2010,Flash Flood,VEHICLE,65+,M,D
2010,Flash Flood,OUTDOOR,18-39,M,D
2010,Flash Flood,OUTDOOR,40-64,F,D
2010,Flash Flood,OUTDOOR,0-17,M,D
2010,Flash Flood,OUTDOOR,18-39,M,D
2010,Flash Flood,VEHICLE,40-64,M,D
2010,Flash Flood,WATER,0-17,M,D
2010,Flash Flood,OUTDOOR,18-39,F,D
2010,Flash Flood,VEHICLE,40-64,M,D
2010,Flash Flood,VEHICLE,18-39,M,D
2010,Flash Flood,OUTDOOR,0-17,M,D
2010,Flash Flood,VEHICLE,18-39,F,D
2010,Flash Flood,WATER,40-64,M,D
2010,Flash Flood,OUTDOOR,40-64,F,D
2010,Flash Flood,MH,65+,F,D
2010,Flash Flood,OUTDOOR,65+,M,D
2010,Flood,WATER,18-39,M,D
2010,Flood,VEHICLE,0-17,M,D
2010,Flood,WATER,0-17,M,D
2010,Flood,MH,0-17,F,D
2010,Flood,VEHICLE,18-39,M,D
2010,Flood,WATER,18-39,M,D
2010,Flood,WATER,65+,M,I
2010,Flood,VEHICLE,18-39,M,D
2010,Flood,VEHICLE,18-39,F,D
2010,Flood,OTHER,40-64,M,I
2010,Flood,VEHICLE,40-64,F,D
2010,Flood,WATER,40-64,M,D
2010,Flood,WATER,40-64,F,D
2010,Flood,VEHICLE,18-39,F,D
2010,Flood,VEHICLE,0-17,M,D
2010,Flood,VEHICLE,0-17,M,D
2010,Flood,WATER,40-64,M,I
2010,Flood,PUBLIC,40-64,M,I
2010,Flood,VEHICLE,18-39,M,D
2010,Flood,RES,65+,F,D
2010,Flood,WATER,40-64,F,D
2010,Flood,VEHICLE,18-39,F,D
2010,Flood,MH,40-64,M,D
2010,Flood,WATER,0-17,M,D
2010,Flood,VEHICLE,65+,M,D
2010,Flood,VEHICLE,65+,F,D
2010,Flood,WATER,unknown,M,D
2010,Flood,WATER,65+,F,D
2010,Flood,OUTDOOR,65+,M,D
2010,Flood,OUTDOOR,65+,F,D
2010,Flood,OUTDOOR,18-39,M,D
2010,Flood,RES,65+,F,D
2010,Flood,RES,65+,M,D
2010,Flood,RES,65+,F,D
2010,Flood,VEHICLE,65+,M,D
2010,Flood,VEHICLE,65+,F,D
2010,Flood,VEHICLE,65+,M,D
2010,Flood,VEHICLE,18-39,M,D
2010,Flood,VEHICLE,40-64,F,D
2010,Flood,VEHICLE,40-64,M,I
2010,Flood,VEHICLE,18-39,M,D
2010,Freezing Fog,VEHICLE,40-64,M,I
2010,Heat,RES,65+,F,D
2010,Heat,RES,65+,M,D
2010,Heat,RES,65+,M,D
2010,Heat,VEHICLE,0-17,F,D
2010,Heat,VEHICLE,0-17,F,D
2010,Heat,OUTDOOR,65+,F,D
2010,Heat,RES,40-64,F,I
2010,Heat,RES,65+,M,D
2010,Heat,RES,65+,M,D
2010,Heat,RES,40-64,M,D
2010,Heat,OUTDOOR,40-64,M,D
2010,Heat,RES,40-64,M,D
2010,Heat,OUTDOOR,40-64,M,D
2010,Heat,OTHER,65+,unknown,I
2010,Heat,RES,65+,F,D
2010,Heat,RES,65+,unknown,D
2010,Heat,RES,65+,F,D
2010,Heat,RES,40-64,M,D
2010,Heat,OUTDOOR,40-64,M,D
2010,Heat,VEHICLE,0-17,F,D
2010,Heat,RES,65+,M,D
2010,Heat,VEHICLE,0-17,M,I
2010,Heat,VEHICLE,0-17,F,I
2010,Heat,RES,65+,F,D
2010,Heat,RES,40-64,M,D
2010,Heat,RES,65+,F,D
2010,Heat,VEHICLE,0-17,M,D
2010,Heat,OUTDOOR,40-64,F,D
2010,Heat,VEHICLE,0-17,M,D
2010,Heat,OUTDOOR,65+,M,D
2010,Heat,VEHICLE,0-17,M,D
2010,Heat,OUTDOOR,65+,F,D
2010,Heat,OUTDOOR,65+,M,D
2010,Heat,OTHER,unknown,F,D
2010,Heat,OTHER,unknown,unknown,D
2010,Heat,OTHER,unknown,unknown,D
2010,Heat,OTHER,unknown,unknown,D
2010,Heat,OUTDOOR,65+,M,D
2010,Heat,RES,40-64,F,D
2010,Heat,RES,65+,F,D
2010,Heat,PUBLIC,65+,M,D
2010,Heat,PUBLIC,40-64,M,D
2010,Heat,PUBLIC,40-64,M,D
2010,Heat,VEHICLE,0-17,F,I
2010,Heat,PUBLIC,18-39,M,D
2010,Heat,RES,40-64,F,D
2010,Heat,OUTDOOR,40-64,M,D
2010,Heat,VEHICLE,0-17,F,D
2010,Heat,VEHICLE,65+,M,D
2010,Heat,PUBLIC,40-64,F,D
2010,Heat,RES,40-64,M,D
2010,Heat,VEHICLE,0-17,F,D
2010,Heat,OUTDOOR,40-64,M,D
2010,Heat,OUTDOOR,40-64,M,D
2010,Heat,OUTDOOR,65+,M,D
2010,Heat,OUTDOOR,0-17,M,D
2010,Heat,OUTDOOR,65+,F,D
2010,Heat,OUTDOOR,65+,M,D
2010,Heat,OUTDOOR,40-64,M,D
2010,Heat,VEHICLE,0-17,M,I
2010,Heat,VEHICLE,40-64,M,D
2010,Heat,RES,40-64,M,D
2010,Heat,VEHICLE,40-64,F,D
2010,Heat,RES,65+,M,D
2010,Heat,VEHICLE,0-17,M,I
2010,Heat,RES,40-64,M,D
2010,Heat,MH,65+,M,D
2010,Heat,RES,65+,M,D
2010,Heat,RES,18-39,F,D
2010,Heat,OTHER,0-17,unknown,I
2010,Heat,VEHICLE,0-17,F,I
2010,Heat,VEHICLE,0-17,F,D
2010,Heat,VEHICLE,0-17,F,D
2010,Heavy Rain,WATER,40-64,M,I
2010,Heavy Rain,WATER,65+,M,I
2010,Heavy Rain,VEHICLE,65+,M,I
2010,Heavy Rain,VEHICLE,40-64,M,I
2010,Heavy Rain,VEHICLE,40-64,M,I
2010,Heavy Rain,VEHICLE,18-39,M,I
2010,Heavy Rain,VEHICLE,18-39,M,I
2010,Heavy Rain,OTHER,18-39,F,I
2010,Heavy Rain,WATER,65+,F,I
2010,Heavy Rain,WATER,40-64,F,I
2010,Heavy Snow,RES,unknown,unknown,I
2010,Heavy Snow,OUTDOOR,18-39,M,D
2010,Heavy Snow,VEHICLE,40-64,M,D
2010,Heavy Snow,OUTDOOR,18-39,M,I
2010,Heavy Snow,VEHICLE,0-17,M,I
2010,Heavy Snow,VEHICLE,0-17,M,I
2010,Heavy Snow,VEHICLE,65+,M,I
2010,Heavy Snow,VEHICLE,18-39,M,I
2010,Heavy Snow,VEHICLE,65+,M,I
2010,Heavy Snow,VEHICLE,unknown,unknown,I
2010,Heavy Snow,VEHICLE,18-39,M,I
2010,Heavy Snow,VEHICLE,18-39,M,I
2010,Heavy Snow,VEHICLE,18-39,F,I
2010,Heavy Snow,VEHICLE,18-39,M,I
2010,Heavy Snow,VEHICLE,40-64,F,I
2010,Heavy Snow,OUTDOOR,40-64,M,D
2010,Heavy Snow,VEHICLE,40-64,F,I
2010,Heavy Snow,VEHICLE,40-64,F,I
2010,Heavy Snow,VEHICLE,40-64,M,I
2010,Heavy Snow,VEHICLE,65+,M,I
2010,Heavy Snow,VEHICLE,unknown,M,I
2010,Heavy Snow,VEHICLE,65+,M,I
2010,High Surf,WATER,40-64,F,D
2010,High Surf,WATER,unknown,M,D
2010,High Surf,WATER,unknown,M,D
2010,High Surf,WATER,unknown,M,D
2010,High Surf,WATER,unknown,M,D
2010,High Surf,OUTDOOR,18-39,F,D
2010,High Surf,WATER,40-64,M,D
2010,High Surf,WATER,40-64,M,D
2010,High Surf,WATER,18-39,M,D
2010,High Surf,WATER,65+,M,D
2010,High Surf,WATER,40-64,M,D
2010,High Surf,WATER,40-64,M,D
2010,High Wind,VEHICLE,unknown,unknown,D
2010,High Wind,RES,40-64,F,D
2010,High Wind,VEHICLE,18-39,F,D
2010,High Wind,VEHICLE,40-64,M,D
2010,High Wind,OUTDOOR,40-64,M,I
2010,High Wind,RES,18-39,M,D
2010,High Wind,RES,65+,F,D
2010,High Wind,WATER,40-64,M,D
2010,Ice Storm,MH,18-39,F,D
2010,Lightning,OUTDOOR,40-64,M,D
2010,Lightning,VEHICLE,40-64,M,D
2010,Lightning,WATER,65+,M,D
2010,Lightning,OUTDOOR,0-17,M,D
2010,Lightning,WATER,18-39,M,D
2010,Lightning,OUTDOOR,40-64,M,D
2010,Lightning,OUTDOOR,18-39,M,D
2010,Lightning,OUTDOOR,18-39,M,I
2010,Lightning,OUTDOOR,65+,M,D
2010,Lightning,WATER,18-39,M,D
2010,Lightning,RES,40-64,F,I
2010,Lightning,OUTDOOR,40-64,M,D
2010,Lightning,OUTDOOR,0-17,F,D
2010,Lightning,PUBLIC,unknown,M,I
2010,Lightning,OUTDOOR,18-39,M,D
2010,Lightning,OUTDOOR,18-39,M,D
2010,Lightning,OUTDOOR,40-64,M,D
2010,Lightning,OUTDOOR,18-39,F,D
2010,Lightning,OUTDOOR,18-39,F,D
2010,Lightning,WATER,0-17,F,D
2010,Lightning,OUTDOOR,40-64,M,D
2010,Lightning,RES,65+,M,I
2010,Lightning,OUTDOOR,18-39,M,D
2010,Lightning,OUTDOOR,18-39,M,D
2010,Lightning,OUTDOOR,40-64,M,D
2010,Lightning,OUTDOOR,0-17,F,D
2010,Lightning,OUTDOOR,18-39,F,D
2010,Lightning,OUTDOOR,0-17,F,D
2010,Lightning,OUTDOOR,40-64,M,D
2010,Lightning,OUTDOOR,0-17,M,D
2010,Lightning,OUTDOOR,40-64,M,D
2010,Lightning,OUTDOOR,18-39,M,D
2010,Lightning,OUTDOOR,unknown,M,D
2010,Rip Current,WATER,0-17,M,I
2010,Rip Current,WATER,0-17,M,D
2010,Rip Current,WATER,65+,M,D
2010,Rip Current,OUTDOOR,18-39,F,D
2010,Rip Current,WATER,40-64,M,D
2010,Rip Current,WATER,40-64,M,D
2010,Rip Current,WATER,18-39,M,D
2010,Rip Current,WATER,40-64,F,D
2010,Rip Current,WATER,18-39,M,D
2010,Rip Current,WATER,unknown,M,D
2010,Rip Current,WATER,unknown,M,D
2010,Rip Current,WATER,40-64,M,D
2010,Rip Current,WATER,0-17,M,D
2010,Rip Current,WATER,0-17,M,D
2010,Rip Current,WATER,18-39,M,D
2010,Rip Current,WATER,0-17,F,D
2010,Rip Current,WATER,0-17,F,D
2010,Rip Current,WATER,40-64,M,D
2010,Rip Current,WATER,0-17,M,D
2010,Rip Current,WATER,18-39,M,D
2010,Rip Current,WATER,40-64,M,D
2010,Rip Current,WATER,18-39,M,D
2010,Rip Current,WATER,40-64,M,D
2010,Rip Current,WATER,18-39,M,D
2010,Rip Current,WATER,18-39,M,D
2010,Rip Current,WATER,40-64,F,D
2010,Rip Current,WATER,18-39,M,D
2010,Rip Current,WATER,unknown,M,D
2010,Rip Current,WATER,18-39,M,D
2010,Rip Current,WATER,40-64,F,D
2010,Rip Current,WATER,18-39,M,D
2010,Rip Current,WATER,18-39,M,D
2010,Rip Current,WATER,40-64,M,D
2010,Rip Current,WATER,40-64,M,D
2010,Rip Current,WATER,40-64,M,D
2010,Rip Current,WATER,18-39,M,D
2010,Rip Current,WATER,18-39,M,D
2010,Rip Current,WATER,18-39,M,D
2010,Rip Current,WATER,unknown,M,D
2010,Rip Current,WATER,unknown,F,D
2010,Rip Current,WATER,0-17,F,D
2010,Rip Current,WATER,65+,F,D
2010,Rip Current,WATER,18-39,M,D
2010,Rip Current,WATER,0-17,M,D
2010,Rip Current,WATER,0-17,M,D
2010,Rip Current,WATER,0-17,M,D
2010,Strong Wind,VEHICLE,0-17,unknown,D
2010,Strong Wind,VEHICLE,40-64,M,D
2010,Strong Wind,VEHICLE,40-64,M,I
2010,Strong Wind,OUTDOOR,0-17,M,D
2010,Strong Wind,OUTDOOR,40-64,M,I
2010,Strong Wind,WATER,0-17,M,I
2010,Strong Wind,WATER,18-39,M,D
2010,Strong Wind,WATER,0-17,M,I
2010,Strong Wind,WATER,40-64,M,I
2010,Strong Wind,VEHICLE,40-64,M,D
2010,Strong Wind,OUTDOOR,65+,M,D
2010,Strong Wind,WATER,40-64,M,I
2010,Strong Wind,WATER,18-39,F,I
2010,Strong Wind,OUTDOOR,18-39,M,D
2010,Strong Wind,VEHICLE,65+,F,D
2010,Strong Wind,OTHER,65+,F,D
2010,Thunderstorm Wind,OTHER,unknown,M,D
2010,Thunderstorm Wind,OTHER,0-17,M,I
2010,Thunderstorm Wind,OUTDOOR,40-64,M,D
2010,Thunderstorm Wind,WATER,18-39,M,I
2010,Thunderstorm Wind,VEHICLE,40-64,F,D
2010,Thunderstorm Wind,MH,unknown,F,D
2010,Thunderstorm Wind,RES,40-64,F,D
2010,Thunderstorm Wind,OUTDOOR,40-64,M,D
2010,Thunderstorm Wind,OUTDOOR,18-39,F,D
2010,Thunderstorm Wind,VEHICLE,40-64,F,I
2010,Thunderstorm Wind,PUBLIC,18-39,M,D
2010,Thunderstorm Wind,OTHER,unknown,unknown,I
2010,Thunderstorm Wind,OUTDOOR,40-64,F,I
2010,Thunderstorm Wind,MH,18-39,F,D
2010,Thunderstorm Wind,PUBLIC,18-39,M,D
2010,Thunderstorm Wind,VEHICLE,18-39,M,I
2010,Thunderstorm Wind,OUTDOOR,40-64,F,D
2010,Thunderstorm Wind,VEHICLE,unknown,unknown,I
2010,Thunderstorm Wind,OUTDOOR,18-39,M,D
2010,Thunderstorm Wind,OTHER,18-39,M,D
2010,Thunderstorm Wind,OUTDOOR,65+,M,D
2010,Thunderstorm Wind,OUTDOOR,40-64,M,D
2010,Tornado,VEHICLE,40-64,F,D
2010,Tornado,MH,18-39,F,D
2010,Tornado,MH,18-39,F,D
2010,Tornado,VEHICLE,65+,F,D
2010,Tornado,MH,65+,M,D
2010,Tornado,MH,18-39,M,D
2010,Tornado,RES,40-64,M,D
2010,Tornado,MH,65+,F,D
2010,Tornado,RES,40-64,F,D
2010,Tornado,OUTDOOR,65+,M,D
2010,Tornado,OTHER,40-64,F,I
2010,Tornado,OUTDOOR,18-39,F,D
2010,Tornado,RES,40-64,M,D
2010,Tornado,RES,65+,M,D
2010,Tornado,RES,65+,M,D
2010,Tornado,RES,18-39,M,D
2010,Tornado,RES,18-39,F,D
2010,Tornado,RES,0-17,M,D
2010,Tornado,VEHICLE,40-64,F,D
2010,Tornado,MH,65+,M,D
2010,Tornado,MH,65+,F,D
2010,Tornado,MH,65+,F,D
2010,Tornado,OUTDOOR,65+,M,D
2010,Tornado,MH,65+,F,D
2010,Tornado,RES,65+,F,D
2010,Tornado,MH,40-64,F,D
2010,Tornado,MH,18-39,F,D
2010,Tornado,MH,65+,F,D
2010,Tornado,OUTDOOR,40-64,M,D
2010,Tornado,MH,40-64,F,D
2010,Tornado,OUTDOOR,65+,F,D
2010,Tornado,MH,18-39,F,D
2010,Tornado,OUTDOOR,65+,F,D
2010,Tornado,PUBLIC,40-64,M,D
2010,Tornado,VEHICLE,40-64,M,D
2010,Tornado,OUTDOOR,0-17,F,D
2010,Tornado,OUTDOOR,0-17,F,D
2010,Tornado,MH,0-17,F,D
2010,Tornado,MH,65+,M,D
2010,Tornado,VEHICLE,40-64,M,D
2010,Tornado,OTHER,40-64,M,I
2010,Tornado,VEHICLE,unknown,F,D
2010,Tornado,MH,40-64,M,D
2010,Tornado,MH,40-64,M,D
2010,Tornado,MH,65+,F,D
2010,Tornado,RES,0-17,M,D
2010,Tornado,RES,40-64,M,D
2010,Wildfire,OUTDOOR,65+,M,D
2010,Wildfire,OUTDOOR,65+,M,D
2010,Winter Storm,OUTDOOR,40-64,M,I
2010,Winter Storm,RES,40-64,M,I
2010,Winter Storm,VEHICLE,0-17,F,I
2010,Winter Storm,VEHICLE,40-64,M,I
2010,Winter Storm,OUTDOOR,65+,F,D
2010,Winter Storm,OUTDOOR,40-64,M,I
2010,Winter Storm,VEHICLE,18-39,M,I
2010,Winter Storm,OUTDOOR,65+,M,I
2010,Winter Storm,PUBLIC,40-64,M,D
2010,Winter Storm,OUTDOOR,18-39,M,D
2010,Winter Storm,VEHICLE,unknown,M,D
2010,Winter Storm,VEHICLE,40-64,F,D
2010,Winter Storm,VEHICLE,0-17,F,D
2010,Winter Storm,VEHICLE,unknown,unknown,I
2010,Winter Storm,VEHICLE,40-64,M,I
2010,Winter Storm,OUTDOOR,40-64,M,D
2010,Winter Storm,OUTDOOR,65+,M,I
2010,Winter Storm,OUTDOOR,18-39,M,D
2010,Winter Storm,OUTDOOR,65+,M,D
2010,Winter Storm,VEHICLE,40-64,M,I
2010,Winter Storm,OUTDOOR,40-64,M,D
2010,Winter Storm,OUTDOOR,65+,M,I
2010,Winter Storm,OUTDOOR,65+,M,I
2010,Winter Storm,VEHICLE,18-39,M,I
2010,Winter Storm,OUTDOOR,65+,M,I
2010,Winter Storm,RES,65+,M,I
2010,Winter Storm,VEHICLE,18-39,M,I
2010,Winter Storm,VEHICLE,0-17,M,I
2010,Winter Storm,OUTDOOR,0-17,M,I
2010,Winter Storm,OUTDOOR,18-39,M,I
2010,Winter Weather,VEHICLE,0-17,F,I
2010,Winter Weather,VEHICLE,18-39,M,I
2010,Winter Weather,VEHICLE,40-64,F,I
2010,Winter Weather,OUTDOOR,unknown,F,D
2010,Winter Weather,VEHICLE,40-64,M,I
2010,Winter Weather,VEHICLE,40-64,M,I
2010,Winter Weather,VEHICLE,18-39,M,I
2010,Winter Weather,VEHICLE,unknown,unknown,I
2010,Winter Weather,VEHICLE,65+,F,I
2010,Winter Weather,VEHICLE,0-17,F,I
2010,Winter Weather,OUTDOOR,40-64,M,I
2010,Winter Weather,VEHICLE,65+,F,I
2010,Winter Weather,OUTDOOR,40-64,F,I
2010,Winter Weather,VEHICLE,65+,F,I
2010,Winter Weather,OUTDOOR,40-64,M,D
2010,Winter Weather,VEHICLE,40-64,F,I
2010,Winter Weather,VEHICLE,18-39,F,I
2010,Winter Weather,VEHICLE,18-39,F,I
2010,Winter Weather,VEHICLE,40-64,M,I
2010,Winter Weather,VEHICLE,18-39,F,I
2010,Winter Weather,VEHICLE,unknown,M,I
2010,Winter Weather,VEHICLE,0-17,M,I
2010,Winter Weather,VEHICLE,unknown,M,D
2010,Winter Weather,VEHICLE,18-39,F,I
2010,Winter Weather,VEHICLE,18-39,M,I
2010,Winter Weather,VEHICLE,unknown,M,I
2010,Winter Weather,VEHICLE,18-39,M,I
2010,Winter Weather,OUTDOOR,unknown,M,I
2010,Winter Weather,VEHICLE,unknown,M,I
2010,Winter Weather,VEHICLE,18-39,F,I
2010,Winter Weather,VEHICLE,18-39,M,I
2010,Winter Weather,VEHICLE,0-17,F,I
2010,Winter Weather,VEHICLE,40-64,M,I
2010,Winter Weather,VEHICLE,40-64,M,I
2010,Winter Weather,VEHICLE,0-17,F,I
2010,Winter Weather,VEHICLE,0-17,F,I
2010,Winter Weather,VEHICLE,18-39,F,I
2010,Winter Weather,VEHICLE,18-39,M,I
2010,Winter Weather,VEHICLE,18-39,M,I
2010,Winter Weather,VEHICLE,18-39,M,I
2010,Winter Weather,VEHICLE,0-17,F,I
2010,Winter Weather,VEHICLE,18-39,M,I
2010,Winter Weather,VEHICLE,65+,M,I
2010,Winter Weather,VEHICLE,40-64,M,I
2010,Winter Weather,VEHICLE,18-39,F,I
2010,Winter Weather,VEHICLE,0-17,M,I
2010,Winter Weather,VEHICLE,18-39,F,I
2010,Winter Weather,VEHICLE,0-17,F,I
2010,Winter Weather,VEHICLE,40-64,M,I
2010,Winter Weather,VEHICLE,0-17,F,I
2010,Winter Weather,VEHICLE,40-64,M,I
2010,Winter Weather,VEHICLE,40-64,M,I
2010,Winter Weather,VEHICLE,40-64,M,D
2010,Winter Weather,VEHICLE,18-39,M,I
2010,Winter Weather,VEHICLE,0-17,F,I
2010,Winter Weather,VEHICLE,18-39,F,I
2010,Winter Weather,VEHICLE,40-64,M,I
2010,Winter Weather,VEHICLE,40-64,M,I
2010,Winter Weather,VEHICLE,0-17,M,I
2010,Winter Weather,VEHICLE,18-39,F,I
2010,Winter Weather,VEHICLE,40-64,F,I
2010,Winter Weather,VEHICLE,unknown,unknown,I
2010,Winter Weather,VEHICLE,18-39,M,I
2010,Winter Weather,VEHICLE,40-64,F,D
2010,Winter Weather,VEHICLE,0-17,F,I
2010,Winter Weather,VEHICLE,40-64,M,I
2010,Winter Weather,VEHICLE,0-17,M,I
2010,Winter Weather,VEHICLE,40-64,M,I
2010,Winter Weather,VEHICLE,40-64,M,I
2010,Winter Weather,VEHICLE,18-39,M,I
2010,Winter Weather,VEHICLE,40-64,M,I
2010,Winter Weather,VEHICLE,40-64,F,I
2010,Winter Weather,VEHICLE,40-64,M,I
2010,Winter Weather,VEHICLE,18-39,F,I
2010,Winter Weather,VEHICLE,0-17,F,I
2010,Winter Weather,VEHICLE,0-17,F,I
2010,Winter Weather,VEHICLE,0-17,F,I
2010,Winter Weather,VEHICLE,18-39,M,I
2010,Winter Weather,OUTDOOR,65+,F,I
2011,Avalanche,OUTDOOR,18-39,M,D
2011,Avalanche,OUTDOOR,18-39,M,D
2011,Avalanche,OUTDOOR,unknown,F,D
2011,Avalanche,OUTDOOR,18-39,M,D
2011,Avalanche,OUTDOOR,40-64,M,D
2011,Avalanche,OUTDOOR,18-39,M,D
2011,Avalanche,OUTDOOR,40-64,F,D
2011,Avalanche,OUTDOOR,18-39,M,D
2011,Avalanche,OUTDOOR,18-39,M,D
2011,Avalanche,OUTDOOR,18-39,M,D
2011,Avalanche,OUTDOOR,unknown,M,D
2011,Blizzard,VEHICLE,40-64,F,I
2011,Blizzard,OUTDOOR,65+,M,I
2011,Blizzard,OUTDOOR,40-64,M,D
2011,Blizzard,OUTDOOR,65+,M,I
2011,Blizzard,OUTDOOR,40-64,M,I
2011,Blizzard,OUTDOOR,40-64,M,I
2011,Blizzard,VEHICLE,0-17,M,I
2011,Blizzard,RES,65+,M,D
2011,Blizzard,VEHICLE,40-64,F,I
2011,Blizzard,VEHICLE,40-64,M,I
2011,Blizzard,VEHICLE,40-64,M,D
2011,Blizzard,OUTDOOR,40-64,M,I
2011,Blizzard,OUTDOOR,65+,M,I
2011,Blizzard,WATER,40-64,M,I
2011,Blizzard,OTHER,65+,M,I
2011,Blizzard,OUTDOOR,40-64,F,D
2011,Blizzard,OTHER,18-39,M,I
2011,Blizzard,OUTDOOR,65+,M,D
2011,Blizzard,VEHICLE,unknown,unknown,I
2011,Blizzard,VEHICLE,unknown,unknown,I
2011,Blizzard,VEHICLE,unknown,unknown,I
2011,Blizzard,OUTDOOR,40-64,M,I
2011,Blizzard,OUTDOOR,unknown,M,I
2011,Blizzard,OUTDOOR,40-64,M,D
2011,Blizzard,VEHICLE,40-64,M,I
2011,Blizzard,VEHICLE,unknown,unknown,I
2011,Blizzard,OUTDOOR,40-64,M,I
2011,Blizzard,OUTDOOR,40-64,M,I
2011,Blizzard,OUTDOOR,40-64,M,I
2011,Blizzard,OUTDOOR,40-64,M,I
2011,Blizzard,OUTDOOR,0-17,M,D
2011,Blizzard,OUTDOOR,65+,M,I
2011,Blizzard,OUTDOOR,65+,M,I
2011,Blizzard,OUTDOOR,65+,M,I
2011,Coastal Flood,WATER,unknown,M,I
2011,Coastal Flood,WATER,18-39,M,D
2011,Cold/Wind Chill,OUTDOOR,65+,M,D
2011,Cold/Wind Chill,RES,65+,M,D
2011,Cold/Wind Chill,OTHER,65+,M,D
2011,Cold/Wind Chill,OUTDOOR,unknown,F,D
2011,Cold/Wind Chill,OUTDOOR,65+,M,D
2011,Cold/Wind Chill,OUTDOOR,65+,F,D
2011,Cold/Wind Chill,RES,40-64,F,D
2011,Cold/Wind Chill,OUTDOOR,18-39,F,D
2011,Cold/Wind Chill,PUBLIC,40-64,F,D
2011,Cold/Wind Chill,OUTDOOR,40-64,F,D
2011,Cold/Wind Chill,OUTDOOR,40-64,M,D
2011,Cold/Wind Chill,RES,40-64,M,D
2011,Cold/Wind Chill,OUTDOOR,65+,F,D
2011,Cold/Wind Chill,RES,65+,M,D
2011,Cold/Wind Chill,OUTDOOR,40-64,M,D
2011,Cold/Wind Chill,OUTDOOR,40-64,M,D
2011,Cold/Wind Chill,OUTDOOR,40-64,M,D
2011,Cold/Wind Chill,OUTDOOR,65+,F,D
2011,Cold/Wind Chill,RES,65+,M,D
2011,Cold/Wind Chill,OUTDOOR,65+,F,D
2011,Cold/Wind Chill,OUTDOOR,18-39,M,D
2011,Cold/Wind Chill,RES,65+,M,D
2011,Cold/Wind Chill,RES,40-64,M,I
2011,Cold/Wind Chill,OUTDOOR,65+,M,D
2011,Cold/Wind Chill,OUTDOOR,unknown,M,D
2011,Debris Flow,OUTDOOR,18-39,F,D
2011,Dense Fog,VEHICLE,65+,F,I
2011,Dense Fog,VEHICLE,65+,M,I
2011,Dense Fog,VEHICLE,65+,F,I
2011,Dense Fog,VEHICLE,0-17,M,I
2011,Dense Fog,VEHICLE,40-64,M,I
2011,Dense Fog,OTHER,65+,F,I
2011,Dense Fog,OTHER,65+,M,I
2011,Dense Fog,OTHER,40-64,M,I
2011,Dense Fog,VEHICLE,40-64,M,I
2011,Dense Fog,VEHICLE,40-64,M,I
2011,Dust Storm,VEHICLE,65+,M,I
2011,Dust Storm,VEHICLE,0-17,F,I
2011,Excessive Heat,RES,65+,M,D
2011,Excessive Heat,OUTDOOR,40-64,M,D
2011,Excessive Heat,OUTDOOR,40-64,M,D
2011,Excessive Heat,RES,40-64,M,D
2011,Excessive Heat,RES,40-64,M,D
2011,Excessive Heat,RES,65+,F,D
2011,Excessive Heat,OUTDOOR,40-64,M,D
2011,Excessive Heat,OTHER,65+,F,D
2011,Excessive Heat,RES,65+,M,D
2011,Excessive Heat,OUTDOOR,65+,M,D
2011,Excessive Heat,RES,65+,M,D
2011,Excessive Heat,RES,65+,F,D
2011,Excessive Heat,OTHER,65+,M,D
2011,Excessive Heat,OTHER,65+,M,D
2011,Excessive Heat,PUBLIC,40-64,M,D
2011,Excessive Heat,RES,65+,M,D
2011,Excessive Heat,RES,65+,F,D
2011,Excessive Heat,OUTDOOR,65+,M,D
2011,Excessive Heat,RES,65+,M,D
2011,Excessive Heat,MH,40-64,M,D
2011,Excessive Heat,OUTDOOR,18-39,M,D
2011,Excessive Heat,OUTDOOR,40-64,M,D
2011,Excessive Heat,OUTDOOR,18-39,M,D
2011,Excessive Heat,RES,65+,F,D
2011,Excessive Heat,RES,65+,F,D
2011,Excessive Heat,RES,65+,F,D
2011,Excessive Heat,OUTDOOR,65+,M,D
2011,Excessive Heat,PUBLIC,40-64,M,D
2011,Excessive Heat,RES,65+,M,D
2011,Excessive Heat,PUBLIC,65+,M,D
2011,Excessive Heat,OUTDOOR,18-39,F,D
2011,Excessive Heat,RES,65+,M,D
2011,Excessive Heat,OTHER,65+,F,D
2011,Excessive Heat,OTHER,18-39,M,D
2011,Excessive Heat,RES,65+,M,D
2011,Excessive Heat,PUBLIC,40-64,M,D
2011,Excessive Heat,PUBLIC,40-64,M,D
2011,Excessive Heat,RES,65+,M,D
2011,Excessive Heat,RES,65+,M,D
2011,Excessive Heat,RES,65+,M,D
2011,Excessive Heat,RES,65+,F,D
2011,Excessive Heat,RES,40-64,M,D
2011,Excessive Heat,OUTDOOR,40-64,M,D
2011,Excessive Heat,RES,65+,M,D
2011,Excessive Heat,RES,65+,F,D
2011,Excessive Heat,RES,65+,M,D
2011,Excessive Heat,RES,40-64,M,D
2011,Excessive Heat,OUTDOOR,65+,M,D
2011,Excessive Heat,RES,18-39,M,I
2011,Excessive Heat,VEHICLE,40-64,M,D
2011,Excessive Heat,VEHICLE,0-17,M,D
2011,Excessive Heat,RES,65+,M,D
2011,Excessive Heat,OUTDOOR,40-64,F,D
2011,Excessive Heat,RES,65+,M,D
2011,Excessive Heat,RES,65+,M,D
2011,Excessive Heat,RES,65+,M,D
2011,Excessive Heat,RES,65+,M,D
2011,Excessive Heat,RES,65+,M,D
2011,Excessive Heat,RES,40-64,F,D
2011,Excessive Heat,RES,65+,F,D
2011,Excessive Heat,RES,65+,M,D
2011,Excessive Heat,OUTDOOR,18-39,M,D
2011,Excessive Heat,OUTDOOR,40-64,M,D
2011,Excessive Heat,RES,65+,M,D
2011,Excessive Heat,RES,40-64,F,D
2011,Excessive Heat,MH,65+,F,D
2011,Excessive Heat,OTHER,65+,M,D
2011,Excessive Heat,OUTDOOR,40-64,M,D
2011,Excessive Heat,RES,unknown,F,D
2011,Excessive Heat,RES,65+,M,D
2011,Excessive Heat,RES,unknown,M,D
2011,Excessive Heat,RES,40-64,M,I
2011,Excessive Heat,OTHER,40-64,F,D
2011,Excessive Heat,VEHICLE,40-64,M,D
2011,Excessive Heat,PUBLIC,40-64,M,D
2011,Excessive Heat,OTHER,40-64,M,D
2011,Excessive Heat,RES,65+,M,D
2011,Excessive Heat,RES,65+,M,D
2011,Excessive Heat,RES,40-64,M,D
2011,Excessive Heat,OUTDOOR,40-64,F,D
2011,Excessive Heat,RES,65+,F,D
2011,Excessive Heat,RES,65+,F,D
2011,Excessive Heat,RES,65+,F,D
2011,Excessive Heat,RES,65+,M,D
2011,Excessive Heat,RES,65+,F,D
2011,Excessive Heat,OUTDOOR,40-64,M,D
2011,Excessive Heat,OUTDOOR,18-39,M,D
2011,Excessive Heat,RES,unknown,M,D
2011,Excessive Heat,RES,65+,M,D
2011,Excessive Heat,RES,65+,F,D
2011,Excessive Heat,RES,40-64,F,D
2011,Excessive Heat,RES,65+,M,D
2011,Excessive Heat,RES,40-64,M,D
2011,Excessive Heat,RES,65+,M,D
2011,Excessive Heat,RES,65+,M,D
2011,Excessive Heat,OUTDOOR,40-64,M,I
2011,Excessive Heat,RES,40-64,F,D
2011,Excessive Heat,RES,65+,F,D
2011,Excessive Heat,RES,40-64,M,D
2011,Excessive Heat,RES,65+,M,D
2011,Excessive Heat,RES,40-64,F,D
2011,Excessive Heat,PUBLIC,65+,F,D
2011,Excessive Heat,RES,65+,M,I
2011,Excessive Heat,OUTDOOR,40-64,M,D
2011,Excessive Heat,RES,40-64,M,D
2011,Excessive Heat,RES,unknown,F,D
2011,Excessive Heat,OTHER,65+,F,D
2011,Excessive Heat,OTHER,unknown,M,D
2011,Excessive Heat,MH,65+,F,D
2011,Excessive Heat,RES,65+,F,D
2011,Excessive Heat,OUTDOOR,unknown,M,D
2011,Excessive Heat,RES,65+,F,D
2011,Excessive Heat,RES,65+,M,D
2011,Excessive Heat,OTHER,18-39,F,D
2011,Excessive Heat,OTHER,40-64,F,D
2011,Excessive Heat,OTHER,65+,F,D
2011,Excessive Heat,RES,40-64,M,D
2011,Excessive Heat,RES,18-39,M,D
2011,Excessive Heat,OTHER,0-17,F,D
2011,Excessive Heat,OTHER,40-64,F,D
2011,Excessive Heat,OTHER,65+,M,D
2011,Excessive Heat,OTHER,65+,F,D
2011,Excessive Heat,OTHER,18-39,M,D
2011,Excessive Heat,RES,65+,M,D
2011,Excessive Heat,OTHER,18-39,F,D
2011,Excessive Heat,OTHER,65+,M,D
2011,Excessive Heat,OTHER,65+,F,D
2011,Excessive Heat,OTHER,unknown,F,D
2011,Excessive Heat,OTHER,65+,F,D
2011,Excessive Heat,OTHER,40-64,M,D
2011,Excessive Heat,OTHER,65+,F,D
2011,Extreme Cold/Wind Chill,OUTDOOR,40-64,F,D
2011,Extreme Cold/Wind Chill,OUTDOOR,65+,M,D
2011,Extreme Cold/Wind Chill,OUTDOOR,18-39,F,D
2011,Extreme Cold/Wind Chill,OUTDOOR,18-39,F,D
2011,Extreme Cold/Wind Chill,OUTDOOR,65+,M,D
2011,Flash Flood,MH,40-64,M,D
2011,Flash Flood,OUTDOOR,unknown,M,D
2011,Flash Flood,WATER,40-64,M,D
2011,Flash Flood,VEHICLE,40-64,F,D
2011,Flash Flood,VEHICLE,40-64,F,D
2011,Flash Flood,VEHICLE,65+,F,D
2011,Flash Flood,RES,65+,F,D
2011,Flash Flood,VEHICLE,unknown,F,D
2011,Flash Flood,VEHICLE,40-64,M,D
2011,Flash Flood,VEHICLE,unknown,F,D
2011,Flash Flood,OUTDOOR,65+,F,D
2011,Flash Flood,VEHICLE,65+,M,D
2011,Flash Flood,VEHICLE,0-17,F,D
2011,Flash Flood,VEHICLE,40-64,M,D
2011,Flash Flood,VEHICLE,0-17,F,D
2011,Flash Flood,VEHICLE,40-64,F,D
2011,Flash Flood,VEHICLE,40-64,M,D
2011,Flash Flood,VEHICLE,40-64,F,D
2011,Flash Flood,VEHICLE,0-17,F,D
2011,Flash Flood,VEHICLE,65+,M,D
2011,Flash Flood,VEHICLE,18-39,M,D
2011,Flash Flood,VEHICLE,65+,F,D
2011,Flash Flood,RES,unknown,M,D
2011,Flash Flood,RES,40-64,F,I
2011,Flash Flood,RES,18-39,M,I
2011,Flash Flood,VEHICLE,0-17,F,D
2011,Flash Flood,VEHICLE,0-17,F,D
2011,Flash Flood,VEHICLE,18-39,F,D
2011,Flash Flood,OUTDOOR,18-39,M,D
2011,Flash Flood,VEHICLE,0-17,F,D
2011,Flash Flood,VEHICLE,18-39,F,D
2011,Flash Flood,VEHICLE,0-17,M,D
2011,Flash Flood,VEHICLE,65+,F,D
2011,Flash Flood,WATER,18-39,F,D
2011,Flash Flood,VEHICLE,0-17,F,D
2011,Flash Flood,VEHICLE,0-17,F,D
2011,Flash Flood,VEHICLE,0-17,F,D
2011,Flash Flood,VEHICLE,18-39,F,D
2011,Flash Flood,VEHICLE,0-17,F,D
2011,Flash Flood,VEHICLE,65+,M,D
2011,Flash Flood,VEHICLE,40-64,M,D
2011,Flash Flood,VEHICLE,40-64,M,D
2011,Flash Flood,VEHICLE,0-17,M,D
2011,Flash Flood,VEHICLE,18-39,F,D
2011,Flash Flood,VEHICLE,18-39,F,D
2011,Flash Flood,OUTDOOR,40-64,M,D
2011,Flash Flood,OTHER,unknown,unknown,D
2011,Flash Flood,WATER,18-39,M,D
2011,Flash Flood,WATER,18-39,M,D
2011,Flash Flood,VEHICLE,65+,M,D
2011,Flash Flood,PUBLIC,65+,F,D
2011,Flash Flood,VEHICLE,65+,M,D
2011,Flash Flood,VEHICLE,40-64,M,D
2011,Flash Flood,WATER,40-64,F,D
2011,Flash Flood,WATER,0-17,F,D
2011,Flash Flood,VEHICLE,40-64,M,D
2011,Flash Flood,VEHICLE,18-39,M,D
2011,Flash Flood,OUTDOOR,0-17,M,D
2011,Flash Flood,VEHICLE,65+,M,D
2011,Flash Flood,VEHICLE,65+,M,D
2011,Flash Flood,WATER,40-64,M,D
2011,Flash Flood,WATER,40-64,M,D
2011,Flood,VEHICLE,40-64,F,D
2011,Flood,RES,65+,M,I
2011,Flood,RES,65+,M,I
2011,Flood,VEHICLE,unknown,M,D
2011,Flood,VEHICLE,18-39,F,D
2011,Flood,RES,65+,M,D
2011,Flood,VEHICLE,65+,M,D
2011,Flood,VEHICLE,65+,M,D
2011,Flood,WATER,0-17,M,D
2011,Flood,WATER,unknown,M,D
2011,Flood,OUTDOOR,40-64,M,D
2011,Flood,VEHICLE,65+,M,D
2011,Flood,OTHER,18-39,M,D
2011,Flood,VEHICLE,40-64,F,D
2011,Flood,OTHER,65+,M,I
2011,Flood,WATER,18-39,M,I
2011,Flood,VEHICLE,40-64,M,I
2011,Flood,WATER,65+,M,I
2011,Flood,WATER,40-64,M,I
2011,Flood,WATER,40-64,M,D
2011,Flood,OUTDOOR,40-64,M,I
2011,Flood,WATER,40-64,M,D
2011,Flood,VEHICLE,65+,M,D
2011,Flood,WATER,65+,M,D
2011,Flood,OTHER,65+,M,D
2011,Flood,WATER,40-64,M,D
2011,Flood,WATER,unknown,M,I
2011,Flood,VEHICLE,18-39,M,I
2011,Flood,VEHICLE,65+,F,D
2011,Flood,WATER,40-64,M,D
2011,Flood,WATER,40-64,F,D
2011,Flood,WATER,40-64,M,D
2011,Flood,VEHICLE,40-64,M,D
2011,Flood,WATER,40-64,F,D
2011,Flood,VEHICLE,18-39,F,D
2011,Flood,WATER,0-17,F,D
2011,Flood,WATER,40-64,M,D
2011,Flood,WATER,18-39,M,D
2011,Flood,WATER,unknown,M,D
2011,Flood,WATER,65+,F,D
2011,Flood,WATER,18-39,M,D
2011,Flood,VEHICLE,65+,M,D
2011,Flood,WATER,65+,M,I
2011,Flood,WATER,18-39,M,I
2011,Flood,VEHICLE,40-64,M,D
2011,Flood,RES,65+,F,D
2011,Flood,VEHICLE,65+,M,D
2011,Flood,VEHICLE,40-64,F,D
2011,Flood,WATER,40-64,M,D
2011,Flood,RES,40-64,M,I
2011,Flood,OTHER,18-39,M,D
2011,Flood,OUTDOOR,65+,M,D
2011,Flood,WATER,40-64,M,D
2011,Flood,OTHER,unknown,M,D
2011,Flood,VEHICLE,65+,F,D
2011,Flood,WATER,40-64,M,D
2011,Flood,VEHICLE,65+,M,D
2011,Freezing Fog,VEHICLE,40-64,M,I
2011,Freezing Fog,VEHICLE,unknown,unknown,D
2011,Freezing Fog,VEHICLE,40-64,M,I
2011,Freezing Fog,VEHICLE,65+,M,D
2011,Freezing Fog,VEHICLE,18-39,M,I
2011,Freezing Fog,VEHICLE,40-64,M,I
2011,Freezing Fog,VEHICLE,40-64,F,I
2011,Hail,VEHICLE,65+,M,I
2011,Hail,VEHICLE,18-39,F,I
2011,Heat,VEHICLE,0-17,M,I
2011,Heat,RES,65+,M,I
2011,Heat,RES,40-64,M,D
2011,Heat,RES,40-64,M,D
2011,Heat,RES,65+,F,D
2011,Heat,RES,40-64,M,D
2011,Heat,VEHICLE,0-17,M,I
2011,Heat,RES,40-64,F,D
2011,Heat,RES,65+,M,D
2011,Heat,RES,65+,M,D
2011,Heat,RES,40-64,M,D
2011,Heat,RES,65+,F,D
2011,Heat,RES,65+,M,D
2011,Heat,RES,65+,M,D
2011,Heat,RES,40-64,M,D
2011,Heat,RES,65+,F,D
2011,Heat,RES,65+,F,D
2011,Heat,RES,65+,M,D
2011,Heat,RES,40-64,M,D
2011,Heat,RES,65+,M,D
2011,Heat,RES,40-64,M,D
2011,Heat,RES,65+,M,D
2011,Heat,RES,65+,F,D
2011,Heat,OUTDOOR,18-39,M,D
2011,Heat,RES,40-64,M,D
2011,Heat,OUTDOOR,40-64,M,D
2011,Heat,VEHICLE,40-64,M,D
2011,Heat,RES,40-64,M,D
2011,Heat,RES,40-64,M,D
2011,Heat,RES,65+,M,D
2011,Heat,PUBLIC,40-64,F,D
2011,Heat,OUTDOOR,65+,M,D
2011,Heat,OUTDOOR,65+,M,D
2011,Heat,RES,18-39,M,D
2011,Heat,OTHER,40-64,M,D
2011,Heat,PUBLIC,65+,F,D
2011,Heat,RES,40-64,M,D
2011,Heat,OUTDOOR,40-64,M,D
2011,Heat,VEHICLE,0-17,M,I
2011,Heat,OUTDOOR,40-64,F,D
2011,Heat,OUTDOOR,18-39,M,D
2011,Heat,MH,65+,M,D
2011,Heat,VEHICLE,40-64,M,D
2011,Heat,RES,65+,F,D
2011,Heat,OUTDOOR,65+,F,D
2011,Heat,RES,65+,M,D
2011,Heat,RES,40-64,F,D
2011,Heat,OTHER,40-64,M,D
2011,Heat,VEHICLE,40-64,M,D
2011,Heat,OUTDOOR,65+,M,D
2011,Heat,RES,40-64,M,D
2011,Heat,OUTDOOR,65+,F,D
2011,Heat,RES,40-64,M,I
2011,Heat,RES,65+,M,D
2011,Heat,RES,65+,F,D
2011,Heat,RES,65+,M,D
2011,Heat,RES,40-64,M,D
2011,Heat,RES,65+,F,D
2011,Heat,RES,40-64,M,D
2011,Heat,RES,65+,M,D
2011,Heat,RES,40-64,M,D
2011,Heat,RES,40-64,M,D
2011,Heat,RES,65+,F,D
2011,Heat,VEHICLE,0-17,F,I
2011,Heat,RES,65+,F,D
2011,Heat,RES,65+,F,D
2011,Heat,VEHICLE,0-17,F,D
2011,Heat,OUTDOOR,65+,M,D
2011,Heat,RES,65+,F,D
2011,Heat,PUBLIC,65+,F,D
2011,Heat,RES,65+,M,D
2011,Heat,OTHER,18-39,M,D
2011,Heat,MH,40-64,M,D
2011,Heat,VEHICLE,0-17,F,I
2011,Heat,OUTDOOR,40-64,F,D
2011,Heat,RES,65+,F,D
2011,Heat,VEHICLE,0-17,F,I
2011,Heat,OUTDOOR,18-39,M,D
2011,Heat,VEHICLE,0-17,M,I
2011,Heat,VEHICLE,40-64,F,D
2011,Heat,RES,0-17,M,D
2011,Heat,RES,40-64,F,D
2011,Heat,RES,65+,F,D
2011,Heat,RES,65+,M,D
2011,Heat,RES,65+,F,D
2011,Heat,OUTDOOR,40-64,M,D
2011,Heat,RES,40-64,F,D
2011,Heat,RES,40-64,M,D
2011,Heavy Rain,VEHICLE,18-39,M,I
2011,Heavy Rain,VEHICLE,18-39,M,I
2011,Heavy Rain,VEHICLE,18-39,M,I
2011,Heavy Rain,VEHICLE,18-39,M,I
2011,Heavy Rain,VEHICLE,18-39,M,I
2011,Heavy Rain,VEHICLE,18-39,M,I
2011,Heavy Rain,WATER,18-39,M,D
2011,Heavy Rain,VEHICLE,40-64,M,I
2011,Heavy Rain,VEHICLE,40-64,M,I
2011,Heavy Rain,VEHICLE,40-64,M,I
2011,Heavy Snow,VEHICLE,65+,M,I
2011,Heavy Snow,VEHICLE,40-64,F,I
2011,Heavy Snow,OUTDOOR,0-17,M,I
2011,Heavy Snow,VEHICLE,40-64,F,I
2011,Heavy Snow,VEHICLE,18-39,M,I
2011,Heavy Snow,VEHICLE,unknown,unknown,I
2011,Heavy Snow,VEHICLE,unknown,unknown,I
2011,Heavy Snow,VEHICLE,unknown,unknown,I
2011,Heavy Snow,VEHICLE,18-39,M,I
2011,Heavy Snow,VEHICLE,40-64,M,I
2011,Heavy Snow,VEHICLE,40-64,M,I
2011,Heavy Snow,RES,40-64,M,I
2011,Heavy Snow,VEHICLE,40-64,M,I
2011,Heavy Snow,RES,65+,F,I
2011,Heavy Snow,VEHICLE,18-39,M,I
2011,Heavy Snow,VEHICLE,40-64,F,I
2011,Heavy Snow,VEHICLE,unknown,unknown,I
2011,Heavy Snow,VEHICLE,unknown,unknown,I
2011,Heavy Snow,RES,65+,M,D
2011,Heavy Snow,VEHICLE,65+,F,I
2011,Heavy Snow,VEHICLE,40-64,M,I
2011,Heavy Snow,VEHICLE,65+,M,I
2011,High Surf,WATER,18-39,M,D
2011,High Surf,WATER,40-64,F,D
2011,High Surf,WATER,unknown,F,D
2011,High Surf,WATER,18-39,M,D
2011,High Surf,WATER,65+,M,D
2011,High Surf,WATER,40-64,M,D
2011,High Surf,WATER,18-39,M,D
2011,High Wind,VEHICLE,0-17,F,I
2011,High Wind,VEHICLE,0-17,F,D
2011,High Wind,VEHICLE,65+,M,D
2011,High Wind,OUTDOOR,40-64,M,D
2011,High Wind,OUTDOOR,40-64,M,I
2011,High Wind,VEHICLE,40-64,M,D
2011,High Wind,OUTDOOR,40-64,F,I
2011,High Wind,OUTDOOR,18-39,M,I
2011,High Wind,OUTDOOR,18-39,M,D
2011,High Wind,VEHICLE,40-64,M,D
2011,High Wind,OUTDOOR,65+,M,D
2011,High Wind,OUTDOOR,40-64,M,D
2011,Hurricane (Typhoon),OTHER,unknown,F,I
2011,Ice Storm,VEHICLE,18-39,M,I
2011,Ice Storm,OUTDOOR,65+,M,D
2011,Ice Storm,VEHICLE,unknown,unknown,I
2011,Ice Storm,VEHICLE,unknown,unknown,I
2011,Ice Storm,RES,40-64,M,I
2011,Ice Storm,VEHICLE,40-64,M,I
2011,Ice Storm,VEHICLE,18-39,M,I
2011,Ice Storm,RES,40-64,F,I
2011,Ice Storm,VEHICLE,18-39,M,I
2011,Ice Storm,VEHICLE,unknown,unknown,I
2011,Ice Storm,VEHICLE,18-39,M,I
2011,Ice Storm,VEHICLE,unknown,unknown,I
2011,Ice Storm,VEHICLE,unknown,unknown,I
2011,Ice Storm,VEHICLE,unknown,unknown,I
2011,Ice Storm,VEHICLE,unknown,unknown,I
2011,Lightning,OUTDOOR,40-64,M,D
2011,Lightning,OTHER,40-64,M,D
2011,Lightning,OUTDOOR,40-64,F,D
2011,Lightning,PUBLIC,40-64,M,I
2011,Lightning,RES,65+,F,I
2011,Lightning,OUTDOOR,40-64,F,D
2011,Lightning,OUTDOOR,65+,F,D
2011,Lightning,OUTDOOR,18-39,F,D
2011,Lightning,OUTDOOR,40-64,F,D
2011,Lightning,OUTDOOR,40-64,M,D
2011,Lightning,VEHICLE,40-64,M,D
2011,Lightning,OUTDOOR,0-17,M,D
2011,Lightning,RES,65+,M,I
2011,Lightning,OUTDOOR,0-17,F,D
2011,Lightning,OUTDOOR,40-64,M,D
2011,Lightning,OUTDOOR,40-64,M,D
2011,Lightning,OTHER,40-64,M,D
2011,Lightning,OUTDOOR,65+,M,D
2011,Lightning,OUTDOOR,0-17,M,D
2011,Lightning,OUTDOOR,40-64,M,D
2011,Lightning,WATER,18-39,M,D
2011,Lightning,OUTDOOR,18-39,M,D
2011,Lightning,RES,65+,F,I
2011,Lightning,RES,65+,F,I
2011,Lightning,OUTDOOR,40-64,M,D
2011,Lightning,OUTDOOR,40-64,M,D
2011,Lightning,OUTDOOR,40-64,M,D
2011,Lightning,OUTDOOR,unknown,F,D
2011,Lightning,OUTDOOR,18-39,M,D
2011,Lightning,OUTDOOR,40-64,M,D
2011,Rip Current,WATER,40-64,M,D
2011,Rip Current,WATER,40-64,M,D
2011,Rip Current,WATER,18-39,M,D
2011,Rip Current,WATER,18-39,M,D
2011,Rip Current,WATER,unknown,unknown,D
2011,Rip Current,WATER,40-64,M,D
2011,Rip Current,WATER,18-39,M,D
2011,Rip Current,WATER,65+,M,D
2011,Rip Current,WATER,40-64,M,D
2011,Rip Current,WATER,unknown,unknown,D
2011,Rip Current,WATER,18-39,M,D
2011,Rip Current,WATER,40-64,M,D
2011,Rip Current,WATER,18-39,M,D
2011,Rip Current,WATER,18-39,M,D
2011,Rip Current,WATER,0-17,M,D
2011,Rip Current,WATER,18-39,M,D
2011,Rip Current,WATER,18-39,F,D
2011,Rip Current,WATER,18-39,M,D
2011,Rip Current,WATER,18-39,M,D
2011,Rip Current,WATER,40-64,M,D
2011,Rip Current,WATER,0-17,M,D
2011,Rip Current,WATER,40-64,M,D
2011,Rip Current,WATER,0-17,M,D
2011,Rip Current,WATER,65+,M,D
2011,Rip Current,WATER,0-17,F,D
2011,Rip Current,WATER,0-17,M,D
2011,Rip Current,WATER,18-39,M,D
2011,Rip Current,WATER,18-39,M,D
2011,Rip Current,WATER,18-39,M,D
2011,Storm Surge/Tide,WATER,65+,M,D
2011,Storm Surge/Tide,WATER,18-39,M,D
2011,Storm Surge/Tide,WATER,18-39,M,D
2011,Strong Wind,MH,18-39,F,D
2011,Strong Wind,OUTDOOR,65+,M,D
2011,Strong Wind,WATER,65+,M,I
2011,Strong Wind,VEHICLE,18-39,M,D
2011,Strong Wind,WATER,0-17,M,D
2011,Strong Wind,OUTDOOR,40-64,M,D
2011,Strong Wind,OUTDOOR,40-64,F,D
2011,Strong Wind,RES,65+,F,I
2011,Strong Wind,RES,40-64,M,I
2011,Strong Wind,VEHICLE,65+,F,D
2011,Strong Wind,VEHICLE,40-64,F,D
2011,Strong Wind,VEHICLE,18-39,F,D
2011,Strong Wind,WATER,40-64,M,D
2011,Thunderstorm Wind,MH,18-39,F,D
2011,Thunderstorm Wind,VEHICLE,65+,M,D
2011,Thunderstorm Wind,OTHER,40-64,M,D
2011,Thunderstorm Wind,OTHER,40-64,M,D
2011,Thunderstorm Wind,OTHER,40-64,F,D
2011,Thunderstorm Wind,OTHER,18-39,F,D
2011,Thunderstorm Wind,OTHER,18-39,F,D
2011,Thunderstorm Wind,OTHER,18-39,F,D
2011,Thunderstorm Wind,RES,0-17,M,D
2011,Thunderstorm Wind,VEHICLE,unknown,unknown,I
2011,Thunderstorm Wind,RES,unknown,M,D
2011,Thunderstorm Wind,MH,0-17,F,D
2011,Thunderstorm Wind,MH,18-39,M,D
2011,Thunderstorm Wind,RES,65+,M,D
2011,Thunderstorm Wind,OUTDOOR,unknown,M,D
2011,Thunderstorm Wind,PUBLIC,18-39,M,D
2011,Thunderstorm Wind,RES,0-17,M,D
2011,Thunderstorm Wind,VEHICLE,40-64,F,D
2011,Thunderstorm Wind,OTHER,18-39,M,D
2011,Thunderstorm Wind,VEHICLE,18-39,M,I
2011,Thunderstorm Wind,RES,0-17,M,D
2011,Thunderstorm Wind,MH,0-17,F,D
2011,Thunderstorm Wind,VEHICLE,65+,M,I
2011,Thunderstorm Wind,MH,65+,F,D
2011,Thunderstorm Wind,MH,40-64,F,D
2011,Thunderstorm Wind,RES,18-39,M,D
2011,Thunderstorm Wind,RES,0-17,F,D
2011,Thunderstorm Wind,OTHER,18-39,F,D
2011,Thunderstorm Wind,VEHICLE,65+,M,D
2011,Thunderstorm Wind,VEHICLE,18-39,F,D
2011,Thunderstorm Wind,PUBLIC,unknown,M,D
2011,Thunderstorm Wind,OUTDOOR,unknown,F,D
2011,Thunderstorm Wind,VEHICLE,18-39,M,D
2011,Thunderstorm Wind,OUTDOOR,65+,M,I
2011,Thunderstorm Wind,MH,18-39,F,D
2011,Thunderstorm Wind,MH,18-39,F,D
2011,Thunderstorm Wind,OUTDOOR,18-39,M,I
2011,Thunderstorm Wind,OTHER,unknown,M,D
2011,Thunderstorm Wind,OUTDOOR,65+,F,D
2011,Thunderstorm Wind,OUTDOOR,18-39,M,D
2011,Thunderstorm Wind,VEHICLE,unknown,M,D
2011,Thunderstorm Wind,OUTDOOR,18-39,F,D
2011,Thunderstorm Wind,MH,40-64,F,D
2011,Thunderstorm Wind,MH,65+,M,D
2011,Thunderstorm Wind,OUTDOOR,18-39,F,D
2011,Thunderstorm Wind,VEHICLE,unknown,F,I
2011,Thunderstorm Wind,VEHICLE,40-64,M,D
2011,Thunderstorm Wind,OUTDOOR,18-39,F,D
2011,Thunderstorm Wind,MH,40-64,F,D
2011,Thunderstorm Wind,VEHICLE,18-39,F,D
2011,Thunderstorm Wind,OUTDOOR,18-39,M,I
2011,Thunderstorm Wind,VEHICLE,40-64,F,D
2011,Thunderstorm Wind,VEHICLE,40-64,F,D
2011,Thunderstorm Wind,MH,40-64,F,D
2011,Thunderstorm Wind,VEHICLE,40-64,M,D
2011,Thunderstorm Wind,VEHICLE,18-39,M,D
2011,Thunderstorm Wind,MH,40-64,M,D
2011,Thunderstorm Wind,VEHICLE,18-39,M,I
2011,Thunderstorm Wind,OUTDOOR,40-64,M,D
2011,Thunderstorm Wind,OTHER,unknown,unknown,I
2011,Thunderstorm Wind,VEHICLE,40-64,M,I
2011,Thunderstorm Wind,RES,40-64,F,D
2011,Thunderstorm Wind,VEHICLE,40-64,M,D
2011,Tornado,MH,0-17,F,D
2011,Tornado,PUBLIC,18-39,F,D
2011,Tornado,PUBLIC,40-64,F,D
2011,Tornado,PUBLIC,40-64,F,D
2011,Tornado,RES,40-64,M,D
2011,Tornado,PUBLIC,65+,M,D
2011,Tornado,PUBLIC,18-39,F,D
2011,Tornado,PUBLIC,40-64,M,D
2011,Tornado,PUBLIC,40-64,F,D
2011,Tornado,PUBLIC,40-64,F,D
2011,Tornado,PUBLIC,40-64,F,D
2011,Tornado,PUBLIC,65+,F,D
2011,Tornado,PUBLIC,40-64,M,D
2011,Tornado,PUBLIC,18-39,F,D
2011,Tornado,PUBLIC,65+,F,D
2011,Tornado,PUBLIC,40-64,M,D
2011,Tornado,PUBLIC,65+,F,D
2011,Tornado,PUBLIC,65+,F,D
2011,Tornado,PUBLIC,65+,M,D
2011,Tornado,PUBLIC,40-64,F,D
2011,Tornado,PUBLIC,65+,F,D
2011,Tornado,PUBLIC,40-64,M,D
2011,Tornado,PUBLIC,65+,M,D
2011,Tornado,PUBLIC,40-64,F,D
2011,Tornado,MH,40-64,F,D
2011,Tornado,MH,65+,F,D
2011,Tornado,MH,65+,F,D
2011,Tornado,PUBLIC,65+,M,D
2011,Tornado,PUBLIC,40-64,M,D
2011,Tornado,PUBLIC,65+,F,D
2011,Tornado,MH,40-64,M,D
2011,Tornado,RES,40-64,M,D
2011,Tornado,VEHICLE,40-64,M,D
2011,Tornado,RES,65+,M,D
2011,Tornado,OTHER,65+,F,D
2011,Tornado,RES,65+,M,D
2011,Tornado,RES,40-64,F,D
2011,Tornado,RES,40-64,F,D
2011,Tornado,RES,40-64,M,D
2011,Tornado,RES,40-64,M,D
2011,Tornado,OTHER,18-39,F,D
2011,Tornado,OTHER,65+,F,D
2011,Tornado,OTHER,65+,M,D
2011,Tornado,OTHER,65+,M,D
2011,Tornado,OTHER,40-64,F,D
2011,Tornado,OTHER,65+,M,D
2011,Tornado,OTHER,18-39,M,D
2011,Tornado,PUBLIC,40-64,F,D
2011,Tornado,MH,18-39,F,D
2011,Tornado,MH,18-39,M,D
2011,Tornado,MH,40-64,F,D
2011,Tornado,MH,65+,F,D
2011,Tornado,OUTDOOR,40-64,M,D
2011,Tornado,OUTDOOR,40-64,F,D
2011,Tornado,RES,65+,F,D
2011,Tornado,RES,65+,M,D
2011,Tornado,RES,65+,F,D
2011,Tornado,RES,65+,F,D
2011,Tornado,RES,40-64,M,D
2011,Tornado,RES,40-64,M,D
2011,Tornado,MH,65+,M,D
2011,Tornado,RES,65+,F,D
2011,Tornado,RES,65+,F,D
2011,Tornado,MH,18-39,F,D
2011,Tornado,RES,40-64,F,D
2011,Tornado,RES,40-64,M,D
2011,Tornado,OUTDOOR,65+,M,I
2011,Tornado,MH,65+,M,D
2011,Tornado,MH,40-64,M,D
2011,Tornado,MH,18-39,F,D
2011,Tornado,MH,65+,F,D
2011,Tornado,MH,65+,M,D
2011,Tornado,RES,65+,M,D
2011,Tornado,RES,40-64,F,D
2011,Tornado,MH,40-64,M,D
2011,Tornado,MH,40-64,F,D
2011,Tornado,MH,18-39,F,D
2011,Tornado,MH,40-64,F,D
2011,Tornado,MH,18-39,F,D
2011,Tornado,RES,40-64,M,D
2011,Tornado,MH,0-17,M,D
2011,Tornado,MH,40-64,F,D
2011,Tornado,MH,40-64,M,D
2011,Tornado,MH,40-64,M,D
2011,Tornado,MH,40-64,F,D
2011,Tornado,MH,65+,M,D
2011,Tornado,MH,18-39,F,D
2011,Tornado,MH,40-64,F,D
2011,Tornado,RES,18-39,M,D
2011,Tornado,RES,18-39,F,D
2011,Tornado,RES,18-39,F,D
2011,Tornado,RES,0-17,F,D
2011,Tornado,RES,0-17,M,D
2011,Tornado,RES,18-39,F,D
2011,Tornado,RES,40-64,F,D
2011,Tornado,RES,65+,F,D
2011,Tornado,RES,65+,F,D
2011,Tornado,RES,40-64,F,D
2011,Tornado,RES,40-64,F,D
2011,Tornado,RES,18-39,M,D
2011,Tornado,MH,65+,M,D
2011,Tornado,MH,40-64,M,D
2011,Tornado,OTHER,40-64,M,D
2011,Tornado,MH,18-39,M,D
2011,Tornado,RES,65+,M,D
2011,Tornado,RES,40-64,M,D
2011,Tornado,RES,40-64,M,D
2011,Tornado,MH,40-64,M,D
2011,Tornado,RES,65+,M,D
2011,Tornado,RES,18-39,F,D
2011,Tornado,RES,40-64,M,D
2011,Tornado,RES,40-64,F,D
2011,Tornado,MH,40-64,F,D
2011,Tornado,RES,18-39,M,D
2011,Tornado,RES,0-17,F,D
2011,Tornado,MH,40-64,M,D
2011,Tornado,MH,40-64,F,D
2011,Tornado,MH,40-64,M,D
2011,Tornado,MH,65+,F,D
2011,Tornado,RES,40-64,F,D
2011,Tornado,RES,0-17,M,D
2011,Tornado,RES,0-17,M,D
2011,Tornado,RES,40-64,F,D
2011,Tornado,RES,18-39,M,D
2011,Tornado,RES,40-64,M,D
2011,Tornado,RES,0-17,F,D
2011,Tornado,RES,65+,M,D
2011,Tornado,RES,18-39,F,D
2011,Tornado,RES,40-64,M,D
2011,Tornado,RES,40-64,M,D
2011,Tornado,RES,65+,F,D
2011,Tornado,RES,65+,M,D
2011,Tornado,RES,18-39,F,D
2011,Tornado,RES,40-64,F,D
2011,Tornado,OTHER,40-64,M,D
2011,Tornado,OTHER,40-64,F,D
2011,Tornado,RES,40-64,F,D
2011,Tornado,RES,0-17,M,D
2011,Tornado,RES,40-64,F,D
2011,Tornado,PUBLIC,18-39,F,D
2011,Tornado,PUBLIC,65+,F,I
2011,Tornado,PUBLIC,65+,M,I
2011,Tornado,PUBLIC,65+,F,I
2011,Tornado,PUBLIC,65+,F,I
2011,Tornado,PUBLIC,65+,M,I
2011,Tornado,PUBLIC,65+,M,I
2011,Tornado,PUBLIC,65+,M,I
2011,Tornado,PUBLIC,65+,M,I
2011,Tornado,VEHICLE,65+,F,D
2011,Tornado,RES,65+,F,D
2011,Tornado,RES,65+,F,D
2011,Tornado,RES,65+,M,D
2011,Tornado,RES,40-64,F,D
2011,Tornado,RES,65+,F,D
2011,Tornado,RES,40-64,F,D
2011,Tornado,RES,18-39,F,D
2011,Tornado,RES,18-39,F,D
2011,Tornado,RES,65+,F,D
2011,Tornado,MH,40-64,M,D
2011,Tornado,MH,65+,F,D
2011,Tornado,RES,40-64,M,D
2011,Tornado,RES,65+,F,D
2011,Tornado,RES,65+,M,D
2011,Tornado,RES,65+,F,D
2011,Tornado,RES,40-64,M,D
2011,Tornado,RES,65+,F,D
2011,Tornado,RES,40-64,F,D
2011,Tornado,RES,40-64,F,D
2011,Tornado,RES,40-64,F,D
2011,Tornado,MH,65+,F,D
2011,Tornado,MH,40-64,M,D
2011,Tornado,MH,40-64,F,D
2011,Tornado,RES,40-64,M,D
2011,Tornado,RES,40-64,M,D
2011,Tornado,MH,40-64,F,D
2011,Tornado,MH,40-64,M,D
2011,Tornado,RES,65+,F,D
2011,Tornado,RES,65+,F,D
2011,Tornado,RES,65+,F,D
2011,Tornado,MH,40-64,M,D
2011,Tornado,RES,65+,F,D
2011,Tornado,RES,65+,M,D
2011,Tornado,RES,65+,F,D
2011,Tornado,RES,65+,M,D
2011,Tornado,RES,40-64,F,D
2011,Tornado,RES,40-64,M,D
2011,Tornado,RES,65+,F,D
2011,Tornado,RES,65+,F,D
2011,Tornado,RES,18-39,F,D
2011,Tornado,RES,40-64,F,D
2011,Tornado,RES,0-17,M,D
2011,Tornado,RES,65+,F,D
2011,Tornado,MH,40-64,F,D
2011,Tornado,MH,18-39,M,D
2011,Tornado,VEHICLE,40-64,F,D
2011,Tornado,VEHICLE,65+,F,D
2011,Tornado,OTHER,65+,M,D
2011,Tornado,OTHER,18-39,F,D
2011,Tornado,OTHER,18-39,F,D
2011,Tornado,OTHER,40-64,M,D
2011,Tornado,OTHER,18-39,F,D
2011,Tornado,VEHICLE,40-64,M,D
2011,Tornado,RES,40-64,F,D
2011,Tornado,RES,40-64,F,D
2011,Tornado,RES,18-39,M,D
2011,Tornado,VEHICLE,18-39,M,D
2011,Tornado,MH,18-39,M,D
2011,Tornado,OTHER,18-39,M,D
2011,Tornado,MH,65+,F,D
2011,Tornado,RES,18-39,M,D
2011,Tornado,RES,40-64,M,D
2011,Tornado,RES,18-39,F,D
2011,Tornado,RES,0-17,M,D
2011,Tornado,MH,65+,F,D
2011,Tornado,MH,65+,F,D
2011,Tornado,RES,40-64,F,D
2011,Tornado,RES,65+,M,D
2011,Tornado,MH,65+,F,D
2011,Tornado,MH,40-64,M,D
2011,Tornado,RES,40-64,M,D
2011,Tornado,RES,65+,M,D
2011,Tornado,RES,40-64,F,D
2011,Tornado,OTHER,unknown,unknown,D
2011,Tornado,OTHER,unknown,unknown,D
2011,Tornado,RES,40-64,M,D
2011,Tornado,RES,40-64,F,D
2011,Tornado,MH,40-64,M,D
2011,Tornado,OTHER,unknown,unknown,D
2011,Tornado,RES,0-17,M,D
2011,Tornado,RES,0-17,M,D
2011,Tornado,OTHER,unknown,unknown,D
2011,Tornado,OTHER,unknown,unknown,D
2011,Tornado,OTHER,unknown,unknown,D
2011,Tornado,PUBLIC,65+,F,D
2011,Tornado,PUBLIC,40-64,F,D
2011,Tornado,RES,65+,F,D
2011,Tornado,RES,65+,F,D
2011,Tornado,RES,65+,M,D
2011,Tornado,RES,65+,F,D
2011,Tornado,RES,65+,M,D
2011,Tornado,RES,18-39,F,D
2011,Tornado,RES,0-17,F,D
2011,Tornado,RES,0-17,M,D
2011,Tornado,RES,40-64,M,D
2011,Tornado,RES,40-64,F,D
2011,Tornado,MH,40-64,F,D
2011,Tornado,RES,18-39,F,D
2011,Tornado,VEHICLE,18-39,M,D
2011,Tornado,RES,18-39,F,D
2011,Tornado,MH,40-64,M,D
2011,Tornado,RES,0-17,F,D
2011,Tornado,RES,40-64,F,D
2011,Tornado,MH,40-64,M,D
2011,Tornado,OTHER,40-64,M,D
2011,Tornado,RES,65+,F,D
2011,Tornado,RES,65+,F,D
2011,Tornado,RES,65+,F,D
2011,Tornado,RES,40-64,M,D
2011,Tornado,RES,65+,F,D
2011,Tornado,RES,40-64,M,D
2011,Tornado,RES,40-64,M,D
2011,Tornado,RES,18-39,F,D
2011,Tornado,RES,0-17,M,D
2011,Tornado,MH,40-64,M,D
2011,Tornado,RES,65+,M,D
2011,Tornado,RES,65+,F,D
2011,Tornado,RES,40-64,M,D
2011,Tornado,RES,40-64,F,D
2011,Tornado,RES,40-64,F,D
2011,Tornado,RES,65+,F,D
2011,Tornado,RES,40-64,F,D
2011,Tornado,RES,18-39,M,D
2011,Tornado,RES,65+,F,D
2011,Tornado,RES,18-39,M,D
2011,Tornado,RES,65+,F,D
2011,Tornado,RES,0-17,M,D
2011,Tornado,RES,40-64,F,D
2011,Tornado,RES,18-39,F,D
2011,Tornado,RES,65+,F,D
2011,Tornado,RES,65+,M,D
2011,Tornado,RES,65+,F,D
2011,Tornado,RES,40-64,F,D
2011,Tornado,RES,40-64,M,D
2011,Tornado,RES,65+,F,D
2011,Tornado,RES,65+,F,D
2011,Tornado,RES,40-64,F,D
2011,Tornado,RES,65+,F,D
2011,Tornado,RES,65+,M,D
2011,Tornado,RES,65+,F,D
2011,Tornado,RES,40-64,M,D
2011,Tornado,OTHER,40-64,F,D
2011,Tornado,RES,40-64,F,D
2011,Tornado,RES,40-64,F,D
2011,Tornado,RES,65+,F,D
2011,Tornado,RES,65+,M,D
2011,Tornado,RES,65+,M,D
2011,Tornado,RES,65+,M,D
2011,Tornado,RES,0-17,M,D
2011,Tornado,RES,40-64,M,D
2011,Tornado,RES,0-17,M,D
2011,Tornado,RES,18-39,M,D
2011,Tornado,RES,65+,F,D
2011,Tornado,RES,18-39,F,D
2011,Tornado,RES,65+,F,D
2011,Tornado,RES,18-39,M,D
2011,Tornado,OUTDOOR,40-64,F,D
2011,Tornado,OUTDOOR,18-39,F,D
2011,Tornado,MH,65+,M,D
2011,Tornado,MH,18-39,M,D
2011,Tornado,OTHER,40-64,F,D
2011,Tornado,RES,18-39,F,D
2011,Tornado,RES,40-64,F,D
2011,Tornado,RES,65+,M,D
2011,Tornado,PUBLIC,18-39,M,D
2011,Tornado,PUBLIC,18-39,M,D
2011,Tornado,PUBLIC,0-17,M,D
2011,Tornado,PUBLIC,0-17,F,D
2011,Tornado,PUBLIC,18-39,M,D
2011,Tornado,PUBLIC,40-64,F,D
2011,Tornado,PUBLIC,40-64,M,D
2011,Tornado,PUBLIC,18-39,M,D
2011,Tornado,RES,18-39,F,D
2011,Tornado,PUBLIC,40-64,F,D
2011,Tornado,PUBLIC,40-64,M,D
2011,Tornado,PUBLIC,40-64,M,D
2011,Tornado,RES,40-64,F,D
2011,Tornado,PUBLIC,18-39,F,D
2011,Tornado,PUBLIC,40-64,F,D
2011,Tornado,PUBLIC,65+,F,D
2011,Tornado,PUBLIC,0-17,F,D
2011,Tornado,PUBLIC,40-64,M,D
2011,Tornado,PUBLIC,40-64,F,D
2011,Tornado,PUBLIC,40-64,M,D
2011,Tornado,OTHER,40-64,F,D
2011,Tornado,OTHER,0-17,M,D
2011,Tornado,PUBLIC,40-64,F,D
2011,Tornado,PUBLIC,65+,F,D
2011,Tornado,PUBLIC,0-17,F,D
2011,Tornado,RES,0-17,M,D
2011,Tornado,RES,18-39,F,D
2011,Tornado,RES,0-17,F,D
2011,Tornado,RES,18-39,F,D
2011,Tornado,RES,40-64,M,D
2011,Tornado,RES,40-64,M,D
2011,Tornado,RES,40-64,F,D
2011,Tornado,RES,40-64,F,D
2011,Tornado,RES,65+,F,D
2011,Tornado,RES,18-39,F,D
2011,Tornado,RES,40-64,F,D
2011,Tornado,MH,65+,F,D
2011,Tornado,MH,65+,M,D
2011,Tornado,MH,40-64,M,D
2011,Tornado,MH,18-39,M,D
2011,Tornado,MH,40-64,M,D
2011,Tornado,MH,18-39,F,D
2011,Tornado,PUBLIC,40-64,F,D
2011,Tornado,VEHICLE,40-64,M,D
2011,Tornado,PUBLIC,0-17,M,D
2011,Tornado,PUBLIC,40-64,F,D
2011,Tornado,MH,0-17,F,D
2011,Tornado,MH,40-64,M,D
2011,Tornado,MH,18-39,F,D
2011,Tornado,MH,65+,F,D
2011,Tornado,MH,40-64,M,D
2011,Tornado,MH,65+,F,D
2011,Tornado,MH,65+,F,D
2011,Tornado,MH,65+,M,D
2011,Tornado,OTHER,0-17,unknown,D
2011,Tornado,RES,40-64,M,D
2011,Tornado,RES,40-64,F,D
2011,Tornado,RES,65+,M,D
2011,Tornado,RES,65+,F,D
2011,Tornado,PUBLIC,18-39,M,D
2011,Tornado,MH,40-64,F,D
2011,Tornado,RES,40-64,F,D
2011,Tornado,RES,40-64,M,D
2011,Tornado,RES,65+,F,D
2011,Tornado,RES,40-64,F,D
2011,Tornado,RES,65+,M,D
2011,Tornado,RES,65+,M,D
2011,Tornado,RES,0-17,F,D
2011,Tornado,PUBLIC,65+,F,D
2011,Tornado,MH,18-39,F,D
2011,Tornado,PUBLIC,18-39,M,D
2011,Tornado,MH,40-64,F,D
2011,Tornado,MH,65+,F,D
2011,Tornado,VEHICLE,40-64,M,D
2011,Tornado,PUBLIC,18-39,F,D
2011,Tornado,PUBLIC,40-64,M,D
2011,Tornado,MH,40-64,M,D
2011,Tornado,MH,40-64,M,D
2011,Tornado,RES,65+,F,D
2011,Tornado,RES,18-39,M,D
2011,Tornado,RES,65+,F,D
2011,Tornado,PUBLIC,0-17,F,D
2011,Tornado,RES,18-39,F,D
2011,Tornado,OTHER,65+,F,D
2011,Tornado,RES,18-39,M,D
2011,Tornado,OTHER,65+,M,D
2011,Tornado,MH,40-64,M,D
2011,Tornado,MH,40-64,F,D
2011,Tornado,RES,40-64,M,D
2011,Tornado,RES,0-17,M,D
2011,Tornado,OTHER,65+,F,D
2011,Tornado,OTHER,40-64,M,D
2011,Tornado,RES,40-64,F,D
2011,Tornado,RES,18-39,M,D
2011,Tornado,RES,65+,F,D
2011,Tornado,RES,40-64,M,D
2011,Tornado,PUBLIC,40-64,M,D
2011,Tornado,PUBLIC,0-17,M,D
2011,Tornado,OTHER,65+,M,D
2011,Tornado,OTHER,65+,F,D
2011,Tornado,PUBLIC,0-17,F,D
2011,Tornado,PUBLIC,18-39,F,D
2011,Tornado,PUBLIC,0-17,F,D
2011,Tornado,OTHER,40-64,F,D
2011,Tornado,OTHER,40-64,F,D
2011,Tornado,RES,0-17,F,D
2011,Tornado,OTHER,65+,M,D
2011,Tornado,VEHICLE,65+,F,D
2011,Tornado,PUBLIC,18-39,F,D
2011,Tornado,RES,40-64,M,D
2011,Tornado,RES,40-64,F,D
2011,Tornado,VEHICLE,0-17,M,D
2011,Tornado,RES,65+,M,D
2011,Tornado,RES,65+,F,D
2011,Tornado,RES,65+,F,D
2011,Tornado,MH,40-64,F,D
2011,Tornado,RES,40-64,M,D
2011,Tornado,MH,65+,M,D
2011,Tornado,MH,40-64,M,D
2011,Tornado,MH,65+,M,D
2011,Tornado,MH,65+,M,D
2011,Tornado,MH,65+,M,D
2011,Tornado,MH,65+,F,D
2011,Tornado,MH,65+,M,D
2011,Tornado,MH,40-64,M,D
2011,Tornado,MH,18-39,M,D
2011,Tornado,RES,40-64,M,D
2011,Tornado,RES,65+,F,D
2011,Tornado,OTHER,65+,M,D
2011,Tornado,OTHER,65+,F,D
2011,Tornado,PUBLIC,40-64,F,D
2011,Tornado,OTHER,40-64,F,D
2011,Tornado,OTHER,40-64,M,D
2011,Tornado,OTHER,40-64,F,D
2011,Tornado,OTHER,65+,F,D
2011,Tornado,OTHER,65+,F,D
2011,Tornado,OTHER,0-17,F,D
2011,Tornado,OTHER,40-64,M,D
2011,Tornado,OTHER,65+,F,D
2011,Tornado,OTHER,18-39,F,D
2011,Tornado,OTHER,65+,F,D
2011,Tornado,OTHER,65+,M,D
2011,Tornado,OTHER,65+,F,D
2011,Tornado,OTHER,40-64,M,D
2011,Tornado,OTHER,40-64,F,D
2011,Tornado,OTHER,0-17,F,D
2011,Tornado,OTHER,0-17,F,D
2011,Tornado,OTHER,18-39,F,D
2011,Tornado,OTHER,18-39,M,D
2011,Tornado,OTHER,40-64,F,D
2011,Tornado,OTHER,65+,M,D
2011,Tornado,OTHER,18-39,F,D
2011,Tornado,PUBLIC,40-64,F,D
2011,Tornado,RES,65+,F,D
2011,Tornado,PUBLIC,40-64,F,D
2011,Tornado,PUBLIC,65+,M,D
2011,Tornado,PUBLIC,65+,M,D
2011,Tornado,PUBLIC,18-39,F,D
2011,Tornado,PUBLIC,40-64,F,D
2011,Tornado,PUBLIC,40-64,F,D
2011,Tornado,OTHER,40-64,F,D
2011,Tornado,OTHER,65+,F,D
2011,Tornado,OTHER,18-39,M,D
2011,Tornado,OTHER,18-39,F,D
2011,Tornado,OTHER,0-17,M,D
2011,Tornado,OTHER,40-64,M,D
2011,Tornado,RES,unknown,M,I
2011,Tornado,OTHER,18-39,F,D
2011,Tornado,OTHER,0-17,M,D
2011,Tornado,OTHER,40-64,F,D
2011,Tornado,OTHER,65+,M,D
2011,Tornado,OTHER,65+,M,D
2011,Tornado,OTHER,40-64,M,D
2011,Tornado,OTHER,40-64,F,D
2011,Tornado,OTHER,40-64,M,D
2011,Tornado,OTHER,40-64,F,D
2011,Tornado,OTHER,65+,M,D
2011,Tornado,PUBLIC,40-64,F,D
2011,Tornado,PUBLIC,0-17,F,D
2011,Tornado,PUBLIC,0-17,F,D
2011,Tornado,PUBLIC,18-39,F,D
2011,Tornado,RES,40-64,F,D
2011,Tornado,VEHICLE,40-64,F,I
2011,Tornado,RES,65+,M,D
2011,Tornado,MH,65+,F,D
2011,Tornado,MH,40-64,M,D
2011,Tornado,MH,65+,M,D
2011,Tornado,MH,0-17,M,D
2011,Tornado,MH,0-17,M,D
2011,Tornado,MH,0-17,M,D
2011,Tornado,MH,0-17,F,D
2011,Tornado,VEHICLE,40-64,M,D
2011,Tornado,MH,40-64,M,D
2011,Tornado,RES,40-64,F,D
2011,Tornado,RES,40-64,F,D
2011,Tornado,RES,40-64,F,D
2011,Tornado,MH,40-64,M,D
2011,Tornado,MH,65+,F,D
2011,Tornado,RES,65+,F,D
2011,Tornado,RES,0-17,M,D
2011,Tornado,RES,18-39,M,D
2011,Tornado,RES,40-64,F,D
2011,Tornado,MH,40-64,F,D
2011,Tornado,RES,65+,F,D
2011,Tornado,RES,65+,F,D
2011,Tornado,RES,65+,F,D
2011,Tornado,VEHICLE,40-64,M,D
2011,Tornado,RES,0-17,M,D
2011,Tornado,RES,0-17,M,D
2011,Tornado,VEHICLE,65+,M,D
2011,Tornado,VEHICLE,65+,F,D
2011,Tornado,VEHICLE,40-64,M,D
2011,Tornado,VEHICLE,18-39,M,D
2011,Tornado,VEHICLE,0-17,F,D
2011,Tornado,OUTDOOR,40-64,F,D
2011,Tornado,OUTDOOR,40-64,M,D
2011,Tornado,MH,18-39,F,D
2011,Tornado,MH,40-64,M,D
2011,Tornado,MH,65+,M,D
2011,Tornado,MH,40-64,F,D
2011,Tornado,MH,0-17,M,D
2011,Tornado,MH,0-17,M,D
2011,Tornado,MH,18-39,F,D
2011,Tornado,VEHICLE,40-64,F,D
2011,Tornado,MH,65+,M,D
2011,Tornado,VEHICLE,18-39,M,D
2011,Tornado,VEHICLE,65+,F,D
2011,Tornado,VEHICLE,65+,F,D
2011,Tornado,VEHICLE,18-39,M,D
2011,Tornado,VEHICLE,18-39,M,D
2011,Tornado,VEHICLE,40-64,M,D
2011,Tornado,VEHICLE,40-64,M,D
2011,Tornado,VEHICLE,65+,F,D
2011,Tornado,PUBLIC,18-39,M,D
2011,Tornado,PUBLIC,40-64,F,D
2011,Tornado,VEHICLE,0-17,M,D
2011,Tornado,VEHICLE,40-64,M,D
2011,Tornado,VEHICLE,18-39,M,D
2011,Tornado,VEHICLE,18-39,M,D
2011,Tornado,VEHICLE,65+,M,D
2011,Tornado,VEHICLE,40-64,F,D
2011,Tornado,PUBLIC,65+,M,D
2011,Tornado,PUBLIC,65+,M,I
2011,Tornado,PUBLIC,18-39,M,I
2011,Tornado,PUBLIC,65+,M,I
2011,Tornado,PUBLIC,65+,M,D
2011,Tornado,PUBLIC,40-64,M,D
2011,Tornado,PUBLIC,65+,M,D
2011,Tornado,PUBLIC,65+,F,D
2011,Tornado,PUBLIC,65+,F,D
2011,Tornado,PUBLIC,40-64,M,D
2011,Tornado,PUBLIC,65+,F,D
2011,Tornado,PUBLIC,65+,F,D
2011,Tornado,PUBLIC,40-64,M,D
2011,Tropical Storm,OUTDOOR,unknown,F,D
2011,Tropical Storm,PUBLIC,0-17,M,D
2011,Tropical Storm,OTHER,unknown,M,I
2011,Tropical Storm,OTHER,unknown,unknown,D
2011,Tropical Storm,OTHER,unknown,unknown,D
2011,Tropical Storm,VEHICLE,65+,M,D
2011,Tropical Storm,OUTDOOR,40-64,M,I
2011,Tropical Storm,OUTDOOR,40-64,M,D
2011,Tropical Storm,RES,65+,F,D
2011,Tropical Storm,OUTDOOR,18-39,M,D
2011,Tropical Storm,RES,40-64,M,D
2011,Tropical Storm,RES,unknown,unknown,I
2011,Tropical Storm,RES,unknown,M,I
2011,Tsunami,OUTDOOR,18-39,M,D
2011,Wildfire,OUTDOOR,40-64,M,D
2011,Wildfire,OUTDOOR,unknown,M,I
2011,Wildfire,RES,18-39,F,D
2011,Wildfire,OTHER,65+,M,I
2011,Wildfire,RES,0-17,F,D
2011,Wildfire,OUTDOOR,18-39,M,I
2011,Wildfire,PUBLIC,40-64,F,D
2011,Wildfire,MH,65+,M,D
2011,Wildfire,OUTDOOR,40-64,M,D
2011,Wildfire,VEHICLE,18-39,M,I
2011,Wildfire,VEHICLE,unknown,unknown,I
2011,Wildfire,OUTDOOR,40-64,M,I
2011,Winter Storm,OUTDOOR,65+,M,I
2011,Winter Storm,VEHICLE,40-64,F,I
2011,Winter Storm,OUTDOOR,18-39,F,I
2011,Winter Storm,VEHICLE,18-39,M,I
2011,Winter Storm,VEHICLE,18-39,F,I
2011,Winter Storm,VEHICLE,18-39,M,I
2011,Winter Storm,VEHICLE,18-39,M,I
2011,Winter Storm,OUTDOOR,0-17,M,I
2011,Winter Storm,VEHICLE,unknown,unknown,I
2011,Winter Storm,VEHICLE,18-39,M,I
2011,Winter Storm,VEHICLE,18-39,M,I
2011,Winter Storm,VEHICLE,65+,F,I
2011,Winter Storm,VEHICLE,40-64,M,I
2011,Winter Storm,OUTDOOR,40-64,F,I
2011,Winter Storm,OUTDOOR,18-39,M,I
2011,Winter Storm,VEHICLE,unknown,unknown,D
2011,Winter Storm,VEHICLE,40-64,F,I
2011,Winter Storm,VEHICLE,unknown,F,I
2011,Winter Storm,VEHICLE,18-39,F,I
2011,Winter Storm,VEHICLE,40-64,F,I
2011,Winter Storm,OUTDOOR,65+,F,I
2011,Winter Storm,VEHICLE,40-64,M,D
2011,Winter Weather,VEHICLE,40-64,F,I
2011,Winter Weather,VEHICLE,unknown,M,I
2011,Winter Weather,VEHICLE,65+,F,I
2011,Winter Weather,OUTDOOR,40-64,M,I
2011,Winter Weather,VEHICLE,0-17,M,I
2011,Winter Weather,VEHICLE,18-39,M,I
2011,Winter Weather,VEHICLE,40-64,M,I
2011,Winter Weather,VEHICLE,65+,M,I
2011,Winter Weather,VEHICLE,unknown,M,I
2011,Winter Weather,VEHICLE,40-64,M,I
2011,Winter Weather,VEHICLE,18-39,M,I
2011,Winter Weather,OUTDOOR,65+,F,D
2011,Winter Weather,OUTDOOR,unknown,F,D
2011,Winter Weather,VEHICLE,18-39,M,I
2011,Winter Weather,VEHICLE,0-17,M,I
2011,Winter Weather,VEHICLE,18-39,M,I
2011,Winter Weather,VEHICLE,18-39,F,I
2011,Winter Weather,VEHICLE,18-39,M,I
2011,Winter Weather,VEHICLE,unknown,M,I
2011,Winter Weather,VEHICLE,0-17,F,I
2011,Winter Weather,VEHICLE,0-17,M,I
2011,Winter Weather,VEHICLE,65+,M,D
2011,Winter Weather,VEHICLE,65+,F,I
2011,Winter Weather,VEHICLE,65+,M,I
2011,Winter Weather,OTHER,40-64,M,I
2011,Winter Weather,VEHICLE,65+,F,I
2011,Winter Weather,VEHICLE,65+,F,I
2011,Winter Weather,VEHICLE,40-64,M,I
2011,Winter Weather,OUTDOOR,40-64,M,I
2011,Winter Weather,VEHICLE,40-64,F,I
2011,Winter Weather,VEHICLE,65+,M,I
2011,Winter Weather,VEHICLE,0-17,F,I
2011,Winter Weather,VEHICLE,40-64,F,I
2011,Winter Weather,VEHICLE,0-17,M,I
2011,Winter Weather,VEHICLE,18-39,M,I
2011,Winter Weather,OUTDOOR,65+,F,I
2011,Winter Weather,VEHICLE,65+,F,I
2011,Winter Weather,VEHICLE,65+,F,I
2011,Winter Weather,VEHICLE,65+,M,I
2011,Winter Weather,VEHICLE,0-17,F,D
2011,Winter Weather,OTHER,unknown,unknown,I
2011,Winter Weather,VEHICLE,18-39,M,I
2011,Winter Weather,VEHICLE,65+,M,I
2011,Winter Weather,OUTDOOR,65+,F,D
2011,Winter Weather,VEHICLE,18-39,F,I
2011,Winter Weather,VEHICLE,unknown,F,I
2011,Winter Weather,VEHICLE,40-64,M,I
2011,Winter Weather,OUTDOOR,65+,F,D
2011,Winter Weather,VEHICLE,unknown,M,I
2011,Winter Weather,VEHICLE,40-64,M,I
2011,Winter Weather,VEHICLE,18-39,M,I
2011,Winter Weather,VEHICLE,40-64,F,I
2011,Winter Weather,VEHICLE,18-39,M,I
2011,Winter Weather,OTHER,unknown,M,I
2011,Winter Weather,VEHICLE,18-39,M,I
2011,Winter Weather,VEHICLE,unknown,unknown,I
2011,Winter Weather,VEHICLE,unknown,unknown,I
2011,Winter Weather,VEHICLE,unknown,M,I
2011,Winter Weather,VEHICLE,18-39,F,I
2012,Avalanche,OUTDOOR,40-64,M,D
2012,Avalanche,OUTDOOR,18-39,M,D
2012,Avalanche,OUTDOOR,40-64,F,D
2012,Avalanche,OUTDOOR,40-64,M,D
2012,Avalanche,OUTDOOR,0-17,M,D
2012,Avalanche,OUTDOOR,40-64,M,D
2012,Avalanche,OUTDOOR,18-39,M,D
2012,Avalanche,OUTDOOR,18-39,M,D
2012,Avalanche,OUTDOOR,18-39,M,D
2012,Avalanche,OUTDOOR,18-39,M,D
2012,Avalanche,OUTDOOR,18-39,M,D
2012,Avalanche,OUTDOOR,unknown,M,D
2012,Avalanche,OUTDOOR,18-39,M,D
2012,Avalanche,OUTDOOR,40-64,M,D
2012,Avalanche,OUTDOOR,unknown,M,D
2012,Avalanche,OUTDOOR,18-39,M,D
2012,Avalanche,OUTDOOR,unknown,M,D
2012,Avalanche,OUTDOOR,18-39,M,D
2012,Avalanche,OUTDOOR,40-64,M,D
2012,Avalanche,OUTDOOR,18-39,M,D
2012,Avalanche,OUTDOOR,18-39,M,D
2012,Avalanche,OUTDOOR,unknown,M,D
2012,Avalanche,OUTDOOR,unknown,unknown,D
2012,Blizzard,VEHICLE,unknown,M,I
2012,Blizzard,VEHICLE,40-64,F,I
2012,Blizzard,VEHICLE,40-64,F,D
2012,Blizzard,OUTDOOR,18-39,F,D
2012,Blizzard,OUTDOOR,18-39,M,I
2012,Blizzard,OUTDOOR,65+,M,I
2012,Coastal Flood,RES,65+,F,D
2012,Coastal Flood,OTHER,65+,F,D
2012,Coastal Flood,RES,40-64,F,D
2012,Coastal Flood,RES,18-39,M,D
2012,Coastal Flood,RES,40-64,M,I
2012,Coastal Flood,RES,65+,M,D
2012,Coastal Flood,RES,40-64,M,D
2012,Coastal Flood,OUTDOOR,40-64,M,D
2012,Coastal Flood,VEHICLE,65+,F,I
2012,Coastal Flood,RES,65+,M,I
2012,Coastal Flood,RES,40-64,M,D
2012,Coastal Flood,OUTDOOR,0-17,F,D
2012,Coastal Flood,OUTDOOR,65+,M,D
2012,Coastal Flood,OUTDOOR,65+,M,D
2012,Coastal Flood,OUTDOOR,0-17,M,D
2012,Coastal Flood,OTHER,40-64,M,D
2012,Coastal Flood,OTHER,65+,M,D
2012,Coastal Flood,OTHER,65+,M,D
2012,Coastal Flood,PUBLIC,40-64,M,D
2012,Coastal Flood,OTHER,65+,F,D
2012,Coastal Flood,RES,40-64,M,D
2012,Coastal Flood,RES,40-64,M,D
2012,Coastal Flood,OTHER,unknown,M,D
2012,Coastal Flood,OUTDOOR,40-64,M,D
2012,Coastal Flood,VEHICLE,65+,M,D
2012,Coastal Flood,RES,65+,F,D
2012,Coastal Flood,OTHER,unknown,unknown,D
2012,Coastal Flood,OUTDOOR,40-64,F,D
2012,Coastal Flood,OUTDOOR,18-39,M,I
2012,Coastal Flood,OTHER,65+,F,D
2012,Coastal Flood,RES,18-39,M,D
2012,Coastal Flood,RES,40-64,M,D
2012,Coastal Flood,RES,65+,M,D
2012,Coastal Flood,RES,40-64,M,D
2012,Coastal Flood,MH,40-64,M,D
2012,Coastal Flood,OTHER,65+,M,D
2012,Coastal Flood,OTHER,65+,M,D
2012,Coastal Flood,RES,65+,F,D
2012,Coastal Flood,RES,65+,M,D
2012,Coastal Flood,RES,40-64,F,D
2012,Coastal Flood,RES,65+,F,D
2012,Coastal Flood,RES,65+,M,D
2012,Coastal Flood,RES,65+,M,D
2012,Coastal Flood,OUTDOOR,0-17,M,D
2012,Coastal Flood,OTHER,unknown,M,D
2012,Coastal Flood,RES,40-64,M,D
2012,Cold/Wind Chill,OUTDOOR,65+,M,D
2012,Cold/Wind Chill,OUTDOOR,40-64,M,D
2012,Cold/Wind Chill,OUTDOOR,40-64,M,D
2012,Cold/Wind Chill,OUTDOOR,40-64,M,D
2012,Cold/Wind Chill,OUTDOOR,40-64,F,D
2012,Cold/Wind Chill,OUTDOOR,65+,M,D
2012,Cold/Wind Chill,OUTDOOR,40-64,M,D
2012,Cold/Wind Chill,OUTDOOR,40-64,M,D
2012,Debris Flow,OTHER,40-64,M,D
2012,Dense Fog,VEHICLE,18-39,M,I
2012,Dense Fog,VEHICLE,unknown,unknown,I
2012,Dense Fog,VEHICLE,40-64,M,I
2012,Dense Fog,VEHICLE,40-64,F,I
2012,Dense Fog,WATER,18-39,M,I
2012,Dense Fog,VEHICLE,unknown,unknown,I
2012,Dense Fog,VEHICLE,unknown,unknown,I
2012,Dense Fog,VEHICLE,unknown,unknown,I
2012,Dense Smoke,VEHICLE,40-64,M,I
2012,Dust Storm,VEHICLE,40-64,M,I
2012,Excessive Heat,RES,65+,M,D
2012,Excessive Heat,OTHER,65+,F,D
2012,Excessive Heat,RES,65+,F,D
2012,Excessive Heat,RES,unknown,F,D
2012,Excessive Heat,RES,65+,M,D
2012,Excessive Heat,RES,40-64,M,D
2012,Excessive Heat,RES,65+,F,D
2012,Excessive Heat,RES,40-64,M,D
2012,Excessive Heat,RES,65+,F,D
2012,Excessive Heat,RES,65+,F,D
2012,Excessive Heat,RES,40-64,M,D
2012,Excessive Heat,RES,40-64,M,D
2012,Excessive Heat,RES,65+,M,D
2012,Excessive Heat,RES,unknown,M,D
2012,Excessive Heat,RES,65+,M,D
2012,Excessive Heat,RES,65+,M,D
2012,Excessive Heat,PUBLIC,40-64,M,D
2012,Excessive Heat,PUBLIC,40-64,M,D
2012,Excessive Heat,PUBLIC,40-64,M,D
2012,Excessive Heat,RES,65+,M,D
2012,Excessive Heat,RES,65+,M,D
2012,Excessive Heat,PUBLIC,40-64,M,D
2012,Excessive Heat,RES,65+,M,D
2012,Excessive Heat,OTHER,18-39,M,D
2012,Excessive Heat,RES,18-39,M,D
2012,Excessive Heat,RES,40-64,M,D
2012,Excessive Heat,RES,40-64,M,D
2012,Excessive Heat,RES,40-64,F,D
2012,Excessive Heat,RES,40-64,M,D
2012,Excessive Heat,RES,65+,F,D
2012,Excessive Heat,RES,40-64,M,D
2012,Excessive Heat,RES,65+,F,D
2012,Excessive Heat,RES,65+,M,D
2012,Excessive Heat,RES,65+,M,D
2012,Excessive Heat,VEHICLE,65+,M,I
2012,Excessive Heat,VEHICLE,0-17,M,D
2012,Excessive Heat,VEHICLE,0-17,M,D
2012,Excessive Heat,VEHICLE,0-17,M,D
2012,Excessive Heat,RES,65+,M,D
2012,Excessive Heat,RES,65+,M,D
2012,Excessive Heat,OTHER,unknown,M,D
2012,Excessive Heat,RES,40-64,M,D
2012,Excessive Heat,RES,40-64,M,D
2012,Excessive Heat,OTHER,40-64,M,D
2012,Excessive Heat,RES,65+,M,D
2012,Excessive Heat,RES,65+,F,I
2012,Excessive Heat,RES,65+,F,D
2012,Excessive Heat,RES,40-64,M,D
2012,Excessive Heat,OTHER,40-64,F,D
2012,Excessive Heat,RES,65+,M,D
2012,Excessive Heat,RES,65+,M,D
2012,Excessive Heat,RES,0-17,F,D
2012,Excessive Heat,OTHER,65+,F,D
2012,Excessive Heat,OTHER,40-64,M,D
2012,Excessive Heat,OTHER,65+,M,D
2012,Excessive Heat,RES,40-64,F,D
2012,Excessive Heat,OTHER,40-64,F,D
2012,Excessive Heat,RES,40-64,M,D
2012,Excessive Heat,RES,65+,M,D
2012,Excessive Heat,RES,65+,F,D
2012,Excessive Heat,RES,40-64,F,D
2012,Excessive Heat,RES,40-64,F,D
2012,Excessive Heat,RES,65+,M,D
2012,Excessive Heat,RES,65+,F,D
2012,Excessive Heat,RES,65+,F,D
2012,Excessive Heat,RES,65+,F,D
2012,Excessive Heat,RES,unknown,M,I
2012,Excessive Heat,RES,unknown,M,I
2012,Excessive Heat,RES,65+,F,D
2012,Excessive Heat,RES,40-64,F,D
2012,Excessive Heat,RES,65+,F,D
2012,Excessive Heat,RES,65+,F,D
2012,Excessive Heat,RES,65+,F,D
2012,Excessive Heat,RES,40-64,F,D
2012,Excessive Heat,OTHER,65+,M,D
2012,Excessive Heat,PUBLIC,65+,F,D
2012,Excessive Heat,RES,65+,F,D
2012,Excessive Heat,OTHER,40-64,M,D
2012,Excessive Heat,OTHER,65+,F,D
2012,Excessive Heat,MH,40-64,M,D
2012,Excessive Heat,RES,65+,F,D
2012,Excessive Heat,VEHICLE,0-17,M,D
2012,Excessive Heat,RES,40-64,M,D
2012,Excessive Heat,RES,40-64,M,D
2012,Excessive Heat,OTHER,unknown,M,I
2012,Excessive Heat,OTHER,unknown,M,D
2012,Excessive Heat,OTHER,unknown,M,D
2012,Excessive Heat,OTHER,65+,M,D
2012,Excessive Heat,VEHICLE,65+,F,I
2012,Excessive Heat,RES,65+,F,D
2012,Excessive Heat,OTHER,unknown,M,D
2012,Excessive Heat,OUTDOOR,65+,F,D
2012,Excessive Heat,OUTDOOR,18-39,M,D
2012,Excessive Heat,MH,65+,F,D
2012,Excessive Heat,MH,65+,M,D
2012,Excessive Heat,RES,40-64,M,D
2012,Excessive Heat,OUTDOOR,40-64,M,D
2012,Flash Flood,OUTDOOR,18-39,M,D
2012,Flash Flood,WATER,18-39,M,D
2012,Flash Flood,OUTDOOR,0-17,M,D
2012,Flash Flood,VEHICLE,40-64,F,D
2012,Flash Flood,WATER,18-39,M,D
2012,Flash Flood,OUTDOOR,65+,M,D
2012,Flash Flood,WATER,18-39,M,D
2012,Flash Flood,VEHICLE,65+,F,D
2012,Flash Flood,VEHICLE,18-39,M,D
2012,Flash Flood,OUTDOOR,0-17,M,D
2012,Flash Flood,VEHICLE,40-64,F,D
2012,Flash Flood,WATER,0-17,M,D
2012,Flash Flood,VEHICLE,18-39,M,I
2012,Flash Flood,WATER,0-17,F,D
2012,Flash Flood,OUTDOOR,40-64,F,D
2012,Flood,OUTDOOR,0-17,M,D
2012,Flood,VEHICLE,65+,M,D
2012,Flood,WATER,18-39,M,D
2012,Flood,WATER,40-64,M,D
2012,Flood,VEHICLE,40-64,F,D
2012,Flood,VEHICLE,40-64,F,D
2012,Flood,VEHICLE,40-64,F,I
2012,Flood,VEHICLE,18-39,F,D
2012,Flood,VEHICLE,18-39,F,I
2012,Flood,OTHER,40-64,M,D
2012,Flood,VEHICLE,40-64,M,I
2012,Flood,VEHICLE,0-17,M,D
2012,Flood,WATER,40-64,M,D
2012,Flood,VEHICLE,18-39,M,I
2012,Flood,VEHICLE,18-39,M,I
2012,Freezing Fog,VEHICLE,unknown,F,I
2012,Heat,RES,65+,F,D
2012,Heat,OTHER,40-64,M,I
2012,Heat,PUBLIC,65+,F,D
2012,Heat,RES,40-64,M,D
2012,Heat,OTHER,65+,M,D
2012,Heat,PUBLIC,18-39,M,D
2012,Heat,RES,40-64,M,D
2012,Heat,OUTDOOR,40-64,F,D
2012,Heat,RES,40-64,F,D
2012,Heat,RES,65+,F,D
2012,Heat,RES,65+,M,D
2012,Heat,PUBLIC,40-64,M,D
2012,Heat,OUTDOOR,40-64,M,D
2012,Heat,OUTDOOR,40-64,M,D
2012,Heat,OUTDOOR,40-64,M,D
2012,Heat,OUTDOOR,18-39,M,D
2012,Heat,RES,unknown,F,I
2012,Heat,RES,65+,M,D
2012,Heat,OTHER,65+,M,I
2012,Heat,RES,65+,M,D
2012,Heat,OTHER,40-64,F,D
2012,Heat,OTHER,unknown,M,D
2012,Heat,OTHER,40-64,M,D
2012,Heat,RES,40-64,M,D
2012,Heat,VEHICLE,0-17,M,D
2012,Heat,VEHICLE,0-17,F,D
2012,Heat,RES,65+,M,D
2012,Heat,RES,65+,F,D
2012,Heat,WATER,0-17,M,I
2012,Heat,PUBLIC,40-64,F,D
2012,Heat,OTHER,65+,M,D
2012,Heat,OUTDOOR,40-64,M,D
2012,Heat,RES,65+,F,D
2012,Heat,RES,unknown,M,I
2012,Heat,VEHICLE,0-17,M,D
2012,Heat,RES,65+,M,D
2012,Heat,RES,40-64,M,D
2012,Heat,RES,40-64,M,D
2012,Heat,RES,65+,F,D
2012,Heat,RES,40-64,M,D
2012,Heat,OUTDOOR,65+,F,D
2012,Heat,OUTDOOR,18-39,F,D
2012,Heat,OUTDOOR,18-39,F,D
2012,Heat,OUTDOOR,40-64,F,D
2012,Heat,WATER,0-17,M,I
2012,Heat,OUTDOOR,40-64,M,D
2012,Heat,OTHER,65+,M,D
2012,Heat,OTHER,40-64,F,D
2012,Heat,RES,65+,F,D
2012,Heat,RES,40-64,F,D
2012,Heat,OTHER,65+,M,D
2012,Heat,OTHER,40-64,M,D
2012,Heat,RES,65+,M,D
2012,Heat,OUTDOOR,unknown,M,D
2012,Heat,OUTDOOR,18-39,M,D
2012,Heat,OUTDOOR,18-39,M,D
2012,Heat,PUBLIC,65+,F,D
2012,Heat,PUBLIC,65+,M,D
2012,Heat,VEHICLE,0-17,F,D
2012,Heat,VEHICLE,0-17,M,D
2012,Heat,OUTDOOR,40-64,M,D
2012,Heat,RES,65+,M,D
2012,Heat,RES,40-64,M,D
2012,Heat,OUTDOOR,65+,M,D
2012,Heat,RES,40-64,M,D
2012,Heat,RES,40-64,F,D
2012,Heat,OUTDOOR,40-64,M,D
2012,Heat,PUBLIC,40-64,F,D
2012,Heat,OUTDOOR,65+,M,D
2012,Heat,OUTDOOR,18-39,M,D
2012,Heat,RES,65+,M,D
2012,Heavy Rain,VEHICLE,18-39,M,D
2012,Heavy Rain,OUTDOOR,65+,F,I
2012,Heavy Rain,VEHICLE,40-64,M,I
2012,Heavy Rain,VEHICLE,40-64,M,I
2012,Heavy Rain,WATER,40-64,M,D
2012,Heavy Rain,WATER,65+,M,D
2012,Heavy Rain,VEHICLE,18-39,M,D
2012,Heavy Rain,VEHICLE,18-39,F,D
2012,Heavy Rain,VEHICLE,40-64,M,D
2012,Heavy Snow,OUTDOOR,40-64,M,D
2012,Heavy Snow,OUTDOOR,40-64,M,I
2012,Heavy Snow,VEHICLE,unknown,M,I
2012,Heavy Snow,VEHICLE,40-64,M,D
2012,Heavy Snow,WATER,65+,F,I
2012,High Surf,WATER,18-39,M,D
2012,High Surf,WATER,40-64,F,D
2012,High Surf,WATER,0-17,M,I
2012,High Surf,WATER,65+,M,I
2012,High Wind,OUTDOOR,65+,M,D
2012,High Wind,OTHER,65+,M,D
2012,High Wind,RES,65+,M,I
2012,High Wind,RES,65+,M,D
2012,High Wind,OUTDOOR,40-64,M,I
2012,High Wind,OUTDOOR,unknown,M,D
2012,High Wind,RES,0-17,M,D
2012,High Wind,RES,0-17,M,D
2012,High Wind,RES,65+,F,I
2012,High Wind,RES,40-64,F,I
2012,High Wind,OUTDOOR,40-64,F,I
2012,High Wind,RES,unknown,unknown,D
2012,High Wind,OUTDOOR,18-39,M,I
2012,High Wind,OUTDOOR,40-64,M,D
2012,High Wind,OTHER,unknown,unknown,D
2012,High Wind,OUTDOOR,unknown,M,D
2012,High Wind,OUTDOOR,40-64,M,D
2012,High Wind,RES,65+,M,I
2012,High Wind,RES,65+,M,I
2012,High Wind,RES,65+,F,I
2012,High Wind,OUTDOOR,40-64,F,I
2012,High Wind,RES,40-64,F,I
2012,High Wind,OUTDOOR,0-17,M,D
2012,High Wind,VEHICLE,18-39,M,I
2012,High Wind,OUTDOOR,40-64,M,D
2012,High Wind,RES,65+,M,I
2012,High Wind,OTHER,65+,F,I
2012,High Wind,VEHICLE,18-39,F,I
2012,High Wind,OUTDOOR,65+,M,I
2012,High Wind,OUTDOOR,65+,F,D
2012,High Wind,RES,65+,M,I
2012,High Wind,RES,65+,F,I
2012,High Wind,OUTDOOR,40-64,M,D
2012,High Wind,VEHICLE,40-64,F,D
2012,High Wind,OUTDOOR,65+,F,I
2012,High Wind,VEHICLE,40-64,M,D
2012,High Wind,RES,40-64,M,D
2012,High Wind,RES,65+,F,I
2012,High Wind,RES,65+,F,I
2012,High Wind,RES,65+,F,I
2012,High Wind,RES,40-64,M,I
2012,High Wind,RES,40-64,M,I
2012,High Wind,RES,40-64,M,I
2012,High Wind,OUTDOOR,40-64,M,I
2012,High Wind,OTHER,65+,M,D
2012,High Wind,OUTDOOR,0-17,M,I
2012,High Wind,OTHER,65+,M,D
2012,High Wind,RES,40-64,F,I
2012,High Wind,RES,40-64,M,I
2012,High Wind,RES,65+,M,I
2012,High Wind,RES,65+,F,I
2012,High Wind,RES,65+,F,I
2012,High Wind,RES,40-64,F,I
2012,High Wind,OTHER,18-39,F,D
2012,High Wind,RES,unknown,unknown,I
2012,High Wind,OUTDOOR,unknown,M,I
2012,High Wind,RES,65+,M,I
2012,High Wind,RES,18-39,F,I
2012,High Wind,RES,18-39,M,D
2012,High Wind,OUTDOOR,40-64,M,D
2012,High Wind,RES,18-39,F,I
2012,High Wind,OUTDOOR,unknown,M,D
2012,High Wind,RES,unknown,F,I
2012,High Wind,OUTDOOR,18-39,M,D
2012,High Wind,OUTDOOR,40-64,F,I
2012,High Wind,RES,65+,M,D
2012,High Wind,VEHICLE,65+,F,D
2012,High Wind,RES,unknown,M,D
2012,High Wind,OTHER,18-39,M,D
2012,High Wind,OTHER,18-39,F,D
2012,High Wind,OUTDOOR,unknown,M,D
2012,High Wind,OUTDOOR,unknown,M,I
2012,High Wind,VEHICLE,18-39,M,D
2012,High Wind,OUTDOOR,unknown,M,I
2012,High Wind,OUTDOOR,65+,M,I
2012,High Wind,OUTDOOR,40-64,M,D
2012,High Wind,OUTDOOR,65+,M,I
2012,High Wind,RES,40-64,M,I
2012,High Wind,RES,40-64,M,D
2012,High Wind,RES,40-64,M,D
2012,High Wind,RES,65+,M,I
2012,High Wind,RES,65+,F,I
2012,High Wind,RES,65+,M,I
2012,High Wind,OUTDOOR,65+,M,I
2012,High Wind,RES,65+,F,I
2012,High Wind,RES,65+,F,I
2012,High Wind,OUTDOOR,65+,F,I
2012,Ice Storm,OUTDOOR,40-64,M,D
2012,Lake-Effect Snow,OUTDOOR,65+,M,I
2012,Lightning,OUTDOOR,40-64,M,D
2012,Lightning,OUTDOOR,18-39,M,D
2012,Lightning,OUTDOOR,0-17,M,D
2012,Lightning,OUTDOOR,18-39,F,D
2012,Lightning,OUTDOOR,65+,F,D
2012,Lightning,OUTDOOR,0-17,M,D
2012,Lightning,RES,40-64,M,I
2012,Lightning,RES,18-39,M,I
2012,Lightning,OUTDOOR,40-64,M,D
2012,Lightning,OTHER,65+,M,I
2012,Lightning,OTHER,18-39,F,I
2012,Lightning,OUTDOOR,0-17,M,D
2012,Lightning,OUTDOOR,40-64,M,D
2012,Lightning,OUTDOOR,65+,M,D
2012,Lightning,OUTDOOR,18-39,M,D
2012,Lightning,RES,18-39,M,I
2012,Lightning,OUTDOOR,65+,M,D
2012,Lightning,OUTDOOR,65+,M,D
2012,Lightning,OUTDOOR,40-64,M,D
2012,Lightning,RES,65+,F,I
2012,Lightning,OUTDOOR,18-39,M,D
2012,Lightning,OUTDOOR,0-17,M,D
2012,Lightning,RES,65+,M,I
2012,Lightning,WATER,40-64,M,D
2012,Lightning,WATER,40-64,M,D
2012,Lightning,RES,40-64,F,I
2012,Lightning,OUTDOOR,40-64,M,D
2012,Lightning,WATER,0-17,M,D
2012,Lightning,OUTDOOR,40-64,M,D
2012,Lightning,OUTDOOR,0-17,M,D
2012,Lightning,OUTDOOR,40-64,F,D
2012,Lightning,OUTDOOR,40-64,M,I
2012,Lightning,OUTDOOR,40-64,M,D
2012,Lightning,OUTDOOR,18-39,M,D
2012,Lightning,OUTDOOR,18-39,M,D
2012,Lightning,WATER,40-64,M,D
2012,Lightning,OUTDOOR,40-64,M,D
2012,Rip Current,WATER,40-64,M,D
2012,Rip Current,WATER,0-17,F,D
2012,Rip Current,WATER,40-64,M,D
2012,Rip Current,WATER,0-17,M,D
2012,Rip Current,WATER,40-64,M,D
2012,Rip Current,WATER,40-64,M,D
2012,Rip Current,WATER,0-17,M,D
2012,Rip Current,WATER,0-17,M,D
2012,Rip Current,WATER,65+,M,D
2012,Rip Current,WATER,18-39,M,D
2012,Rip Current,WATER,unknown,M,D
2012,Rip Current,WATER,unknown,M,D
2012,Rip Current,WATER,40-64,F,D
2012,Rip Current,WATER,40-64,M,D
2012,Rip Current,WATER,18-39,F,D
2012,Rip Current,WATER,0-17,M,D
2012,Rip Current,WATER,18-39,M,D
2012,Rip Current,WATER,40-64,M,D
2012,Rip Current,WATER,18-39,M,D
2012,Rip Current,WATER,0-17,F,D
2012,Rip Current,WATER,18-39,M,D
2012,Rip Current,WATER,40-64,M,D
2012,Rip Current,WATER,18-39,M,D
2012,Rip Current,WATER,18-39,M,D
2012,Rip Current,WATER,unknown,unknown,D
2012,Rip Current,WATER,0-17,M,D
2012,Rip Current,WATER,40-64,M,D
2012,Rip Current,WATER,0-17,M,D
2012,Rip Current,WATER,0-17,M,D
2012,Rip Current,WATER,18-39,M,D
2012,Rip Current,WATER,18-39,M,D
2012,Rip Current,WATER,0-17,M,D
2012,Rip Current,WATER,0-17,F,D
2012,Rip Current,WATER,0-17,M,D
2012,Rip Current,WATER,18-39,M,D
2012,Rip Current,WATER,40-64,M,D
2012,Rip Current,WATER,18-39,M,D
2012,Sneakerwave,WATER,18-39,M,D
2012,Sneakerwave,WATER,0-17,M,D
2012,Storm Surge/Tide,VEHICLE,65+,M,D
2012,Storm Surge/Tide,RES,40-64,M,D
2012,Storm Surge/Tide,RES,40-64,F,D
2012,Strong Wind,OUTDOOR,18-39,M,D
2012,Strong Wind,OUTDOOR,unknown,F,D
2012,Strong Wind,VEHICLE,unknown,M,D
2012,Strong Wind,VEHICLE,unknown,M,D
2012,Strong Wind,PUBLIC,unknown,F,I
2012,Strong Wind,OUTDOOR,40-64,M,D
2012,Strong Wind,VEHICLE,40-64,F,D
2012,Strong Wind,OUTDOOR,18-39,M,D
2012,Strong Wind,VEHICLE,18-39,M,I
2012,Strong Wind,OUTDOOR,0-17,M,D
2012,Strong Wind,WATER,18-39,M,I
2012,Strong Wind,WATER,18-39,M,D
2012,Strong Wind,VEHICLE,65+,F,D
2012,Strong Wind,VEHICLE,40-64,M,D
2012,Strong Wind,RES,40-64,M,D
2012,Strong Wind,WATER,18-39,M,D
2012,Strong Wind,OUTDOOR,0-17,M,D
2012,Strong Wind,WATER,40-64,M,D
2012,Thunderstorm Wind,WATER,18-39,M,D
2012,Thunderstorm Wind,WATER,0-17,F,D
2012,Thunderstorm Wind,OUTDOOR,40-64,M,I
2012,Thunderstorm Wind,VEHICLE,40-64,M,D
2012,Thunderstorm Wind,OUTDOOR,40-64,M,D
2012,Thunderstorm Wind,OUTDOOR,unknown,M,D
2012,Thunderstorm Wind,OUTDOOR,18-39,M,D
2012,Thunderstorm Wind,MH,0-17,F,D
2012,Thunderstorm Wind,VEHICLE,65+,M,D
2012,Thunderstorm Wind,VEHICLE,18-39,M,D
2012,Thunderstorm Wind,OUTDOOR,65+,M,D
2012,Thunderstorm Wind,OUTDOOR,65+,F,D
2012,Thunderstorm Wind,WATER,0-17,M,D
2012,Thunderstorm Wind,WATER,0-17,M,D
2012,Thunderstorm Wind,WATER,40-64,M,D
2012,Thunderstorm Wind,WATER,40-64,M,D
2012,Thunderstorm Wind,VEHICLE,unknown,M,D
2012,Thunderstorm Wind,WATER,unknown,M,D
2012,Thunderstorm Wind,WATER,18-39,M,D
2012,Thunderstorm Wind,WATER,unknown,M,D
2012,Thunderstorm Wind,WATER,40-64,M,D
2012,Thunderstorm Wind,RES,unknown,M,D
2012,Thunderstorm Wind,RES,unknown,F,D
2012,Thunderstorm Wind,VEHICLE,18-39,M,D
2012,Thunderstorm Wind,RES,unknown,M,D
2012,Thunderstorm Wind,OUTDOOR,unknown,M,I
2012,Thunderstorm Wind,OUTDOOR,18-39,M,D
2012,Thunderstorm Wind,WATER,18-39,M,I
2012,Thunderstorm Wind,OUTDOOR,0-17,F,D
2012,Thunderstorm Wind,VEHICLE,18-39,F,D
2012,Thunderstorm Wind,WATER,40-64,F,D
2012,Thunderstorm Wind,PUBLIC,65+,F,D
2012,Thunderstorm Wind,RES,40-64,M,D
2012,Thunderstorm Wind,WATER,18-39,M,I
2012,Thunderstorm Wind,OTHER,40-64,M,D
2012,Thunderstorm Wind,OTHER,40-64,M,D
2012,Thunderstorm Wind,VEHICLE,unknown,unknown,I
2012,Thunderstorm Wind,OUTDOOR,0-17,M,D
2012,Thunderstorm Wind,OUTDOOR,0-17,M,D
2012,Thunderstorm Wind,MH,65+,M,I
2012,Thunderstorm Wind,OTHER,unknown,M,D
2012,Thunderstorm Wind,OUTDOOR,40-64,F,D
2012,Thunderstorm Wind,OTHER,unknown,F,D
2012,Thunderstorm Wind,RES,65+,F,D
2012,Thunderstorm Wind,OTHER,unknown,unknown,D
2012,Thunderstorm Wind,RES,65+,F,I
2012,Thunderstorm Wind,OUTDOOR,18-39,M,I
2012,Thunderstorm Wind,OUTDOOR,65+,M,I
2012,Thunderstorm Wind,VEHICLE,40-64,M,D
2012,Thunderstorm Wind,VEHICLE,40-64,F,D
2012,Thunderstorm Wind,VEHICLE,unknown,M,D
2012,Thunderstorm Wind,VEHICLE,unknown,F,D
2012,Thunderstorm Wind,OTHER,65+,M,D
2012,Thunderstorm Wind,VEHICLE,40-64,M,D
2012,Thunderstorm Wind,MH,65+,F,D
2012,Thunderstorm Wind,MH,40-64,F,D
2012,Thunderstorm Wind,MH,65+,M,D
2012,Thunderstorm Wind,OUTDOOR,40-64,M,I
2012,Thunderstorm Wind,MH,40-64,M,D
2012,Tornado,MH,40-64,F,D
2012,Tornado,PUBLIC,65+,M,I
2012,Tornado,MH,0-17,F,D
2012,Tornado,MH,0-17,M,D
2012,Tornado,MH,18-39,M,D
2012,Tornado,MH,18-39,M,D
2012,Tornado,MH,40-64,M,D
2012,Tornado,RES,65+,M,D
2012,Tornado,RES,65+,F,D
2012,Tornado,RES,40-64,M,D
2012,Tornado,RES,40-64,F,D
2012,Tornado,RES,65+,F,D
2012,Tornado,RES,18-39,F,D
2012,Tornado,MH,18-39,M,D
2012,Tornado,MH,40-64,M,D
2012,Tornado,RES,40-64,M,D
2012,Tornado,MH,65+,F,D
2012,Tornado,RES,40-64,M,D
2012,Tornado,RES,65+,M,D
2012,Tornado,MH,65+,M,D
2012,Tornado,MH,65+,M,D
2012,Tornado,RES,0-17,F,D
2012,Tornado,MH,0-17,F,D
2012,Tornado,MH,0-17,F,D
2012,Tornado,MH,40-64,F,D
2012,Tornado,MH,40-64,M,D
2012,Tornado,MH,0-17,F,D
2012,Tornado,MH,0-17,F,D
2012,Tornado,MH,18-39,M,D
2012,Tornado,MH,40-64,M,D
2012,Tornado,VEHICLE,40-64,F,D
2012,Tornado,VEHICLE,18-39,M,D
2012,Tornado,PUBLIC,65+,F,D
2012,Tornado,PUBLIC,65+,M,D
2012,Tornado,RES,40-64,F,D
2012,Tornado,MH,40-64,M,D
2012,Tornado,MH,40-64,M,D
2012,Tornado,OUTDOOR,40-64,M,D
2012,Tornado,MH,40-64,M,D
2012,Tornado,RES,65+,M,D
2012,Tornado,MH,18-39,M,D
2012,Tornado,MH,0-17,M,D
2012,Tornado,MH,40-64,M,D
2012,Tornado,MH,65+,M,D
2012,Tornado,MH,40-64,F,D
2012,Tornado,MH,65+,F,D
2012,Tornado,MH,40-64,F,D
2012,Tornado,MH,18-39,F,D
2012,Tornado,OUTDOOR,0-17,F,D
2012,Tornado,RES,65+,M,D
2012,Tornado,RES,65+,F,D
2012,Tornado,MH,65+,F,D
2012,Tornado,MH,65+,M,D
2012,Tornado,MH,65+,F,D
2012,Tornado,MH,40-64,M,D
2012,Tornado,OUTDOOR,65+,F,I
2012,Tornado,RES,18-39,F,D
2012,Tornado,RES,0-17,F,D
2012,Tornado,RES,18-39,F,D
2012,Tornado,RES,65+,M,D
2012,Tornado,MH,40-64,F,D
2012,Tornado,PUBLIC,40-64,F,D
2012,Tornado,MH,65+,M,D
2012,Tornado,MH,40-64,M,D
2012,Tornado,MH,40-64,M,D
2012,Tornado,RES,65+,M,D
2012,Tornado,MH,65+,F,D
2012,Tornado,MH,40-64,F,D
2012,Tornado,RES,40-64,F,D
2012,Tornado,MH,40-64,F,D
2012,Tornado,RES,65+,F,D
2012,Tropical Storm,WATER,unknown,M,D
2012,Tropical Storm,VEHICLE,40-64,M,D
2012,Tropical Storm,WATER,unknown,M,D
2012,Tropical Storm,WATER,unknown,M,D
2012,Wildfire,OUTDOOR,65+,F,D
2012,Wildfire,VEHICLE,unknown,M,I
2012,Wildfire,VEHICLE,40-64,M,D
2012,Wildfire,MH,65+,F,D
2012,Wildfire,RES,65+,F,D
2012,Wildfire,VEHICLE,unknown,unknown,I
2012,Wildfire,RES,65+,M,D
2012,Wildfire,VEHICLE,unknown,unknown,I
2012,Wildfire,OUTDOOR,unknown,M,I
2012,Wildfire,VEHICLE,unknown,unknown,I
2012,Wildfire,RES,65+,F,D
2012,Wildfire,RES,65+,M,D
2012,Wildfire,RES,65+,M,D
2012,Wildfire,OUTDOOR,65+,M,D
2012,Wildfire,RES,40-64,F,D
2012,Wildfire,VEHICLE,unknown,unknown,I
2012,Wildfire,VEHICLE,18-39,M,I
2012,Wildfire,VEHICLE,unknown,F,I
2012,Wildfire,VEHICLE,18-39,F,I
2012,Wildfire,VEHICLE,unknown,F,I
2012,Wildfire,VEHICLE,unknown,M,I
2012,Wildfire,VEHICLE,unknown,unknown,I
2012,Wildfire,OUTDOOR,18-39,F,I
2012,Winter Storm,VEHICLE,18-39,F,D
2012,Winter Storm,VEHICLE,18-39,F,D
2012,Winter Storm,OUTDOOR,65+,M,I
2012,Winter Storm,OUTDOOR,0-17,M,D
2012,Winter Storm,MH,40-64,M,D
2012,Winter Storm,VEHICLE,unknown,unknown,I
2012,Winter Storm,RES,40-64,M,D
2012,Winter Storm,VEHICLE,18-39,F,I
2012,Winter Storm,VEHICLE,unknown,M,I
2012,Winter Storm,VEHICLE,18-39,M,I
2012,Winter Storm,VEHICLE,18-39,M,I
2012,Winter Weather,VEHICLE,40-64,M,I
2012,Winter Weather,VEHICLE,40-64,M,I
2012,Winter Weather,VEHICLE,65+,M,I
2012,Winter Weather,VEHICLE,40-64,M,I
2012,Winter Weather,OUTDOOR,unknown,M,I
2012,Winter Weather,OUTDOOR,unknown,M,I
2012,Winter Weather,VEHICLE,40-64,F,I
2012,Winter Weather,VEHICLE,18-39,F,I
2012,Winter Weather,VEHICLE,18-39,F,I
2012,Winter Weather,RES,40-64,M,I
2012,Winter Weather,OUTDOOR,40-64,M,I
2012,Winter Weather,VEHICLE,40-64,F,I
2012,Winter Weather,VEHICLE,18-39,F,I
2012,Winter Weather,VEHICLE,40-64,M,I
2012,Winter Weather,VEHICLE,unknown,F,I
2012,Winter Weather,OTHER,40-64,M,I
2012,Winter Weather,VEHICLE,unknown,M,I
2012,Winter Weather,VEHICLE,18-39,M,I
2012,Winter Weather,VEHICLE,18-39,M,I
2012,Winter Weather,OUTDOOR,unknown,M,I
2012,Winter Weather,VEHICLE,40-64,M,I
2012,Winter Weather,VEHICLE,40-64,M,I
2012,Winter Weather,VEHICLE,40-64,F,I
2012,Winter Weather,VEHICLE,65+,F,I
2012,Winter Weather,VEHICLE,18-39,M,D
2012,Winter Weather,VEHICLE,40-64,M,I
2012,Winter Weather,VEHICLE,unknown,unknown,I
2012,Winter Weather,OTHER,unknown,unknown,I
2012,Winter Weather,VEHICLE,40-64,F,I
2012,Winter Weather,VEHICLE,65+,M,I
2013,Avalanche,OUTDOOR,0-17,M,D
2013,Avalanche,OUTDOOR,18-39,F,D
2013,Avalanche,OUTDOOR,18-39,M,D
2013,Avalanche,OUTDOOR,40-64,M,D
2013,Avalanche,OUTDOOR,0-17,M,D
2013,Avalanche,OUTDOOR,40-64,M,D
2013,Avalanche,OUTDOOR,18-39,M,D
2013,Avalanche,OUTDOOR,18-39,M,D
2013,Avalanche,OUTDOOR,18-39,M,D
2013,Avalanche,OUTDOOR,18-39,M,D
2013,Avalanche,OUTDOOR,18-39,M,D
2013,Avalanche,OUTDOOR,18-39,M,D
2013,Avalanche,OUTDOOR,0-17,M,D
2013,Avalanche,OUTDOOR,18-39,M,D
2013,Avalanche,OUTDOOR,18-39,M,D
2013,Avalanche,OUTDOOR,18-39,M,D
2013,Avalanche,OUTDOOR,18-39,M,D
2013,Avalanche,OUTDOOR,unknown,M,D
2013,Avalanche,OUTDOOR,unknown,F,D
2013,Avalanche,OUTDOOR,18-39,M,D
2013,Avalanche,OUTDOOR,18-39,M,D
2013,Blizzard,OUTDOOR,unknown,M,I
2013,Blizzard,RES,unknown,F,I
2013,Blizzard,PUBLIC,unknown,M,I
2013,Blizzard,OTHER,unknown,unknown,D
2013,Blizzard,OTHER,unknown,unknown,D
2013,Blizzard,OTHER,unknown,unknown,D
2013,Blizzard,OTHER,unknown,unknown,D
2013,Blizzard,OUTDOOR,65+,M,I
2013,Blizzard,OTHER,unknown,unknown,D
2013,Blizzard,OUTDOOR,40-64,M,D
2013,Blizzard,OTHER,18-39,M,I
2013,Blizzard,OTHER,18-39,M,I
2013,Blizzard,OTHER,18-39,M,I
2013,Blizzard,OTHER,18-39,M,I
2013,Blizzard,OTHER,18-39,M,I
2013,Blizzard,OTHER,18-39,M,I
2013,Blizzard,VEHICLE,18-39,M,I
2013,Blizzard,OTHER,unknown,unknown,D
2013,Blizzard,OTHER,unknown,unknown,D
2013,Cold/Wind Chill,OUTDOOR,18-39,M,D
2013,Cold/Wind Chill,VEHICLE,65+,M,D
2013,Cold/Wind Chill,OTHER,65+,M,D
2013,Cold/Wind Chill,OUTDOOR,65+,M,D
2013,Cold/Wind Chill,OUTDOOR,40-64,M,D
2013,Cold/Wind Chill,RES,65+,M,D
2013,Cold/Wind Chill,OTHER,40-64,M,D
2013,Cold/Wind Chill,OUTDOOR,40-64,M,D
2013,Cold/Wind Chill,OUTDOOR,40-64,M,D
2013,Cold/Wind Chill,OTHER,40-64,M,D
2013,Cold/Wind Chill,OUTDOOR,18-39,M,D
2013,Cold/Wind Chill,OUTDOOR,0-17,M,D
2013,Cold/Wind Chill,OUTDOOR,0-17,M,D
2013,Cold/Wind Chill,OUTDOOR,65+,F,D
2013,Cold/Wind Chill,OTHER,40-64,F,D
2013,Cold/Wind Chill,RES,65+,M,D
2013,Cold/Wind Chill,RES,65+,M,D
2013,Cold/Wind Chill,OUTDOOR,40-64,M,D
2013,Cold/Wind Chill,OTHER,40-64,F,D
2013,Cold/Wind Chill,OTHER,40-64,F,D
2013,Cold/Wind Chill,PUBLIC,40-64,M,D
2013,Cold/Wind Chill,OUTDOOR,40-64,M,D
2013,Cold/Wind Chill,OUTDOOR,40-64,M,D
2013,Cold/Wind Chill,OUTDOOR,65+,F,D
2013,Debris Flow,OUTDOOR,18-39,M,D
2013,Dense Fog,VEHICLE,unknown,unknown,I
2013,Dense Fog,VEHICLE,unknown,unknown,I
2013,Dense Fog,VEHICLE,65+,M,I
2013,Dense Fog,VEHICLE,18-39,F,I
2013,Dense Fog,VEHICLE,unknown,F,I
2013,Dense Fog,VEHICLE,unknown,M,I
2013,Dense Fog,VEHICLE,unknown,M,I
2013,Dense Fog,VEHICLE,unknown,M,I
2013,Dense Fog,VEHICLE,18-39,M,I
2013,Dense Fog,VEHICLE,65+,F,I
2013,Dense Fog,VEHICLE,18-39,M,I
2013,Dense Fog,VEHICLE,18-39,F,I
2013,Dust Storm,VEHICLE,65+,M,I
2013,Dust Storm,VEHICLE,65+,M,I
2013,Dust Storm,VEHICLE,40-64,M,I
2013,Dust Storm,VEHICLE,40-64,M,I
2013,Dust Storm,VEHICLE,65+,M,I
2013,Dust Storm,VEHICLE,40-64,M,I
2013,Excessive Heat,OTHER,65+,M,D
2013,Excessive Heat,OUTDOOR,40-64,M,D
2013,Excessive Heat,PUBLIC,65+,M,D
2013,Excessive Heat,RES,65+,F,D
2013,Excessive Heat,RES,40-64,F,D
2013,Excessive Heat,OTHER,65+,M,D
2013,Excessive Heat,OUTDOOR,65+,M,D
2013,Excessive Heat,VEHICLE,0-17,M,D
2013,Excessive Heat,OUTDOOR,40-64,M,I
2013,Excessive Heat,OUTDOOR,65+,M,D
2013,Excessive Heat,OUTDOOR,65+,M,D
2013,Excessive Heat,RES,65+,M,D
2013,Excessive Heat,OUTDOOR,18-39,M,D
2013,Excessive Heat,RES,40-64,M,D
2013,Excessive Heat,RES,65+,F,D
2013,Excessive Heat,OUTDOOR,40-64,M,D
2013,Excessive Heat,OUTDOOR,40-64,M,I
2013,Excessive Heat,OUTDOOR,65+,M,D
2013,Excessive Heat,OUTDOOR,40-64,M,D
2013,Excessive Heat,OUTDOOR,40-64,M,D
2013,Excessive Heat,OUTDOOR,18-39,M,D
2013,Excessive Heat,OUTDOOR,40-64,M,I
2013,Excessive Heat,OUTDOOR,40-64,M,I
2013,Excessive Heat,OUTDOOR,18-39,M,D
2013,Excessive Heat,OUTDOOR,65+,M,I
2013,Excessive Heat,OTHER,40-64,M,D
2013,Excessive Heat,OTHER,65+,M,D
2013,Excessive Heat,PUBLIC,40-64,F,I
2013,Excessive Heat,PUBLIC,18-39,M,D
2013,Excessive Heat,PUBLIC,unknown,M,I
2013,Excessive Heat,OTHER,65+,F,D
2013,Excessive Heat,PUBLIC,65+,M,D
2013,Excessive Heat,PUBLIC,40-64,M,D
2013,Excessive Heat,RES,40-64,F,D
2013,Excessive Heat,RES,65+,M,D
2013,Excessive Heat,RES,40-64,M,D
2013,Excessive Heat,OTHER,65+,F,D
2013,Excessive Heat,OUTDOOR,40-64,M,D
2013,Excessive Heat,OUTDOOR,18-39,M,D
2013,Excessive Heat,RES,40-64,M,D
2013,Excessive Heat,RES,65+,F,D
2013,Excessive Heat,OTHER,65+,M,D
2013,Excessive Heat,RES,65+,F,D
2013,Excessive Heat,RES,65+,F,D
2013,Excessive Heat,OTHER,65+,F,D
2013,Excessive Heat,OTHER,40-64,F,D
2013,Excessive Heat,RES,40-64,M,I
2013,Excessive Heat,RES,65+,M,D
2013,Excessive Heat,RES,40-64,F,D
2013,Excessive Heat,RES,40-64,M,I
2013,Excessive Heat,RES,40-64,F,D
2013,Excessive Heat,RES,65+,M,D
2013,Excessive Heat,RES,65+,M,I
2013,Excessive Heat,RES,65+,F,D
2013,Excessive Heat,RES,65+,M,D
2013,Excessive Heat,RES,65+,M,D
2013,Excessive Heat,RES,65+,M,D
2013,Excessive Heat,OUTDOOR,65+,M,I
2013,Excessive Heat,RES,65+,F,D
2013,Excessive Heat,RES,65+,M,D
2013,Excessive Heat,OTHER,unknown,F,D
2013,Extreme Cold/Wind Chill,RES,18-39,M,I
2013,Extreme Cold/Wind Chill,OTHER,18-39,M,I
2013,Flash Flood,OUTDOOR,0-17,M,D
2013,Flash Flood,WATER,40-64,F,D
2013,Flash Flood,VEHICLE,40-64,M,D
2013,Flash Flood,WATER,40-64,F,D
2013,Flash Flood,VEHICLE,18-39,F,D
2013,Flash Flood,VEHICLE,40-64,F,D
2013,Flash Flood,VEHICLE,65+,F,D
2013,Flash Flood,VEHICLE,40-64,M,D
2013,Flash Flood,WATER,40-64,M,D
2013,Flash Flood,WATER,40-64,M,D
2013,Flash Flood,WATER,40-64,M,D
2013,Flash Flood,VEHICLE,18-39,M,D
2013,Flash Flood,OUTDOOR,18-39,F,D
2013,Flash Flood,OTHER,0-17,M,D
2013,Flash Flood,OUTDOOR,18-39,M,D
2013,Flash Flood,PUBLIC,65+,M,D
2013,Flash Flood,VEHICLE,65+,M,D
2013,Flash Flood,VEHICLE,40-64,M,D
2013,Flash Flood,WATER,18-39,F,I
2013,Flash Flood,OTHER,40-64,M,D
2013,Flash Flood,RES,65+,F,D
2013,Flash Flood,RES,40-64,F,D
2013,Flash Flood,OUTDOOR,18-39,F,D
2013,Flash Flood,WATER,65+,M,D
2013,Flash Flood,VEHICLE,65+,F,D
2013,Flash Flood,VEHICLE,65+,F,D
2013,Flash Flood,WATER,18-39,M,D
2013,Flash Flood,VEHICLE,40-64,F,D
2013,Flash Flood,RES,65+,F,D
2013,Flash Flood,WATER,18-39,M,D
2013,Flash Flood,MH,65+,F,D
2013,Flash Flood,VEHICLE,65+,M,D
2013,Flash Flood,WATER,40-64,M,D
2013,Flash Flood,VEHICLE,65+,F,D
2013,Flash Flood,VEHICLE,0-17,M,D
2013,Flash Flood,WATER,40-64,F,D
2013,Flash Flood,VEHICLE,18-39,F,D
2013,Flash Flood,VEHICLE,0-17,M,D
2013,Flash Flood,OTHER,18-39,M,D
2013,Flash Flood,OTHER,0-17,M,D
2013,Flash Flood,WATER,18-39,M,D
2013,Flash Flood,WATER,18-39,M,D
2013,Flash Flood,VEHICLE,65+,M,D
2013,Flash Flood,OTHER,0-17,M,D
2013,Flash Flood,OUTDOOR,40-64,M,D
2013,Flash Flood,OTHER,0-17,F,D
2013,Flash Flood,VEHICLE,40-64,M,D
2013,Flash Flood,OTHER,0-17,F,D
2013,Flash Flood,WATER,40-64,M,D
2013,Flash Flood,VEHICLE,18-39,F,D
2013,Flash Flood,VEHICLE,0-17,M,D
2013,Flash Flood,VEHICLE,65+,M,D
2013,Flash Flood,VEHICLE,65+,F,D
2013,Flash Flood,OTHER,18-39,M,D
2013,Flash Flood,OTHER,0-17,M,D
2013,Flash Flood,OTHER,0-17,F,D
2013,Flash Flood,OTHER,18-39,F,D
2013,Flash Flood,VEHICLE,65+,F,D
2013,Flash Flood,OTHER,0-17,M,D
2013,Flash Flood,OTHER,0-17,F,D
2013,Flash Flood,OTHER,18-39,F,D
2013,Flood,VEHICLE,40-64,M,D
2013,Flood,WATER,40-64,M,D
2013,Flood,VEHICLE,40-64,F,D
2013,Flood,VEHICLE,40-64,M,D
2013,Flood,VEHICLE,65+,M,D
2013,Flood,WATER,18-39,F,D
2013,Flood,WATER,40-64,M,D
2013,Flood,VEHICLE,18-39,F,D
2013,Flood,OUTDOOR,40-64,M,I
2013,Flood,VEHICLE,65+,M,D
2013,Flood,VEHICLE,40-64,M,D
2013,Flood,VEHICLE,18-39,F,D
2013,Flood,VEHICLE,40-64,M,D
2013,Flood,VEHICLE,40-64,M,D
2013,Flood,WATER,40-64,M,D
2013,Flood,VEHICLE,40-64,F,D
2013,Flood,VEHICLE,18-39,M,D
2013,Flood,WATER,40-64,M,D
2013,Flood,WATER,unknown,F,D
2013,Flood,VEHICLE,18-39,M,D
2013,Flood,VEHICLE,65+,M,D
2013,Flood,WATER,40-64,M,D
2013,Flood,OUTDOOR,40-64,M,D
2013,Freezing Fog,VEHICLE,unknown,unknown,I
2013,Freezing Fog,VEHICLE,18-39,F,I
2013,Freezing Fog,VEHICLE,unknown,unknown,D
2013,Frost/Freeze,VEHICLE,40-64,M,I
2013,Heat,VEHICLE,18-39,M,D
2013,Heat,RES,65+,M,D
2013,Heat,RES,65+,F,D
2013,Heat,PUBLIC,40-64,M,I
2013,Heat,RES,65+,M,D
2013,Heat,OUTDOOR,18-39,unknown,D
2013,Heat,RES,65+,F,D
2013,Heat,OUTDOOR,18-39,F,D
2013,Heat,OUTDOOR,65+,F,D
2013,Heat,OUTDOOR,65+,M,D
2013,Heat,RES,40-64,M,D
2013,Heat,RES,65+,M,D
2013,Heat,RES,65+,F,D
2013,Heat,RES,65+,F,D
2013,Heat,OUTDOOR,40-64,M,D
2013,Heat,RES,65+,M,D
2013,Heat,OUTDOOR,unknown,M,D
2013,Heat,OUTDOOR,unknown,M,D
2013,Heat,OUTDOOR,unknown,M,D
2013,Heat,OUTDOOR,unknown,M,D
2013,Heat,OUTDOOR,65+,F,D
2013,Heat,RES,40-64,M,D
2013,Heat,OUTDOOR,18-39,F,D
2013,Heat,OTHER,0-17,M,D
2013,Heat,RES,65+,M,D
2013,Heat,OUTDOOR,65+,F,D
2013,Heat,RES,65+,M,D
2013,Heat,VEHICLE,40-64,M,I
2013,Heat,OTHER,unknown,unknown,D
2013,Heat,OUTDOOR,40-64,M,D
2013,Heat,OUTDOOR,40-64,F,D
2013,Heat,OUTDOOR,65+,M,D
2013,Heat,VEHICLE,0-17,M,D
2013,Heat,RES,65+,M,D
2013,Heat,RES,65+,M,D
2013,Heat,VEHICLE,0-17,M,I
2013,Heat,VEHICLE,0-17,F,D
2013,Heat,RES,unknown,F,D
2013,Heat,OUTDOOR,40-64,M,D
2013,Heat,RES,65+,M,D
2013,Heat,RES,65+,F,D
2013,Heat,RES,65+,F,D
2013,Heat,OTHER,unknown,unknown,D
2013,Heat,OTHER,unknown,M,D
2013,Heat,OTHER,0-17,unknown,D
2013,Heat,RES,65+,M,I
2013,Heavy Rain,OUTDOOR,40-64,M,D
2013,Heavy Rain,VEHICLE,65+,M,I
2013,Heavy Rain,OUTDOOR,18-39,F,I
2013,Heavy Rain,VEHICLE,18-39,M,I
2013,Heavy Rain,VEHICLE,0-17,F,I
2013,Heavy Rain,VEHICLE,18-39,F,I
2013,Heavy Rain,VEHICLE,65+,F,I
2013,Heavy Rain,OTHER,18-39,M,D
2013,Heavy Rain,OUTDOOR,18-39,M,D
2013,Heavy Rain,VEHICLE,40-64,M,I
2013,Heavy Rain,VEHICLE,unknown,unknown,D
2013,Heavy Rain,VEHICLE,40-64,M,I
2013,Heavy Rain,VEHICLE,unknown,unknown,I
2013,Heavy Rain,OUTDOOR,40-64,F,D
2013,Heavy Rain,VEHICLE,40-64,M,I
2013,Heavy Snow,OUTDOOR,40-64,M,I
2013,Heavy Snow,VEHICLE,0-17,M,I
2013,Heavy Snow,RES,65+,M,I
2013,Heavy Snow,VEHICLE,40-64,M,D
2013,Heavy Snow,OUTDOOR,40-64,M,D
2013,Heavy Snow,VEHICLE,18-39,M,I
2013,Heavy Snow,VEHICLE,40-64,M,I
2013,Heavy Snow,OUTDOOR,unknown,M,I
2013,Heavy Snow,VEHICLE,unknown,M,I
2013,High Surf,WATER,40-64,M,D
2013,High Surf,WATER,40-64,M,D
2013,High Surf,WATER,18-39,M,D
2013,High Surf,WATER,40-64,M,D
2013,High Wind,OUTDOOR,0-17,M,I
2013,High Wind,OUTDOOR,18-39,F,I
2013,High Wind,OTHER,18-39,M,D
2013,High Wind,VEHICLE,40-64,F,D
2013,Ice Storm,OTHER,unknown,unknown,I
2013,Lightning,OUTDOOR,18-39,M,D
2013,Lightning,OUTDOOR,65+,F,D
2013,Lightning,OTHER,18-39,M,D
2013,Lightning,OUTDOOR,0-17,M,D
2013,Lightning,OUTDOOR,18-39,M,D
2013,Lightning,WATER,40-64,M,D
2013,Lightning,OUTDOOR,18-39,F,D
2013,Lightning,PUBLIC,18-39,M,D
2013,Lightning,OUTDOOR,40-64,M,D
2013,Lightning,OUTDOOR,unknown,F,D
2013,Lightning,PUBLIC,18-39,M,D
2013,Lightning,OUTDOOR,40-64,M,D
2013,Lightning,OUTDOOR,40-64,M,D
2013,Lightning,RES,65+,M,I
2013,Lightning,OUTDOOR,unknown,M,D
2013,Lightning,OUTDOOR,18-39,M,D
2013,Lightning,OUTDOOR,40-64,F,D
2013,Lightning,WATER,18-39,M,D
2013,Lightning,OUTDOOR,40-64,M,D
2013,Lightning,OUTDOOR,0-17,F,D
2013,Lightning,VEHICLE,18-39,M,D
2013,Lightning,OUTDOOR,40-64,F,D
2013,Lightning,WATER,40-64,M,D
2013,Lightning,OUTDOOR,18-39,M,D
2013,Lightning,RES,40-64,M,I
2013,Rip Current,WATER,40-64,M,D
2013,Rip Current,WATER,18-39,M,D
2013,Rip Current,WATER,unknown,M,D
2013,Rip Current,WATER,unknown,F,D
2013,Rip Current,WATER,40-64,M,D
2013,Rip Current,WATER,65+,M,D
2013,Rip Current,WATER,40-64,M,D
2013,Rip Current,WATER,40-64,F,D
2013,Rip Current,WATER,40-64,M,D
2013,Rip Current,WATER,40-64,M,D
2013,Rip Current,WATER,18-39,M,D
2013,Rip Current,WATER,0-17,F,D
2013,Rip Current,WATER,65+,M,D
2013,Rip Current,WATER,40-64,M,D
2013,Rip Current,WATER,18-39,M,D
2013,Rip Current,WATER,18-39,M,D
2013,Rip Current,WATER,18-39,M,D
2013,Rip Current,WATER,18-39,M,D
2013,Rip Current,WATER,18-39,M,D
2013,Rip Current,WATER,0-17,M,D
2013,Rip Current,WATER,0-17,M,D
2013,Rip Current,WATER,18-39,M,D
2013,Rip Current,WATER,40-64,M,D
2013,Rip Current,WATER,40-64,M,D
2013,Rip Current,WATER,65+,M,D
2013,Rip Current,WATER,18-39,M,D
2013,Rip Current,WATER,18-39,M,D
2013,Rip Current,WATER,18-39,M,D
2013,Rip Current,WATER,40-64,F,D
2013,Rip Current,WATER,0-17,F,D
2013,Rip Current,WATER,40-64,M,D
2013,Rip Current,WATER,18-39,M,D
2013,Rip Current,WATER,40-64,M,D
2013,Rip Current,WATER,unknown,unknown,D
2013,Rip Current,WATER,0-17,M,D
2013,Rip Current,WATER,18-39,M,D
2013,Rip Current,WATER,65+,M,D
2013,Rip Current,WATER,0-17,M,D
2013,Rip Current,WATER,0-17,M,D
2013,Rip Current,WATER,0-17,M,D
2013,Rip Current,WATER,18-39,M,D
2013,Rip Current,WATER,40-64,F,D
2013,Rip Current,WATER,0-17,M,D
2013,Rip Current,WATER,18-39,M,D
2013,Rip Current,WATER,0-17,M,D
2013,Rip Current,WATER,18-39,M,D
2013,Rip Current,WATER,18-39,M,D
2013,Rip Current,WATER,18-39,M,D
2013,Sneakerwave,WATER,18-39,F,D
2013,Sneakerwave,WATER,40-64,M,D
2013,Sneakerwave,WATER,18-39,F,D
2013,Strong Wind,VEHICLE,40-64,M,D
2013,Strong Wind,OTHER,unknown,unknown,D
2013,Strong Wind,VEHICLE,unknown,unknown,D
2013,Strong Wind,VEHICLE,unknown,unknown,D
2013,Strong Wind,OUTDOOR,18-39,F,D
2013,Strong Wind,OUTDOOR,18-39,F,D
2013,Strong Wind,OUTDOOR,65+,M,D
2013,Strong Wind,VEHICLE,0-17,M,D
2013,Strong Wind,VEHICLE,65+,M,D
2013,Strong Wind,OUTDOOR,65+,F,D
2013,Strong Wind,VEHICLE,40-64,M,D
2013,Strong Wind,OUTDOOR,18-39,M,D
2013,Strong Wind,VEHICLE,18-39,M,I
2013,Thunderstorm Wind,VEHICLE,unknown,M,D
2013,Thunderstorm Wind,VEHICLE,65+,M,D
2013,Thunderstorm Wind,OUTDOOR,18-39,M,D
2013,Thunderstorm Wind,VEHICLE,18-39,F,D
2013,Thunderstorm Wind,OUTDOOR,40-64,F,D
2013,Thunderstorm Wind,OTHER,40-64,M,D
2013,Thunderstorm Wind,VEHICLE,unknown,M,I
2013,Thunderstorm Wind,OUTDOOR,18-39,F,D
2013,Thunderstorm Wind,OUTDOOR,65+,M,D
2013,Thunderstorm Wind,PUBLIC,18-39,M,I
2013,Thunderstorm Wind,OUTDOOR,40-64,M,D
2013,Thunderstorm Wind,VEHICLE,unknown,M,I
2013,Thunderstorm Wind,VEHICLE,65+,M,D
2013,Thunderstorm Wind,MH,40-64,F,D
2013,Thunderstorm Wind,OUTDOOR,65+,M,D
2013,Thunderstorm Wind,OUTDOOR,0-17,M,I
2013,Thunderstorm Wind,PUBLIC,unknown,M,D
2013,Thunderstorm Wind,PUBLIC,unknown,F,D
2013,Thunderstorm Wind,OUTDOOR,0-17,M,D
2013,Thunderstorm Wind,VEHICLE,18-39,M,D
2013,Thunderstorm Wind,OUTDOOR,40-64,M,D
2013,Tornado,PUBLIC,0-17,F,D
2013,Tornado,VEHICLE,40-64,M,D
2013,Tornado,RES,40-64,F,D
2013,Tornado,RES,40-64,F,D
2013,Tornado,RES,40-64,M,D
2013,Tornado,MH,65+,F,D
2013,Tornado,VEHICLE,18-39,M,D
2013,Tornado,VEHICLE,18-39,F,D
2013,Tornado,RES,18-39,M,D
2013,Tornado,RES,65+,F,D
2013,Tornado,RES,40-64,M,D
2013,Tornado,RES,40-64,F,D
2013,Tornado,MH,40-64,F,D
2013,Tornado,MH,40-64,M,D
2013,Tornado,MH,40-64,F,D
2013,Tornado,RES,65+,M,D
2013,Tornado,MH,65+,F,D
2013,Tornado,MH,40-64,M,D
2013,Tornado,PUBLIC,unknown,M,D
2013,Tornado,VEHICLE,0-17,M,D
2013,Tornado,PUBLIC,0-17,M,D
2013,Tornado,PUBLIC,0-17,M,D
2013,Tornado,PUBLIC,0-17,M,D
2013,Tornado,OTHER,40-64,M,D
2013,Tornado,OTHER,40-64,F,D
2013,Tornado,PUBLIC,0-17,F,D
2013,Tornado,PUBLIC,0-17,F,D
2013,Tornado,PUBLIC,0-17,F,D
2013,Tornado,RES,18-39,F,D
2013,Tornado,RES,65+,M,D
2013,Tornado,PUBLIC,0-17,M,D
2013,Tornado,PUBLIC,40-64,F,D
2013,Tornado,VEHICLE,65+,M,D
2013,Tornado,RES,0-17,F,D
2013,Tornado,PUBLIC,18-39,M,D
2013,Tornado,RES,65+,F,D
2013,Tornado,RES,40-64,M,D
2013,Tornado,RES,40-64,F,D
2013,Tornado,RES,65+,F,D
2013,Tornado,MH,18-39,M,D
2013,Tornado,RES,0-17,F,D
2013,Tornado,RES,65+,F,D
2013,Tornado,RES,65+,M,D
2013,Tornado,MH,65+,M,D
2013,Tornado,PUBLIC,40-64,M,D
2013,Tornado,VEHICLE,65+,M,D
2013,Tornado,MH,65+,M,D
2013,Tornado,MH,40-64,M,D
2013,Tornado,MH,65+,M,D
2013,Tornado,MH,40-64,F,D
2013,Tornado,PUBLIC,18-39,F,D
2013,Tornado,VEHICLE,18-39,M,D
2013,Tornado,VEHICLE,40-64,M,D
2013,Tornado,VEHICLE,18-39,M,D
2013,Tornado,VEHICLE,18-39,M,D
2013,Tropical Storm,WATER,unknown,M,D
2013,Wildfire,OUTDOOR,18-39,M,D
2013,Wildfire,OUTDOOR,18-39,M,D
2013,Wildfire,OUTDOOR,40-64,M,D
2013,Wildfire,OUTDOOR,18-39,M,D
2013,Wildfire,OTHER,unknown,unknown,I
2013,Wildfire,OUTDOOR,18-39,M,D
2013,Wildfire,OUTDOOR,18-39,M,D
2013,Wildfire,OUTDOOR,18-39,M,D
2013,Wildfire,OUTDOOR,18-39,M,D
2013,Wildfire,RES,40-64,M,D
2013,Wildfire,OUTDOOR,18-39,M,D
2013,Wildfire,OUTDOOR,18-39,M,D
2013,Wildfire,OUTDOOR,18-39,M,D
2013,Wildfire,OUTDOOR,18-39,M,D
2013,Wildfire,OUTDOOR,18-39,M,D
2013,Wildfire,OUTDOOR,18-39,M,D
2013,Wildfire,OUTDOOR,18-39,M,D
2013,Wildfire,OUTDOOR,18-39,M,D
2013,Wildfire,OUTDOOR,18-39,M,D
2013,Wildfire,OUTDOOR,18-39,M,D
2013,Wildfire,OUTDOOR,18-39,M,D
2013,Winter Storm,OUTDOOR,65+,F,I
2013,Winter Storm,VEHICLE,0-17,F,D
2013,Winter Storm,VEHICLE,18-39,M,I
2013,Winter Storm,VEHICLE,18-39,F,D
2013,Winter Storm,VEHICLE,18-39,F,I
2013,Winter Storm,OUTDOOR,18-39,F,D
2013,Winter Storm,VEHICLE,40-64,F,I
2013,Winter Storm,VEHICLE,18-39,M,I
2013,Winter Storm,VEHICLE,18-39,F,I
2013,Winter Storm,RES,65+,M,I
2013,Winter Storm,MH,40-64,M,D
2013,Winter Storm,OTHER,unknown,unknown,I
2013,Winter Storm,VEHICLE,18-39,F,I
2013,Winter Storm,OUTDOOR,40-64,F,I
2013,Winter Storm,OUTDOOR,40-64,M,I
2013,Winter Storm,OUTDOOR,65+,M,I
2013,Winter Storm,VEHICLE,18-39,M,I
2013,Winter Storm,VEHICLE,40-64,M,I
2013,Winter Storm,OUTDOOR,40-64,F,I
2013,Winter Storm,VEHICLE,18-39,M,I
2013,Winter Storm,VEHICLE,unknown,unknown,I
2013,Winter Weather,VEHICLE,40-64,M,D
2013,Winter Weather,VEHICLE,unknown,F,I
2013,Winter Weather,OTHER,unknown,M,I
2013,Winter Weather,OTHER,unknown,M,I
2013,Winter Weather,VEHICLE,0-17,F,D
2013,Winter Weather,VEHICLE,40-64,M,I
2013,Winter Weather,OTHER,unknown,M,I
2013,Winter Weather,VEHICLE,40-64,M,I
2013,Winter Weather,VEHICLE,40-64,M,I
2013,Winter Weather,VEHICLE,40-64,F,I
2013,Winter Weather,OTHER,40-64,M,I
2013,Winter Weather,VEHICLE,18-39,M,I
2013,Winter Weather,VEHICLE,40-64,M,I
2013,Winter Weather,VEHICLE,18-39,M,I
2013,Winter Weather,VEHICLE,18-39,M,I
2013,Winter Weather,VEHICLE,40-64,F,I
2013,Winter Weather,VEHICLE,18-39,M,I
2013,Winter Weather,VEHICLE,18-39,F,I
2013,Winter Weather,VEHICLE,18-39,M,I
2013,Winter Weather,VEHICLE,18-39,F,I
2013,Winter Weather,VEHICLE,40-64,F,I
2013,Winter Weather,VEHICLE,40-64,M,I
2013,Winter Weather,OTHER,18-39,M,I
2013,Winter Weather,VEHICLE,65+,F,I
2013,Winter Weather,OUTDOOR,0-17,F,D
2013,Winter Weather,VEHICLE,18-39,M,D
2013,Winter Weather,OUTDOOR,40-64,M,D
2013,Winter Weather,OTHER,unknown,M,I
2013,Winter Weather,VEHICLE,unknown,unknown,I
2013,Winter Weather,VEHICLE,18-39,F,I
2013,Winter Weather,VEHICLE,18-39,F,I
2013,Winter Weather,VEHICLE,40-64,M,I
2013,Winter Weather,VEHICLE,unknown,M,I
2013,Winter Weather,VEHICLE,unknown,unknown,I
2013,Winter Weather,VEHICLE,unknown,unknown,I
2013,Winter Weather,VEHICLE,unknown,unknown,D
2013,Winter Weather,VEHICLE,40-64,M,I
2013,Winter Weather,VEHICLE,unknown,F,D
2013,Winter Weather,VEHICLE,40-64,M,I
2013,Winter Weather,VEHICLE,40-64,F,I
2013,Winter Weather,VEHICLE,0-17,F,I
2013,Winter Weather,VEHICLE,40-64,M,I
2013,Winter Weather,VEHICLE,18-39,F,I
2013,Winter Weather,OUTDOOR,40-64,M,I
2013,Winter Weather,VEHICLE,0-17,M,I
2013,Winter Weather,OTHER,40-64,F,I
2013,Winter Weather,VEHICLE,40-64,M,I
2013,Winter Weather,VEHICLE,18-39,M,I
2013,Winter Weather,VEHICLE,0-17,M,I
2013,Winter Weather,VEHICLE,unknown,M,I
2013,Winter Weather,VEHICLE,unknown,unknown,I
2013,Winter Weather,VEHICLE,18-39,F,I
2013,Winter Weather,OTHER,40-64,F,I
2013,Winter Weather,VEHICLE,18-39,F,I
2013,Winter Weather,VEHICLE,unknown,unknown,I
2014,Avalanche,OUTDOOR,18-39,M,D
2014,Avalanche,OUTDOOR,18-39,M,I
2014,Avalanche,OUTDOOR,unknown,M,D
2014,Avalanche,OUTDOOR,40-64,M,D
2014,Avalanche,OUTDOOR,18-39,M,D
2014,Avalanche,OUTDOOR,18-39,M,D
2014,Avalanche,OUTDOOR,unknown,M,D
2014,Avalanche,RES,65+,F,D
2014,Avalanche,OUTDOOR,unknown,unknown,D
2014,Avalanche,OUTDOOR,unknown,unknown,D
2014,Avalanche,OUTDOOR,unknown,unknown,D
2014,Avalanche,OUTDOOR,18-39,M,D
2014,Avalanche,OUTDOOR,18-39,F,D
2014,Avalanche,OUTDOOR,18-39,M,D
2014,Avalanche,OUTDOOR,40-64,M,D
2014,Avalanche,OUTDOOR,18-39,M,I
2014,Avalanche,OUTDOOR,18-39,M,D
2014,Avalanche,OUTDOOR,40-64,M,D
2014,Avalanche,OUTDOOR,18-39,M,D
2014,Avalanche,OUTDOOR,18-39,M,D
2014,Avalanche,OUTDOOR,40-64,M,D
2014,Avalanche,OUTDOOR,18-39,M,D
2014,Avalanche,OUTDOOR,18-39,M,D
2014,Blizzard,VEHICLE,18-39,F,I
2014,Blizzard,VEHICLE,40-64,M,I
2014,Blizzard,VEHICLE,40-64,M,I
2014,Blizzard,OUTDOOR,40-64,M,D
2014,Cold/Wind Chill,OTHER,40-64,M,D
2014,Cold/Wind Chill,RES,65+,F,D
2014,Cold/Wind Chill,OUTDOOR,65+,M,I
2014,Cold/Wind Chill,OUTDOOR,65+,M,I
2014,Cold/Wind Chill,VEHICLE,40-64,F,D
2014,Cold/Wind Chill,OUTDOOR,65+,M,D
2014,Cold/Wind Chill,OTHER,18-39,M,D
2014,Cold/Wind Chill,OUTDOOR,65+,F,D
2014,Cold/Wind Chill,OUTDOOR,65+,M,D
2014,Cold/Wind Chill,OUTDOOR,40-64,F,D
2014,Cold/Wind Chill,OTHER,65+,M,D
2014,Cold/Wind Chill,OUTDOOR,40-64,M,D
2014,Cold/Wind Chill,PUBLIC,65+,F,D
2014,Cold/Wind Chill,OUTDOOR,40-64,M,D
2014,Cold/Wind Chill,OUTDOOR,40-64,M,D
2014,Cold/Wind Chill,OTHER,40-64,M,D
2014,Cold/Wind Chill,OUTDOOR,65+,F,I
2014,Cold/Wind Chill,RES,40-64,F,D
2014,Cold/Wind Chill,RES,65+,M,D
2014,Cold/Wind Chill,OUTDOOR,40-64,F,D
2014,Cold/Wind Chill,OUTDOOR,40-64,F,D
2014,Cold/Wind Chill,OUTDOOR,65+,M,D
2014,Cold/Wind Chill,OUTDOOR,65+,F,I
2014,Cold/Wind Chill,OTHER,65+,M,D
2014,Cold/Wind Chill,OUTDOOR,40-64,M,D
2014,Cold/Wind Chill,OUTDOOR,18-39,M,D
2014,Cold/Wind Chill,RES,18-39,M,D
2014,Cold/Wind Chill,OUTDOOR,40-64,M,D
2014,Cold/Wind Chill,OUTDOOR,40-64,F,D
2014,Cold/Wind Chill,RES,65+,M,D
2014,Cold/Wind Chill,OUTDOOR,18-39,M,D
2014,Cold/Wind Chill,PUBLIC,40-64,M,D
2014,Cold/Wind Chill,OUTDOOR,65+,M,D
2014,Cold/Wind Chill,OUTDOOR,65+,M,D
2014,Cold/Wind Chill,RES,65+,F,D
2014,Cold/Wind Chill,OUTDOOR,65+,F,D
2014,Debris Flow,RES,40-64,M,D
2014,Debris Flow,OTHER,40-64,M,D
2014,Debris Flow,OTHER,18-39,F,D
2014,Debris Flow,OTHER,18-39,F,D
2014,Debris Flow,OTHER,40-64,F,D
2014,Debris Flow,OUTDOOR,40-64,M,D
2014,Debris Flow,OUTDOOR,18-39,M,D
2014,Debris Flow,OUTDOOR,40-64,M,D
2014,Debris Flow,OTHER,40-64,F,D
2014,Debris Flow,OTHER,65+,F,D
2014,Debris Flow,OTHER,65+,M,D
2014,Debris Flow,OTHER,65+,M,D
2014,Debris Flow,OTHER,18-39,M,D
2014,Debris Flow,OTHER,40-64,F,D
2014,Debris Flow,OTHER,18-39,M,D
2014,Debris Flow,OTHER,0-17,F,D
2014,Debris Flow,OTHER,40-64,M,D
2014,Debris Flow,OTHER,65+,M,D
2014,Debris Flow,OTHER,65+,F,D
2014,Debris Flow,OTHER,40-64,M,D
2014,Debris Flow,OTHER,40-64,F,D
2014,Debris Flow,OTHER,40-64,M,D
2014,Debris Flow,OTHER,65+,M,D
2014,Debris Flow,OTHER,40-64,F,D
2014,Debris Flow,OTHER,40-64,M,D
2014,Debris Flow,OTHER,0-17,F,D
2014,Debris Flow,OTHER,40-64,F,D
2014,Debris Flow,OTHER,18-39,F,D
2014,Debris Flow,OTHER,40-64,F,D
2014,Debris Flow,OTHER,40-64,M,D
2014,Debris Flow,OTHER,0-17,M,D
2014,Debris Flow,OTHER,40-64,F,D
2014,Debris Flow,OTHER,18-39,M,D
2014,Debris Flow,OTHER,40-64,M,D
2014,Debris Flow,OTHER,40-64,M,D
2014,Debris Flow,OTHER,40-64,F,D
2014,Debris Flow,OTHER,65+,M,D
2014,Debris Flow,OTHER,0-17,M,D
2014,Debris Flow,OTHER,65+,M,D
2014,Debris Flow,OTHER,0-17,M,D
2014,Debris Flow,OTHER,65+,F,D
2014,Debris Flow,OTHER,40-64,M,D
2014,Debris Flow,OTHER,40-64,M,D
2014,Debris Flow,OTHER,40-64,F,D
2014,Debris Flow,OTHER,0-17,F,D
2014,Debris Flow,OTHER,0-17,M,D
2014,Dense Fog,VEHICLE,40-64,F,I
2014,Dense Fog,OUTDOOR,18-39,M,I
2014,Dense Fog,OUTDOOR,40-64,M,I
2014,Dense Fog,OTHER,unknown,M,I
2014,Dense Fog,VEHICLE,40-64,M,I
2014,Dense Fog,VEHICLE,unknown,unknown,I
2014,Dust Devil,OUTDOOR,18-39,M,I
2014,Dust Storm,VEHICLE,unknown,unknown,I
2014,Dust Storm,VEHICLE,unknown,unknown,I
2014,Dust Storm,VEHICLE,unknown,unknown,I
2014,Excessive Heat,VEHICLE,0-17,F,D
2014,Excessive Heat,WATER,0-17,M,I
2014,Excessive Heat,WATER,40-64,M,I
2014,Excessive Heat,RES,65+,M,D
2014,Excessive Heat,VEHICLE,65+,F,D
2014,Excessive Heat,OUTDOOR,40-64,M,D
2014,Excessive Heat,RES,65+,F,D
2014,Extreme Cold/Wind Chill,RES,65+,F,D
2014,Extreme Cold/Wind Chill,OUTDOOR,40-64,M,D
2014,Extreme Cold/Wind Chill,RES,65+,M,D
2014,Extreme Cold/Wind Chill,OUTDOOR,40-64,M,D
2014,Extreme Cold/Wind Chill,OUTDOOR,65+,M,D
2014,Extreme Cold/Wind Chill,VEHICLE,65+,F,D
2014,Extreme Cold/Wind Chill,OUTDOOR,40-64,F,D
2014,Extreme Cold/Wind Chill,RES,40-64,M,D
2014,Extreme Cold/Wind Chill,OUTDOOR,65+,F,D
2014,Extreme Cold/Wind Chill,OUTDOOR,18-39,F,D
2014,Extreme Cold/Wind Chill,RES,65+,F,D
2014,Extreme Cold/Wind Chill,MH,unknown,F,I
2014,Flash Flood,VEHICLE,18-39,F,D
2014,Flash Flood,VEHICLE,40-64,F,D
2014,Flash Flood,VEHICLE,65+,F,D
2014,Flash Flood,OUTDOOR,18-39,F,D
2014,Flash Flood,OUTDOOR,18-39,M,D
2014,Flash Flood,VEHICLE,0-17,M,D
2014,Flash Flood,VEHICLE,18-39,F,D
2014,Flash Flood,VEHICLE,18-39,M,D
2014,Flash Flood,WATER,0-17,M,D
2014,Flash Flood,VEHICLE,18-39,M,D
2014,Flash Flood,VEHICLE,18-39,M,D
2014,Flash Flood,VEHICLE,65+,M,D
2014,Flash Flood,WATER,18-39,M,D
2014,Flash Flood,WATER,40-64,M,D
2014,Flash Flood,WATER,18-39,M,D
2014,Flash Flood,VEHICLE,18-39,M,I
2014,Flash Flood,VEHICLE,40-64,M,D
2014,Flash Flood,VEHICLE,18-39,F,D
2014,Flash Flood,OUTDOOR,18-39,M,D
2014,Flash Flood,VEHICLE,65+,M,D
2014,Flash Flood,OUTDOOR,18-39,M,D
2014,Flash Flood,VEHICLE,0-17,M,D
2014,Flash Flood,VEHICLE,40-64,F,D
2014,Flash Flood,OUTDOOR,65+,M,D
2014,Flash Flood,WATER,65+,F,D
2014,Flash Flood,OTHER,40-64,M,D
2014,Flash Flood,VEHICLE,65+,M,D
2014,Flash Flood,VEHICLE,40-64,F,D
2014,Flash Flood,VEHICLE,18-39,F,D
2014,Flash Flood,WATER,0-17,F,D
2014,Flash Flood,WATER,18-39,M,D
2014,Flash Flood,OUTDOOR,0-17,F,D
2014,Flash Flood,OUTDOOR,40-64,F,I
2014,Flash Flood,WATER,40-64,F,D
2014,Flood,WATER,65+,M,D
2014,Flood,OTHER,65+,M,D
2014,Flood,WATER,0-17,M,D
2014,Flood,WATER,40-64,M,D
2014,Flood,VEHICLE,0-17,M,D
2014,Flood,VEHICLE,18-39,F,D
2014,Flood,WATER,0-17,F,D
2014,Flood,WATER,18-39,F,D
2014,Flood,WATER,65+,M,D
2014,Freezing Fog,VEHICLE,18-39,M,D
2014,Freezing Fog,VEHICLE,18-39,F,I
2014,Frost/Freeze,VEHICLE,40-64,M,I
2014,Hail,OTHER,40-64,M,I
2014,Hail,OTHER,40-64,M,I
2014,Hail,OTHER,18-39,M,I
2014,Heat,OUTDOOR,40-64,F,D
2014,Heat,VEHICLE,0-17,F,D
2014,Heat,OUTDOOR,40-64,M,D
2014,Heat,OUTDOOR,40-64,M,D
2014,Heat,OUTDOOR,40-64,M,D
2014,Heat,VEHICLE,0-17,F,D
2014,Heat,PUBLIC,65+,M,D
2014,Heat,RES,65+,M,D
2014,Heat,VEHICLE,40-64,M,D
2014,Heat,RES,65+,M,D
2014,Heat,RES,65+,F,D
2014,Heat,PUBLIC,40-64,M,D
2014,Heat,OUTDOOR,65+,M,D
2014,Heat,OTHER,40-64,M,D
2014,Heat,OUTDOOR,40-64,M,D
2014,Heat,VEHICLE,0-17,F,I
2014,Heavy Rain,RES,18-39,M,D
2014,Heavy Rain,VEHICLE,40-64,F,I
2014,Heavy Rain,VEHICLE,65+,M,D
2014,Heavy Rain,OTHER,0-17,M,I
2014,Heavy Rain,OTHER,0-17,M,I
2014,Heavy Rain,VEHICLE,0-17,M,I
2014,Heavy Rain,OTHER,40-64,M,I
2014,Heavy Rain,VEHICLE,18-39,M,I
2014,Heavy Rain,VEHICLE,65+,F,I
2014,Heavy Rain,OTHER,40-64,M,I
2014,Heavy Rain,OTHER,40-64,F,I
2014,Heavy Rain,OUTDOOR,0-17,F,I
2014,Heavy Rain,VEHICLE,18-39,F,I
2014,Heavy Rain,VEHICLE,40-64,F,I
2014,Heavy Snow,OUTDOOR,65+,F,I
2014,Heavy Snow,PUBLIC,40-64,M,I
2014,Heavy Snow,OUTDOOR,65+,M,I
2014,Heavy Snow,OUTDOOR,65+,M,I
2014,Heavy Snow,VEHICLE,40-64,M,I
2014,Heavy Snow,OUTDOOR,65+,M,I
2014,High Surf,WATER,18-39,M,D
2014,High Surf,WATER,18-39,M,D
2014,High Surf,WATER,40-64,M,D
2014,High Surf,OTHER,40-64,M,D
2014,High Surf,OTHER,18-39,M,D
2014,High Surf,WATER,40-64,M,D
2014,High Surf,WATER,18-39,M,D
2014,High Wind,OUTDOOR,40-64,M,D
2014,High Wind,WATER,unknown,M,D
2014,High Wind,VEHICLE,0-17,M,D
2014,High Wind,OUTDOOR,0-17,M,I
2014,High Wind,OTHER,18-39,F,D
2014,High Wind,RES,18-39,M,D
2014,High Wind,VEHICLE,65+,F,D
2014,High Wind,VEHICLE,65+,M,D
2014,High Wind,RES,65+,M,D
2014,Ice Storm,MH,18-39,M,I
2014,Ice Storm,VEHICLE,18-39,M,I
2014,Ice Storm,VEHICLE,18-39,F,I
2014,Ice Storm,VEHICLE,unknown,F,I
2014,Ice Storm,OUTDOOR,40-64,M,I
2014,Ice Storm,VEHICLE,unknown,M,I
2014,Lake-Effect Snow,OUTDOOR,40-64,M,I
2014,Lake-Effect Snow,RES,40-64,F,I
2014,Lake-Effect Snow,OTHER,65+,M,I
2014,Lake-Effect Snow,OUTDOOR,18-39,M,I
2014,Lake-Effect Snow,VEHICLE,40-64,M,I
2014,Lake-Effect Snow,OUTDOOR,40-64,M,D
2014,Lake-Effect Snow,PUBLIC,65+,F,I
2014,Lake-Effect Snow,RES,65+,M,I
2014,Lake-Effect Snow,OUTDOOR,40-64,M,I
2014,Lake-Effect Snow,VEHICLE,40-64,M,I
2014,Lake-Effect Snow,OUTDOOR,40-64,M,I
2014,Lake-Effect Snow,RES,65+,M,I
2014,Lake-Effect Snow,OUTDOOR,65+,M,I
2014,Lightning,OTHER,18-39,M,D
2014,Lightning,OUTDOOR,18-39,M,D
2014,Lightning,OUTDOOR,18-39,F,D
2014,Lightning,PUBLIC,18-39,M,D
2014,Lightning,OUTDOOR,65+,M,D
2014,Lightning,OUTDOOR,18-39,M,D
2014,Lightning,OUTDOOR,0-17,M,D
2014,Lightning,OUTDOOR,0-17,M,D
2014,Lightning,OUTDOOR,0-17,M,D
2014,Lightning,WATER,18-39,M,D
2014,Lightning,OTHER,40-64,M,D
2014,Lightning,OUTDOOR,40-64,M,D
2014,Lightning,OUTDOOR,18-39,M,D
2014,Lightning,OUTDOOR,40-64,F,D
2014,Lightning,OUTDOOR,40-64,F,D
2014,Lightning,OUTDOOR,40-64,M,D
2014,Lightning,OUTDOOR,18-39,M,D
2014,Lightning,OUTDOOR,40-64,M,D
2014,Lightning,VEHICLE,40-64,M,D
2014,Lightning,OUTDOOR,65+,F,D
2014,Lightning,OTHER,40-64,M,D
2014,Lightning,OUTDOOR,40-64,F,D
2014,Lightning,VEHICLE,18-39,M,D
2014,Lightning,RES,65+,F,I
2014,Lightning,OUTDOOR,65+,M,D
2014,Lightning,OUTDOOR,40-64,M,D
2014,Lightning,OUTDOOR,40-64,M,D
2014,Rip Current,WATER,18-39,M,D
2014,Rip Current,WATER,0-17,F,D
2014,Rip Current,WATER,65+,M,D
2014,Rip Current,WATER,0-17,M,D
2014,Rip Current,WATER,40-64,F,D
2014,Rip Current,WATER,40-64,M,D
2014,Rip Current,WATER,18-39,M,D
2014,Rip Current,WATER,40-64,M,D
2014,Rip Current,WATER,40-64,M,D
2014,Rip Current,WATER,18-39,M,D
2014,Rip Current,WATER,unknown,M,D
2014,Rip Current,WATER,0-17,F,D
2014,Rip Current,WATER,18-39,M,D
2014,Rip Current,WATER,18-39,M,D
2014,Rip Current,WATER,18-39,M,D
2014,Rip Current,WATER,0-17,M,D
2014,Rip Current,WATER,18-39,M,D
2014,Rip Current,WATER,40-64,M,D
2014,Rip Current,WATER,0-17,M,D
2014,Rip Current,WATER,18-39,M,D
2014,Rip Current,WATER,18-39,M,D
2014,Rip Current,WATER,0-17,M,D
2014,Rip Current,WATER,40-64,M,D
2014,Rip Current,WATER,0-17,M,D
2014,Rip Current,WATER,18-39,M,D
2014,Rip Current,WATER,0-17,M,D
2014,Rip Current,WATER,18-39,M,D
2014,Rip Current,WATER,18-39,M,D
2014,Rip Current,WATER,18-39,M,D
2014,Rip Current,WATER,18-39,M,D
2014,Rip Current,WATER,18-39,M,D
2014,Rip Current,WATER,40-64,M,D
2014,Rip Current,WATER,18-39,M,D
2014,Rip Current,WATER,18-39,M,D
2014,Sneakerwave,WATER,65+,F,D
2014,Sneakerwave,WATER,18-39,M,D
2014,Sneakerwave,WATER,18-39,M,D
2014,Sneakerwave,WATER,65+,M,D
2014,Sneakerwave,WATER,40-64,M,D
2014,Strong Wind,WATER,18-39,M,D
2014,Strong Wind,WATER,40-64,M,I
2014,Strong Wind,VEHICLE,unknown,M,I
2014,Strong Wind,WATER,unknown,M,D
2014,Strong Wind,WATER,40-64,M,D
2014,Strong Wind,WATER,40-64,M,D
2014,Strong Wind,WATER,40-64,M,D
2014,Strong Wind,OUTDOOR,40-64,M,D
2014,Strong Wind,OTHER,unknown,unknown,D
2014,Strong Wind,OUTDOOR,40-64,M,I
2014,Strong Wind,VEHICLE,18-39,M,D
2014,Strong Wind,PUBLIC,40-64,M,I
2014,Strong Wind,PUBLIC,18-39,M,I
2014,Thunderstorm Wind,OUTDOOR,40-64,M,D
2014,Thunderstorm Wind,MH,40-64,M,D
2014,Thunderstorm Wind,OUTDOOR,unknown,M,D
2014,Thunderstorm Wind,RES,0-17,M,I
2014,Thunderstorm Wind,RES,0-17,M,I
2014,Thunderstorm Wind,OUTDOOR,40-64,M,D
2014,Thunderstorm Wind,OUTDOOR,18-39,F,D
2014,Thunderstorm Wind,OUTDOOR,0-17,M,D
2014,Thunderstorm Wind,VEHICLE,40-64,M,D
2014,Thunderstorm Wind,MH,unknown,unknown,D
2014,Thunderstorm Wind,OUTDOOR,40-64,F,D
2014,Thunderstorm Wind,VEHICLE,40-64,M,D
2014,Thunderstorm Wind,VEHICLE,18-39,F,D
2014,Thunderstorm Wind,OUTDOOR,unknown,M,D
2014,Thunderstorm Wind,VEHICLE,40-64,M,I
2014,Thunderstorm Wind,MH,unknown,unknown,D
2014,Thunderstorm Wind,WATER,40-64,M,D
2014,Thunderstorm Wind,OUTDOOR,40-64,F,D
2014,Thunderstorm Wind,OUTDOOR,40-64,M,I
2014,Thunderstorm Wind,OUTDOOR,40-64,F,D
2014,Thunderstorm Wind,OUTDOOR,40-64,M,D
2014,Thunderstorm Wind,RES,40-64,M,D
2014,Thunderstorm Wind,MH,0-17,M,D
2014,Thunderstorm Wind,PUBLIC,40-64,M,D
2014,Thunderstorm Wind,OTHER,unknown,M,D
2014,Thunderstorm Wind,MH,65+,M,D
2014,Thunderstorm Wind,OUTDOOR,40-64,F,D
2014,Thunderstorm Wind,RES,65+,M,D
2014,Thunderstorm Wind,RES,18-39,M,D
2014,Thunderstorm Wind,OUTDOOR,18-39,M,D
2014,Thunderstorm Wind,VEHICLE,18-39,M,D
2014,Thunderstorm Wind,MH,unknown,unknown,D
2014,Thunderstorm Wind,VEHICLE,65+,F,D
2014,Thunderstorm Wind,VEHICLE,40-64,M,I
2014,Tornado,RES,18-39,M,D
2014,Tornado,RES,0-17,F,D
2014,Tornado,OUTDOOR,40-64,F,D
2014,Tornado,MH,18-39,M,D
2014,Tornado,RES,65+,M,D
2014,Tornado,RES,40-64,M,D
2014,Tornado,OUTDOOR,40-64,F,D
2014,Tornado,PUBLIC,18-39,F,D
2014,Tornado,MH,65+,F,D
2014,Tornado,VEHICLE,65+,M,D
2014,Tornado,RES,40-64,F,D
2014,Tornado,RES,18-39,F,D
2014,Tornado,RES,40-64,M,D
2014,Tornado,MH,40-64,M,D
2014,Tornado,MH,40-64,F,D
2014,Tornado,RES,0-17,M,D
2014,Tornado,RES,0-17,M,D
2014,Tornado,RES,65+,F,D
2014,Tornado,MH,0-17,F,D
2014,Tornado,VEHICLE,65+,M,D
2014,Tornado,VEHICLE,18-39,F,I
2014,Tornado,RES,40-64,M,D
2014,Tornado,RES,40-64,F,D
2014,Tornado,VEHICLE,40-64,F,D
2014,Tornado,RES,40-64,M,D
2014,Tornado,RES,18-39,M,D
2014,Tornado,RES,18-39,M,D
2014,Tornado,VEHICLE,40-64,F,D
2014,Tornado,MH,40-64,F,D
2014,Tornado,MH,0-17,F,D
2014,Tornado,RES,0-17,M,D
2014,Tornado,VEHICLE,65+,M,D
2014,Tornado,MH,40-64,M,D
2014,Tornado,MH,40-64,F,D
2014,Tornado,MH,40-64,F,D
2014,Tornado,RES,0-17,M,D
2014,Tornado,RES,65+,F,D
2014,Tornado,RES,18-39,F,D
2014,Tornado,MH,18-39,M,D
2014,Tornado,RES,40-64,M,D
2014,Tornado,RES,40-64,F,D
2014,Tornado,RES,40-64,M,D
2014,Tornado,MH,0-17,F,D
2014,Tornado,MH,65+,F,D
2014,Tornado,MH,18-39,F,D
2014,Tornado,PUBLIC,40-64,F,D
2014,Tornado,RES,40-64,M,D
2014,Tornado,RES,40-64,M,D
2014,Tornado,MH,65+,F,I
2014,Wildfire,RES,40-64,M,D
2014,Wildfire,OTHER,40-64,M,I
2014,Wildfire,OUTDOOR,65+,M,I
2014,Wildfire,OTHER,unknown,unknown,I
2014,Wildfire,OUTDOOR,unknown,M,D
2014,Winter Storm,VEHICLE,40-64,F,I
2014,Winter Storm,VEHICLE,0-17,F,D
2014,Winter Storm,OUTDOOR,65+,M,I
2014,Winter Storm,VEHICLE,40-64,M,I
2014,Winter Storm,VEHICLE,65+,F,I
2014,Winter Storm,VEHICLE,unknown,F,D
2014,Winter Storm,OUTDOOR,65+,M,D
2014,Winter Storm,RES,65+,F,D
2014,Winter Storm,VEHICLE,40-64,M,I
2014,Winter Storm,VEHICLE,18-39,M,I
2014,Winter Storm,VEHICLE,65+,M,I
2014,Winter Storm,VEHICLE,18-39,F,I
2014,Winter Storm,VEHICLE,65+,F,D
2014,Winter Storm,VEHICLE,40-64,M,I
2014,Winter Storm,VEHICLE,65+,M,I
2014,Winter Storm,VEHICLE,18-39,F,I
2014,Winter Storm,VEHICLE,18-39,F,D
2014,Winter Storm,VEHICLE,unknown,unknown,I
2014,Winter Storm,VEHICLE,0-17,F,I
2014,Winter Storm,VEHICLE,40-64,M,I
2014,Winter Storm,VEHICLE,unknown,F,I
2014,Winter Storm,VEHICLE,unknown,F,I
2014,Winter Storm,VEHICLE,unknown,F,I
2014,Winter Storm,VEHICLE,unknown,F,I
2014,Winter Storm,VEHICLE,65+,M,I
2014,Winter Storm,VEHICLE,40-64,M,I
2014,Winter Storm,OUTDOOR,40-64,M,D
2014,Winter Storm,OUTDOOR,65+,M,D
2014,Winter Storm,VEHICLE,40-64,F,I
2014,Winter Storm,VEHICLE,18-39,M,I
2014,Winter Weather,VEHICLE,40-64,M,D
2014,Winter Weather,OTHER,unknown,unknown,D
2014,Winter Weather,OUTDOOR,40-64,M,I
2014,Winter Weather,VEHICLE,40-64,M,I
2014,Winter Weather,VEHICLE,18-39,F,I
2014,Winter Weather,VEHICLE,18-39,F,I
2014,Winter Weather,VEHICLE,40-64,M,I
2014,Winter Weather,VEHICLE,40-64,F,I
2014,Winter Weather,OUTDOOR,0-17,M,I
2014,Winter Weather,VEHICLE,40-64,F,I
2014,Winter Weather,VEHICLE,65+,F,D
2014,Winter Weather,VEHICLE,18-39,F,D
2014,Winter Weather,VEHICLE,40-64,M,I
2014,Winter Weather,WATER,0-17,M,I
2014,Winter Weather,WATER,0-17,F,I
2014,Winter Weather,VEHICLE,unknown,F,I
2014,Winter Weather,VEHICLE,unknown,F,I
2014,Winter Weather,OUTDOOR,40-64,M,I
2014,Winter Weather,VEHICLE,0-17,F,I
2014,Winter Weather,VEHICLE,unknown,F,I
2014,Winter Weather,OUTDOOR,unknown,unknown,I
2014,Winter Weather,VEHICLE,unknown,F,D
2014,Winter Weather,OUTDOOR,40-64,F,D
2014,Winter Weather,VEHICLE,0-17,M,I
2014,Winter Weather,VEHICLE,40-64,M,I
2014,Winter Weather,VEHICLE,65+,M,I
2014,Winter Weather,VEHICLE,40-64,M,I
2014,Winter Weather,OUTDOOR,18-39,M,I
2014,Winter Weather,VEHICLE,18-39,F,D
2014,Winter Weather,OUTDOOR,40-64,M,I
2014,Winter Weather,VEHICLE,18-39,F,I
2014,Winter Weather,VEHICLE,0-17,F,I
2014,Winter Weather,VEHICLE,0-17,M,I
2014,Winter Weather,VEHICLE,unknown,F,I
2014,Winter Weather,VEHICLE,40-64,M,I
2014,Winter Weather,OUTDOOR,unknown,F,I
2014,Winter Weather,VEHICLE,65+,M,I
2014,Winter Weather,VEHICLE,0-17,M,D
2014,Winter Weather,VEHICLE,unknown,M,I
2014,Winter Weather,VEHICLE,18-39,M,I
2014,Winter Weather,VEHICLE,18-39,M,I
2014,Winter Weather,VEHICLE,40-64,F,I
2014,Winter Weather,VEHICLE,0-17,F,I
2014,Winter Weather,VEHICLE,18-39,F,I
2014,Winter Weather,OTHER,unknown,unknown,D
2014,Winter Weather,VEHICLE,unknown,M,I
2014,Winter Weather,OTHER,unknown,unknown,D
2014,Winter Weather,OUTDOOR,40-64,M,I
2014,Winter Weather,VEHICLE,0-17,F,I
2014,Winter Weather,VEHICLE,40-64,M,I
2014,Winter Weather,VEHICLE,40-64,M,I
2014,Winter Weather,VEHICLE,0-17,F,I
2014,Winter Weather,VEHICLE,40-64,F,I
2014,Winter Weather,OUTDOOR,65+,M,I
2014,Winter Weather,VEHICLE,18-39,F,I
2014,Winter Weather,VEHICLE,65+,M,I
2014,Winter Weather,VEHICLE,18-39,F,I
2014,Winter Weather,VEHICLE,18-39,M,I
2014,Winter Weather,VEHICLE,18-39,M,I
2014,Winter Weather,VEHICLE,0-17,F,I
2014,Winter Weather,VEHICLE,0-17,M,I
2014,Winter Weather,OUTDOOR,65+,F,I
2014,Winter Weather,VEHICLE,18-39,F,I
2014,Winter Weather,VEHICLE,40-64,F,I
2014,Winter Weather,VEHICLE,0-17,M,I
2014,Winter Weather,VEHICLE,40-64,M,I
2014,Winter Weather,VEHICLE,40-64,F,I
2014,Winter Weather,VEHICLE,unknown,unknown,I
2014,Winter Weather,VEHICLE,18-39,F,I
2014,Winter Weather,VEHICLE,18-39,M,I
2014,Winter Weather,VEHICLE,40-64,M,I
2014,Winter Weather,VEHICLE,40-64,M,I
2014,Winter Weather,OTHER,40-64,M,D
2014,Winter Weather,VEHICLE,unknown,M,I
2015,Avalanche,OUTDOOR,18-39,F,D
2015,Avalanche,OUTDOOR,unknown,M,D
2015,Avalanche,OUTDOOR,18-39,M,D
2015,Avalanche,OUTDOOR,40-64,M,D
2015,Avalanche,OUTDOOR,18-39,M,D
2015,Avalanche,OUTDOOR,40-64,M,D
2015,Avalanche,OUTDOOR,18-39,M,D
2015,Avalanche,OUTDOOR,18-39,M,D
2015,Blizzard,OUTDOOR,40-64,M,D
2015,Blizzard,OTHER,unknown,unknown,D
2015,Blizzard,OUTDOOR,65+,F,D
2015,Blizzard,OUTDOOR,65+,M,I
2015,Cold/Wind Chill,OUTDOOR,40-64,F,D
2015,Cold/Wind Chill,OUTDOOR,unknown,M,D
2015,Cold/Wind Chill,OTHER,40-64,M,D
2015,Cold/Wind Chill,OTHER,40-64,M,D
2015,Cold/Wind Chill,OUTDOOR,65+,M,D
2015,Cold/Wind Chill,OUTDOOR,40-64,F,D
2015,Cold/Wind Chill,OUTDOOR,65+,M,D
2015,Cold/Wind Chill,OUTDOOR,65+,F,D
2015,Cold/Wind Chill,RES,40-64,M,D
2015,Cold/Wind Chill,RES,65+,M,D
2015,Cold/Wind Chill,OUTDOOR,65+,F,D
2015,Cold/Wind Chill,OUTDOOR,0-17,F,D
2015,Cold/Wind Chill,OUTDOOR,65+,F,D
2015,Cold/Wind Chill,OUTDOOR,18-39,M,D
2015,Cold/Wind Chill,RES,65+,M,D
2015,Cold/Wind Chill,OUTDOOR,unknown,M,D
2015,Cold/Wind Chill,OUTDOOR,18-39,M,D
2015,Cold/Wind Chill,OUTDOOR,65+,F,D
2015,Cold/Wind Chill,OUTDOOR,65+,F,D
2015,Cold/Wind Chill,OTHER,40-64,M,D
2015,Cold/Wind Chill,OUTDOOR,65+,M,D
2015,Cold/Wind Chill,OUTDOOR,40-64,M,D
2015,Cold/Wind Chill,OUTDOOR,40-64,M,D
2015,Cold/Wind Chill,OUTDOOR,65+,M,D
2015,Cold/Wind Chill,OUTDOOR,65+,F,D
2015,Cold/Wind Chill,RES,unknown,M,D
2015,Cold/Wind Chill,OUTDOOR,65+,F,D
2015,Cold/Wind Chill,MH,65+,M,D
2015,Cold/Wind Chill,OTHER,65+,M,D
2015,Cold/Wind Chill,OUTDOOR,65+,M,D
2015,Cold/Wind Chill,OUTDOOR,18-39,F,D
2015,Cold/Wind Chill,WATER,18-39,F,D
2015,Cold/Wind Chill,MH,40-64,M,D
2015,Cold/Wind Chill,OUTDOOR,40-64,M,D
2015,Cold/Wind Chill,OUTDOOR,0-17,F,D
2015,Cold/Wind Chill,OUTDOOR,18-39,F,D
2015,Cold/Wind Chill,PUBLIC,65+,M,D
2015,Cold/Wind Chill,OUTDOOR,65+,F,D
2015,Cold/Wind Chill,OUTDOOR,unknown,M,D
2015,Cold/Wind Chill,OUTDOOR,65+,M,D
2015,Cold/Wind Chill,OUTDOOR,65+,F,D
2015,Cold/Wind Chill,OUTDOOR,40-64,M,D
2015,Cold/Wind Chill,OUTDOOR,65+,F,D
2015,Cold/Wind Chill,PUBLIC,18-39,F,D
2015,Cold/Wind Chill,OUTDOOR,65+,M,D
2015,Cold/Wind Chill,PUBLIC,65+,F,D
2015,Cold/Wind Chill,RES,65+,M,D
2015,Cold/Wind Chill,RES,40-64,M,D
2015,Cold/Wind Chill,RES,18-39,M,D
2015,Cold/Wind Chill,OUTDOOR,40-64,M,D
2015,Cold/Wind Chill,OTHER,40-64,M,D
2015,Debris Flow,VEHICLE,65+,F,D
2015,Debris Flow,OTHER,18-39,M,D
2015,Debris Flow,OTHER,18-39,M,D
2015,Debris Flow,OTHER,40-64,M,D
2015,Dense Fog,OTHER,unknown,M,I
2015,Dense Fog,OTHER,unknown,M,I
2015,Dense Fog,VEHICLE,40-64,M,I
2015,Dense Fog,VEHICLE,18-39,F,I
2015,Dense Fog,VEHICLE,18-39,M,I
2015,Dense Fog,OUTDOOR,40-64,M,I
2015,Dense Fog,VEHICLE,65+,M,I
2015,Dense Fog,VEHICLE,18-39,M,I
2015,Dense Fog,OUTDOOR,unknown,unknown,I
2015,Dense Fog,OUTDOOR,unknown,unknown,I
2015,Dense Fog,OTHER,unknown,M,I
2015,Dense Fog,OTHER,unknown,M,I
2015,Dense Fog,OTHER,unknown,M,I
2015,Dense Fog,OTHER,unknown,M,I
2015,Dense Fog,VEHICLE,unknown,M,I
2015,Dense Fog,VEHICLE,0-17,M,I
2015,Dense Fog,VEHICLE,0-17,F,I
2015,Dense Fog,VEHICLE,40-64,F,I
2015,Dense Fog,VEHICLE,18-39,F,I
2015,Dense Smoke,OTHER,unknown,unknown,I
2015,Dust Storm,VEHICLE,unknown,unknown,D
2015,Dust Storm,OTHER,unknown,unknown,I
2015,Dust Storm,VEHICLE,40-64,M,D
2015,Excessive Heat,VEHICLE,65+,M,D
2015,Excessive Heat,PUBLIC,40-64,M,I
2015,Excessive Heat,OTHER,40-64,M,D
2015,Excessive Heat,RES,65+,F,D
2015,Excessive Heat,PUBLIC,18-39,M,I
2015,Excessive Heat,WATER,18-39,M,I
2015,Excessive Heat,WATER,40-64,M,I
2015,Excessive Heat,RES,65+,F,D
2015,Excessive Heat,VEHICLE,0-17,F,D
2015,Excessive Heat,WATER,18-39,M,I
2015,Excessive Heat,VEHICLE,0-17,M,D
2015,Excessive Heat,OTHER,18-39,M,D
2015,Excessive Heat,RES,65+,M,D
2015,Excessive Heat,RES,40-64,M,I
2015,Excessive Heat,RES,65+,F,D
2015,Excessive Heat,VEHICLE,0-17,M,D
2015,Excessive Heat,PUBLIC,65+,F,D
2015,Extreme Cold/Wind Chill,OUTDOOR,18-39,F,I
2015,Extreme Cold/Wind Chill,OUTDOOR,18-39,M,I
2015,Extreme Cold/Wind Chill,OUTDOOR,65+,F,I
2015,Extreme Cold/Wind Chill,OUTDOOR,unknown,M,D
2015,Extreme Cold/Wind Chill,OUTDOOR,65+,M,D
2015,Flash Flood,VEHICLE,18-39,M,D
2015,Flash Flood,VEHICLE,18-39,F,D
2015,Flash Flood,OUTDOOR,40-64,F,D
2015,Flash Flood,VEHICLE,40-64,F,D
2015,Flash Flood,WATER,0-17,M,D
2015,Flash Flood,VEHICLE,65+,F,D
2015,Flash Flood,VEHICLE,18-39,M,D
2015,Flash Flood,WATER,18-39,F,D
2015,Flash Flood,VEHICLE,unknown,M,D
2015,Flash Flood,OUTDOOR,0-17,M,D
2015,Flash Flood,RES,65+,M,D
2015,Flash Flood,VEHICLE,40-64,M,D
2015,Flash Flood,MH,18-39,M,D
2015,Flash Flood,OUTDOOR,0-17,M,D
2015,Flash Flood,WATER,18-39,M,D
2015,Flash Flood,MH,65+,F,D
2015,Flash Flood,WATER,40-64,F,D
2015,Flash Flood,WATER,18-39,M,D
2015,Flash Flood,PUBLIC,18-39,F,I
2015,Flash Flood,PUBLIC,0-17,F,I
2015,Flash Flood,RES,0-17,F,D
2015,Flash Flood,RES,65+,M,D
2015,Flash Flood,RES,65+,F,D
2015,Flash Flood,RES,40-64,F,D
2015,Flash Flood,RES,40-64,M,D
2015,Flash Flood,RES,18-39,F,D
2015,Flash Flood,WATER,unknown,M,D
2015,Flash Flood,RES,0-17,M,D
2015,Flash Flood,VEHICLE,18-39,F,D
2015,Flash Flood,VEHICLE,40-64,M,D
2015,Flash Flood,VEHICLE,40-64,M,D
2015,Flash Flood,VEHICLE,18-39,M,D
2015,Flash Flood,VEHICLE,unknown,M,D
2015,Flash Flood,VEHICLE,40-64,M,D
2015,Flash Flood,VEHICLE,18-39,M,D
2015,Flash Flood,OUTDOOR,40-64,M,D
2015,Flash Flood,WATER,18-39,M,D
2015,Flash Flood,OUTDOOR,40-64,M,D
2015,Flash Flood,OUTDOOR,40-64,F,D
2015,Flash Flood,OUTDOOR,40-64,F,D
2015,Flash Flood,OUTDOOR,40-64,M,D
2015,Flash Flood,OUTDOOR,40-64,F,D
2015,Flash Flood,VEHICLE,40-64,M,D
2015,Flash Flood,OUTDOOR,40-64,M,D
2015,Flash Flood,WATER,18-39,M,D
2015,Flash Flood,VEHICLE,0-17,unknown,D
2015,Flash Flood,VEHICLE,0-17,unknown,D
2015,Flash Flood,VEHICLE,0-17,M,D
2015,Flash Flood,VEHICLE,18-39,M,D
2015,Flash Flood,VEHICLE,40-64,M,I
2015,Flash Flood,VEHICLE,0-17,F,D
2015,Flash Flood,VEHICLE,18-39,M,D
2015,Flash Flood,VEHICLE,18-39,M,D
2015,Flash Flood,VEHICLE,18-39,M,D
2015,Flash Flood,VEHICLE,18-39,M,D
2015,Flash Flood,VEHICLE,40-64,F,D
2015,Flash Flood,RES,0-17,M,D
2015,Flash Flood,VEHICLE,0-17,F,D
2015,Flash Flood,VEHICLE,0-17,F,D
2015,Flash Flood,VEHICLE,0-17,F,D
2015,Flash Flood,VEHICLE,0-17,F,D
2015,Flash Flood,VEHICLE,0-17,F,D
2015,Flash Flood,VEHICLE,0-17,M,D
2015,Flash Flood,VEHICLE,40-64,M,D
2015,Flash Flood,VEHICLE,18-39,M,D
2015,Flash Flood,VEHICLE,40-64,F,D
2015,Flash Flood,VEHICLE,40-64,M,D
2015,Flash Flood,WATER,40-64,M,D
2015,Flash Flood,VEHICLE,65+,F,D
2015,Flash Flood,VEHICLE,18-39,M,D
2015,Flash Flood,VEHICLE,40-64,F,D
2015,Flash Flood,OUTDOOR,65+,M,I
2015,Flash Flood,VEHICLE,0-17,M,D
2015,Flash Flood,VEHICLE,40-64,M,D
2015,Flash Flood,WATER,40-64,M,D
2015,Flash Flood,WATER,65+,M,D
2015,Flash Flood,VEHICLE,18-39,M,D
2015,Flash Flood,WATER,65+,F,D
2015,Flash Flood,WATER,18-39,M,D
2015,Flash Flood,VEHICLE,65+,F,D
2015,Flash Flood,VEHICLE,18-39,F,D
2015,Flash Flood,WATER,18-39,F,I
2015,Flash Flood,OUTDOOR,0-17,M,D
2015,Flash Flood,VEHICLE,65+,M,D
2015,Flash Flood,VEHICLE,0-17,F,I
2015,Flash Flood,VEHICLE,18-39,M,I
2015,Flash Flood,OTHER,18-39,M,D
2015,Flash Flood,WATER,40-64,F,D
2015,Flash Flood,MH,0-17,F,D
2015,Flash Flood,OTHER,18-39,M,D
2015,Flash Flood,MH,0-17,M,D
2015,Flash Flood,MH,18-39,F,D
2015,Flash Flood,OTHER,40-64,M,D
2015,Flash Flood,OTHER,40-64,M,D
2015,Flash Flood,VEHICLE,18-39,F,D
2015,Flash Flood,WATER,65+,F,D
2015,Flash Flood,VEHICLE,18-39,F,D
2015,Flash Flood,VEHICLE,18-39,M,I
2015,Flash Flood,VEHICLE,40-64,M,D
2015,Flash Flood,OUTDOOR,unknown,M,D
2015,Flash Flood,VEHICLE,0-17,M,D
2015,Flash Flood,OTHER,65+,M,D
2015,Flash Flood,VEHICLE,0-17,F,D
2015,Flash Flood,VEHICLE,18-39,M,D
2015,Flash Flood,VEHICLE,unknown,unknown,D
2015,Flash Flood,OUTDOOR,40-64,F,D
2015,Flash Flood,OUTDOOR,unknown,F,D
2015,Flash Flood,VEHICLE,40-64,F,D
2015,Flash Flood,VEHICLE,40-64,F,D
2015,Flash Flood,WATER,40-64,M,D
2015,Flash Flood,VEHICLE,18-39,M,D
2015,Flash Flood,OUTDOOR,18-39,F,D
2015,Flash Flood,VEHICLE,18-39,F,D
2015,Flash Flood,VEHICLE,40-64,M,D
2015,Flash Flood,WATER,0-17,M,D
2015,Flash Flood,RES,65+,F,D
2015,Flash Flood,OUTDOOR,40-64,M,D
2015,Flash Flood,VEHICLE,40-64,M,D
2015,Flash Flood,VEHICLE,18-39,F,D
2015,Flash Flood,VEHICLE,40-64,F,D
2015,Flash Flood,VEHICLE,18-39,F,D
2015,Flash Flood,VEHICLE,18-39,M,D
2015,Flash Flood,WATER,40-64,M,I
2015,Flash Flood,VEHICLE,40-64,M,D
2015,Flash Flood,OTHER,40-64,F,D
2015,Flash Flood,VEHICLE,18-39,M,D
2015,Flash Flood,OUTDOOR,unknown,M,D
2015,Flash Flood,VEHICLE,40-64,M,D
2015,Flash Flood,VEHICLE,40-64,M,D
2015,Flash Flood,VEHICLE,40-64,M,D
2015,Flash Flood,VEHICLE,65+,M,D
2015,Flash Flood,VEHICLE,40-64,M,D
2015,Flash Flood,VEHICLE,40-64,M,D
2015,Flash Flood,VEHICLE,40-64,M,D
2015,Flash Flood,VEHICLE,40-64,M,D
2015,Flash Flood,VEHICLE,18-39,F,D
2015,Flash Flood,VEHICLE,18-39,M,D
2015,Flash Flood,VEHICLE,40-64,M,D
2015,Flash Flood,VEHICLE,40-64,M,D
2015,Flash Flood,VEHICLE,40-64,M,D
2015,Flash Flood,VEHICLE,0-17,M,D
2015,Flash Flood,VEHICLE,40-64,M,D
2015,Flash Flood,VEHICLE,0-17,M,D
2015,Flash Flood,VEHICLE,0-17,F,D
2015,Flash Flood,VEHICLE,18-39,F,D
2015,Flash Flood,VEHICLE,18-39,M,D
2015,Flash Flood,VEHICLE,18-39,M,D
2015,Flash Flood,OUTDOOR,0-17,M,I
2015,Flash Flood,VEHICLE,40-64,F,D
2015,Flash Flood,WATER,40-64,M,D
2015,Flash Flood,VEHICLE,65+,M,D
2015,Flood,WATER,18-39,M,D
2015,Flood,VEHICLE,18-39,M,D
2015,Flood,VEHICLE,40-64,M,D
2015,Flood,VEHICLE,40-64,M,D
2015,Flood,WATER,18-39,M,D
2015,Flood,VEHICLE,65+,M,D
2015,Flood,WATER,40-64,M,D
2015,Flood,VEHICLE,40-64,F,D
2015,Flood,WATER,18-39,M,D
2015,Flood,VEHICLE,40-64,M,D
2015,Flood,VEHICLE,18-39,M,D
2015,Flood,VEHICLE,18-39,M,D
2015,Flood,VEHICLE,18-39,M,D
2015,Flood,VEHICLE,40-64,M,D
2015,Flood,VEHICLE,18-39,M,D
2015,Flood,VEHICLE,65+,F,D
2015,Flood,VEHICLE,65+,M,D
2015,Flood,WATER,40-64,M,D
2015,Flood,VEHICLE,0-17,M,D
2015,Flood,VEHICLE,18-39,M,D
2015,Flood,WATER,65+,M,I
2015,Flood,VEHICLE,65+,M,D
2015,Flood,VEHICLE,unknown,unknown,I
2015,Flood,OUTDOOR,65+,M,D
2015,Flood,VEHICLE,65+,M,D
2015,Flood,VEHICLE,65+,F,D
2015,Flood,WATER,18-39,M,D
2015,Flood,VEHICLE,0-17,F,D
2015,Flood,VEHICLE,40-64,F,D
2015,Flood,VEHICLE,40-64,M,D
2015,Flood,VEHICLE,40-64,M,D
2015,Flood,OUTDOOR,40-64,M,D
2015,Flood,RES,65+,F,D
2015,Flood,VEHICLE,65+,F,D
2015,Flood,VEHICLE,65+,F,D
2015,Flood,VEHICLE,40-64,M,D
2015,Flood,VEHICLE,40-64,F,D
2015,Flood,VEHICLE,18-39,M,D
2015,Flood,VEHICLE,40-64,M,D
2015,Flood,VEHICLE,18-39,M,D
2015,Flood,VEHICLE,40-64,F,D
2015,Flood,VEHICLE,40-64,M,D
2015,Flood,VEHICLE,40-64,F,D
2015,Flood,VEHICLE,18-39,M,D
2015,Flood,VEHICLE,18-39,M,D
2015,Flood,WATER,18-39,M,D
2015,Flood,VEHICLE,40-64,M,D
2015,Flood,VEHICLE,40-64,M,D
2015,Flood,WATER,18-39,M,D
2015,Flood,VEHICLE,18-39,M,D
2015,Heat,RES,65+,M,D
2015,Heat,RES,40-64,M,D
2015,Heat,RES,40-64,M,D
2015,Heat,OUTDOOR,40-64,M,D
2015,Heat,OUTDOOR,40-64,M,I
2015,Heat,PUBLIC,65+,M,I
2015,Heat,OUTDOOR,65+,M,I
2015,Heat,WATER,18-39,M,I
2015,Heat,VEHICLE,0-17,F,I
2015,Heat,OUTDOOR,65+,M,I
2015,Heat,OUTDOOR,65+,M,D
2015,Heat,RES,65+,M,D
2015,Heat,OUTDOOR,65+,M,D
2015,Heat,OUTDOOR,40-64,M,D
2015,Heat,RES,40-64,F,D
2015,Heat,VEHICLE,40-64,M,D
2015,Heat,OUTDOOR,65+,F,D
2015,Heat,RES,65+,M,D
2015,Heat,OUTDOOR,65+,M,D
2015,Heat,VEHICLE,65+,M,D
2015,Heat,VEHICLE,65+,F,D
2015,Heat,VEHICLE,0-17,M,D
2015,Heat,PUBLIC,40-64,F,D
2015,Heat,OUTDOOR,40-64,F,D
2015,Heat,PUBLIC,18-39,M,I
2015,Heat,OTHER,40-64,M,D
2015,Heat,VEHICLE,0-17,M,I
2015,Heat,RES,65+,F,D
2015,Heat,PUBLIC,18-39,M,I
2015,Heat,OTHER,65+,F,D
2015,Heat,RES,40-64,M,D
2015,Heat,OUTDOOR,40-64,M,D
2015,Heat,OUTDOOR,18-39,M,D
2015,Heat,RES,65+,M,D
2015,Heat,VEHICLE,0-17,M,D
2015,Heat,OTHER,40-64,M,I
2015,Heat,WATER,0-17,M,I
2015,Heat,WATER,18-39,M,D
2015,Heat,OTHER,65+,M,D
2015,Heat,OTHER,40-64,M,I
2015,Heat,OUTDOOR,0-17,M,D
2015,Heat,PUBLIC,40-64,M,D
2015,Heat,RES,65+,F,D
2015,Heat,RES,40-64,M,D
2015,Heat,VEHICLE,0-17,M,I
2015,Heavy Rain,VEHICLE,unknown,F,I
2015,Heavy Rain,VEHICLE,unknown,M,I
2015,Heavy Rain,WATER,0-17,M,D
2015,Heavy Rain,OUTDOOR,40-64,M,D
2015,Heavy Rain,VEHICLE,unknown,M,I
2015,Heavy Rain,VEHICLE,unknown,M,I
2015,Heavy Rain,VEHICLE,unknown,unknown,I
2015,Heavy Rain,VEHICLE,40-64,F,D
2015,Heavy Rain,VEHICLE,18-39,M,I
2015,Heavy Rain,RES,65+,F,D
2015,Heavy Rain,OUTDOOR,18-39,M,I
2015,Heavy Rain,OUTDOOR,18-39,F,D
2015,Heavy Rain,WATER,0-17,M,D
2015,Heavy Rain,OUTDOOR,40-64,M,D
2015,Heavy Rain,OUTDOOR,40-64,M,D
2015,Heavy Snow,VEHICLE,18-39,M,I
2015,Heavy Snow,OUTDOOR,unknown,unknown,I
2015,Heavy Snow,VEHICLE,40-64,M,I
2015,Heavy Snow,OUTDOOR,40-64,M,I
2015,Heavy Snow,OUTDOOR,40-64,F,I
2015,Heavy Snow,OUTDOOR,40-64,M,I
2015,Heavy Snow,VEHICLE,18-39,M,I
2015,Heavy Snow,OUTDOOR,unknown,M,I
2015,Heavy Snow,VEHICLE,40-64,M,I
2015,Heavy Snow,OUTDOOR,unknown,M,I
2015,High Surf,WATER,18-39,M,D
2015,High Surf,WATER,40-64,M,D
2015,High Surf,WATER,18-39,M,D
2015,High Surf,WATER,18-39,M,I
2015,High Surf,WATER,18-39,M,D
2015,High Surf,WATER,40-64,M,D
2015,High Surf,WATER,40-64,M,D
2015,High Wind,RES,65+,M,I
2015,High Wind,RES,65+,M,I
2015,High Wind,PUBLIC,unknown,M,I
2015,High Wind,VEHICLE,65+,M,D
2015,High Wind,OUTDOOR,40-64,F,D
2015,High Wind,RES,65+,F,I
2015,High Wind,RES,65+,M,I
2015,High Wind,OUTDOOR,65+,F,D
2015,Ice Storm,RES,65+,F,I
2015,Ice Storm,OTHER,unknown,unknown,I
2015,Ice Storm,VEHICLE,40-64,M,I
2015,Ice Storm,OUTDOOR,65+,F,I
2015,Ice Storm,WATER,18-39,M,I
2015,Ice Storm,WATER,18-39,M,I
2015,Ice Storm,OUTDOOR,18-39,F,I
2015,Ice Storm,VEHICLE,unknown,unknown,I
2015,Ice Storm,RES,65+,M,I
2015,Ice Storm,VEHICLE,unknown,unknown,I
2015,Ice Storm,VEHICLE,unknown,unknown,I
2015,Lightning,VEHICLE,40-64,F,D
2015,Lightning,PUBLIC,18-39,M,D
2015,Lightning,OUTDOOR,18-39,M,D
2015,Lightning,OUTDOOR,18-39,F,D
2015,Lightning,OUTDOOR,40-64,F,D
2015,Lightning,OUTDOOR,40-64,F,D
2015,Lightning,OUTDOOR,65+,M,D
2015,Lightning,OUTDOOR,40-64,M,D
2015,Lightning,OUTDOOR,18-39,M,D
2015,Lightning,OUTDOOR,18-39,M,D
2015,Lightning,OUTDOOR,40-64,F,D
2015,Lightning,OUTDOOR,18-39,M,D
2015,Lightning,VEHICLE,40-64,F,D
2015,Lightning,OUTDOOR,65+,F,D
2015,Lightning,OTHER,18-39,M,D
2015,Lightning,OUTDOOR,40-64,F,D
2015,Lightning,OUTDOOR,40-64,M,D
2015,Lightning,OUTDOOR,0-17,M,D
2015,Lightning,OUTDOOR,18-39,M,D
2015,Lightning,VEHICLE,18-39,M,D
2015,Lightning,OUTDOOR,0-17,F,D
2015,Lightning,OTHER,40-64,F,D
2015,Lightning,OUTDOOR,40-64,M,D
2015,Lightning,OUTDOOR,18-39,F,D
2015,Lightning,WATER,18-39,M,D
2015,Lightning,OUTDOOR,18-39,M,D
2015,Lightning,RES,40-64,M,D
2015,Lightning,OUTDOOR,40-64,F,D
2015,Rip Current,WATER,0-17,M,D
2015,Rip Current,WATER,18-39,M,D
2015,Rip Current,WATER,0-17,M,D
2015,Rip Current,WATER,18-39,M,D
2015,Rip Current,WATER,18-39,M,D
2015,Rip Current,WATER,18-39,M,D
2015,Rip Current,WATER,0-17,M,D
2015,Rip Current,WATER,18-39,M,D
2015,Rip Current,WATER,40-64,M,D
2015,Rip Current,WATER,0-17,M,D
2015,Rip Current,WATER,40-64,M,D
2015,Rip Current,WATER,18-39,M,D
2015,Rip Current,WATER,unknown,M,D
2015,Rip Current,WATER,40-64,F,D
2015,Rip Current,WATER,40-64,M,D
2015,Rip Current,WATER,unknown,M,D
2015,Rip Current,WATER,18-39,M,D
2015,Rip Current,WATER,40-64,M,D
2015,Rip Current,WATER,18-39,M,D
2015,Rip Current,OUTDOOR,18-39,M,D
2015,Rip Current,WATER,18-39,M,D
2015,Rip Current,WATER,0-17,M,D
2015,Rip Current,WATER,0-17,M,D
2015,Rip Current,WATER,18-39,F,D
2015,Rip Current,WATER,0-17,M,D
2015,Rip Current,OTHER,unknown,unknown,D
2015,Rip Current,WATER,18-39,F,D
2015,Rip Current,WATER,18-39,M,D
2015,Rip Current,WATER,40-64,F,D
2015,Rip Current,WATER,0-17,M,D
2015,Rip Current,WATER,40-64,M,D
2015,Rip Current,WATER,18-39,M,D
2015,Rip Current,WATER,18-39,M,D
2015,Rip Current,WATER,40-64,M,D
2015,Sneakerwave,WATER,40-64,F,D
2015,Strong Wind,VEHICLE,18-39,M,D
2015,Strong Wind,WATER,18-39,F,D
2015,Strong Wind,MH,18-39,M,D
2015,Strong Wind,VEHICLE,18-39,M,D
2015,Strong Wind,OUTDOOR,0-17,F,D
2015,Strong Wind,OUTDOOR,18-39,M,D
2015,Strong Wind,OUTDOOR,0-17,F,D
2015,Strong Wind,OTHER,0-17,M,D
2015,Strong Wind,OTHER,unknown,M,D
2015,Strong Wind,WATER,65+,M,D
2015,Strong Wind,RES,40-64,F,D
2015,Strong Wind,VEHICLE,40-64,M,D
2015,Strong Wind,OTHER,0-17,M,D
2015,Strong Wind,OUTDOOR,40-64,F,D
2015,Strong Wind,VEHICLE,unknown,M,I
2015,Thunderstorm Wind,WATER,0-17,F,D
2015,Thunderstorm Wind,OUTDOOR,18-39,F,D
2015,Thunderstorm Wind,VEHICLE,18-39,M,D
2015,Thunderstorm Wind,OUTDOOR,0-17,F,D
2015,Thunderstorm Wind,MH,18-39,F,D
2015,Thunderstorm Wind,MH,40-64,M,D
2015,Thunderstorm Wind,VEHICLE,65+,M,I
2015,Thunderstorm Wind,MH,18-39,F,D
2015,Thunderstorm Wind,RES,65+,M,I
2015,Thunderstorm Wind,WATER,18-39,M,D
2015,Thunderstorm Wind,OUTDOOR,65+,F,D
2015,Thunderstorm Wind,OUTDOOR,unknown,M,D
2015,Thunderstorm Wind,VEHICLE,0-17,F,D
2015,Thunderstorm Wind,OUTDOOR,0-17,M,D
2015,Thunderstorm Wind,VEHICLE,40-64,F,D
2015,Thunderstorm Wind,OTHER,18-39,M,D
2015,Thunderstorm Wind,OTHER,0-17,M,D
2015,Thunderstorm Wind,OTHER,40-64,M,D
2015,Thunderstorm Wind,MH,65+,M,D
2015,Thunderstorm Wind,MH,unknown,M,D
2015,Thunderstorm Wind,OUTDOOR,40-64,F,D
2015,Thunderstorm Wind,OTHER,unknown,M,D
2015,Thunderstorm Wind,OTHER,0-17,F,D
2015,Thunderstorm Wind,VEHICLE,40-64,F,D
2015,Thunderstorm Wind,VEHICLE,40-64,M,D
2015,Thunderstorm Wind,WATER,0-17,F,D
2015,Thunderstorm Wind,MH,18-39,M,D
2015,Thunderstorm Wind,WATER,0-17,F,D
2015,Thunderstorm Wind,VEHICLE,18-39,M,D
2015,Thunderstorm Wind,VEHICLE,18-39,M,I
2015,Thunderstorm Wind,WATER,40-64,M,D
2015,Thunderstorm Wind,MH,40-64,M,D
2015,Thunderstorm Wind,OUTDOOR,18-39,M,D
2015,Thunderstorm Wind,OUTDOOR,65+,M,D
2015,Thunderstorm Wind,OTHER,unknown,unknown,I
2015,Thunderstorm Wind,OTHER,18-39,M,D
2015,Thunderstorm Wind,VEHICLE,65+,M,I
2015,Thunderstorm Wind,OUTDOOR,0-17,F,D
2015,Thunderstorm Wind,OTHER,65+,F,D
2015,Tornado,VEHICLE,18-39,F,D
2015,Tornado,MH,65+,F,D
2015,Tornado,MH,65+,M,D
2015,Tornado,VEHICLE,0-17,M,D
2015,Tornado,RES,65+,M,D
2015,Tornado,VEHICLE,0-17,F,D
2015,Tornado,VEHICLE,18-39,F,D
2015,Tornado,VEHICLE,18-39,M,D
2015,Tornado,MH,65+,F,D
2015,Tornado,VEHICLE,18-39,F,D
2015,Tornado,VEHICLE,40-64,M,D
2015,Tornado,VEHICLE,65+,M,D
2015,Tornado,VEHICLE,18-39,M,D
2015,Tornado,VEHICLE,40-64,F,D
2015,Tornado,PUBLIC,40-64,M,D
2015,Tornado,PUBLIC,65+,M,D
2015,Tornado,MH,0-17,F,D
2015,Tornado,RES,65+,F,D
2015,Tornado,MH,40-64,F,D
2015,Tornado,MH,40-64,M,D
2015,Tornado,MH,65+,F,D
2015,Tornado,MH,40-64,M,D
2015,Tornado,MH,40-64,F,D
2015,Tornado,MH,40-64,F,D
2015,Tornado,RES,65+,F,D
2015,Tornado,RES,65+,M,D
2015,Tornado,MH,40-64,M,D
2015,Tornado,MH,40-64,F,D
2015,Tornado,MH,18-39,F,D
2015,Tornado,MH,18-39,M,D
2015,Tornado,RES,18-39,F,D
2015,Tornado,RES,40-64,M,D
2015,Tornado,RES,40-64,F,D
2015,Tornado,RES,65+,M,D
2015,Tornado,RES,65+,F,D
2015,Tornado,MH,65+,F,D
2015,Wildfire,RES,65+,F,D
2015,Wildfire,VEHICLE,65+,F,I
2015,Wildfire,VEHICLE,65+,M,D
2015,Wildfire,VEHICLE,unknown,M,D
2015,Wildfire,RES,65+,F,I
2015,Wildfire,OUTDOOR,18-39,M,D
2015,Wildfire,OUTDOOR,65+,M,I
2015,Wildfire,RES,unknown,M,D
2015,Wildfire,RES,65+,M,D
2015,Wildfire,RES,65+,M,D
2015,Winter Storm,VEHICLE,40-64,F,I
2015,Winter Storm,VEHICLE,40-64,F,I
2015,Winter Storm,OUTDOOR,40-64,M,I
2015,Winter Storm,VEHICLE,18-39,unknown,I
2015,Winter Storm,OUTDOOR,65+,M,I
2015,Winter Storm,VEHICLE,18-39,unknown,I
2015,Winter Storm,VEHICLE,unknown,unknown,I
2015,Winter Storm,RES,40-64,M,I
2015,Winter Storm,OUTDOOR,65+,F,D
2015,Winter Storm,OUTDOOR,0-17,F,I
2015,Winter Storm,RES,65+,F,I
2015,Winter Storm,VEHICLE,40-64,M,I
2015,Winter Storm,OUTDOOR,40-64,F,D
2015,Winter Storm,VEHICLE,18-39,M,I
2015,Winter Storm,WATER,40-64,F,I
2015,Winter Storm,VEHICLE,65+,M,D
2015,Winter Storm,VEHICLE,0-17,unknown,I
2015,Winter Storm,VEHICLE,unknown,F,I
2015,Winter Storm,OUTDOOR,65+,M,I
2015,Winter Storm,OUTDOOR,40-64,M,I
2015,Winter Storm,VEHICLE,unknown,F,I
2015,Winter Storm,OUTDOOR,18-39,F,D
2015,Winter Storm,VEHICLE,65+,M,I
2015,Winter Storm,OUTDOOR,40-64,M,D
2015,Winter Storm,OUTDOOR,40-64,M,I
2015,Winter Weather,OUTDOOR,unknown,M,D
2015,Winter Weather,OTHER,40-64,M,I
2015,Winter Weather,OUTDOOR,18-39,M,I
2015,Winter Weather,VEHICLE,65+,F,D
2015,Winter Weather,VEHICLE,40-64,M,I
2015,Winter Weather,VEHICLE,40-64,F,I
2015,Winter Weather,VEHICLE,18-39,F,I
2015,Winter Weather,VEHICLE,18-39,M,I
2015,Winter Weather,VEHICLE,18-39,M,I
2015,Winter Weather,VEHICLE,18-39,M,I
2015,Winter Weather,OTHER,40-64,M,I
2015,Winter Weather,OTHER,65+,F,I
2015,Winter Weather,OTHER,unknown,unknown,D
2015,Winter Weather,VEHICLE,unknown,unknown,I
2015,Winter Weather,VEHICLE,unknown,unknown,I
2015,Winter Weather,VEHICLE,40-64,M,D
2015,Winter Weather,VEHICLE,40-64,F,I
2015,Winter Weather,OUTDOOR,18-39,F,I
2015,Winter Weather,OTHER,65+,M,D
2015,Winter Weather,OTHER,unknown,M,D
2015,Winter Weather,VEHICLE,18-39,M,I
2015,Winter Weather,VEHICLE,18-39,M,I
2015,Winter Weather,VEHICLE,40-64,M,I
2015,Winter Weather,VEHICLE,65+,M,I
2015,Winter Weather,VEHICLE,18-39,M,I
2015,Winter Weather,VEHICLE,40-64,M,I
2015,Winter Weather,VEHICLE,40-64,M,I
2015,Winter Weather,VEHICLE,40-64,M,I
2015,Winter Weather,VEHICLE,40-64,F,I
2015,Winter Weather,VEHICLE,18-39,M,I
2015,Winter Weather,VEHICLE,40-64,M,D
2015,Winter Weather,VEHICLE,18-39,M,I
2015,Winter Weather,VEHICLE,40-64,F,I
2015,Winter Weather,OUTDOOR,65+,M,I
2015,Winter Weather,VEHICLE,18-39,F,D
2015,Winter Weather,VEHICLE,65+,M,I
2015,Winter Weather,VEHICLE,18-39,F,I
2015,Winter Weather,VEHICLE,65+,M,I
2015,Winter Weather,VEHICLE,40-64,M,D
2015,Winter Weather,VEHICLE,40-64,M,D
2015,Winter Weather,VEHICLE,18-39,M,I
2015,Winter Weather,VEHICLE,65+,F,I
2015,Winter Weather,VEHICLE,40-64,M,D
2015,Winter Weather,VEHICLE,18-39,F,I
2015,Winter Weather,VEHICLE,40-64,M,I
2015,Winter Weather,OTHER,unknown,M,I
2015,Winter Weather,OTHER,40-64,M,I
2015,Winter Weather,VEHICLE,18-39,M,I
2015,Winter Weather,VEHICLE,18-39,M,I
2015,Winter Weather,VEHICLE,18-39,M,I
2015,Winter Weather,VEHICLE,unknown,unknown,I
2015,Winter Weather,OTHER,18-39,M,I
2015,Winter Weather,VEHICLE,unknown,unknown,D
2015,Winter Weather,OTHER,18-39,M,I
2016,Avalanche,OUTDOOR,18-39,M,D
2016,Avalanche,OUTDOOR,18-39,M,D
2016,Avalanche,OUTDOOR,40-64,M,D
2016,Avalanche,OUTDOOR,18-39,M,D
2016,Avalanche,OUTDOOR,65+,M,D
2016,Avalanche,OUTDOOR,unknown,M,D
2016,Avalanche,OUTDOOR,18-39,M,D
2016,Avalanche,OUTDOOR,18-39,M,D
2016,Avalanche,OUTDOOR,18-39,M,D
2016,Avalanche,OUTDOOR,18-39,M,D
2016,Avalanche,OUTDOOR,40-64,M,D
2016,Avalanche,OUTDOOR,40-64,M,D
2016,Avalanche,OUTDOOR,18-39,M,D
2016,Avalanche,OUTDOOR,18-39,F,D
2016,Avalanche,OUTDOOR,40-64,M,D
2016,Avalanche,OUTDOOR,40-64,M,D
2016,Avalanche,OUTDOOR,18-39,M,D
2016,Avalanche,OUTDOOR,40-64,M,D
2016,Blizzard,VEHICLE,40-64,M,I
2016,Blizzard,OUTDOOR,65+,M,D
2016,Blizzard,OUTDOOR,40-64,M,I
2016,Blizzard,VEHICLE,40-64,M,I
2016,Blizzard,OUTDOOR,40-64,M,I
2016,Blizzard,VEHICLE,40-64,M,I
2016,Blizzard,OUTDOOR,40-64,M,I
2016,Blizzard,VEHICLE,40-64,M,I
2016,Blizzard,OUTDOOR,40-64,M,I
2016,Blizzard,VEHICLE,40-64,M,I
2016,Coastal Flood,WATER,40-64,M,D
2016,Cold/Wind Chill,OUTDOOR,18-39,M,D
2016,Cold/Wind Chill,OUTDOOR,18-39,F,D
2016,Cold/Wind Chill,OUTDOOR,40-64,F,D
2016,Cold/Wind Chill,OUTDOOR,40-64,M,D
2016,Cold/Wind Chill,OUTDOOR,40-64,M,D
2016,Cold/Wind Chill,OUTDOOR,40-64,M,D
2016,Cold/Wind Chill,OUTDOOR,40-64,M,I
2016,Cold/Wind Chill,OUTDOOR,unknown,F,D
2016,Cold/Wind Chill,OUTDOOR,18-39,F,D
2016,Cold/Wind Chill,OUTDOOR,65+,F,D
2016,Cold/Wind Chill,OUTDOOR,40-64,M,D
2016,Cold/Wind Chill,OUTDOOR,65+,F,D
2016,Cold/Wind Chill,OUTDOOR,40-64,M,D
2016,Cold/Wind Chill,OUTDOOR,40-64,F,D
2016,Cold/Wind Chill,PUBLIC,40-64,F,D
2016,Cold/Wind Chill,OUTDOOR,65+,F,D
2016,Cold/Wind Chill,OUTDOOR,40-64,M,D
2016,Cold/Wind Chill,OUTDOOR,18-39,F,D
2016,Cold/Wind Chill,OUTDOOR,40-64,M,D
2016,Cold/Wind Chill,OUTDOOR,18-39,M,D
2016,Cold/Wind Chill,OUTDOOR,65+,F,D
2016,Cold/Wind Chill,OUTDOOR,65+,M,D
2016,Cold/Wind Chill,OUTDOOR,18-39,F,D
2016,Cold/Wind Chill,OUTDOOR,18-39,M,D
2016,Cold/Wind Chill,OUTDOOR,40-64,F,D
2016,Cold/Wind Chill,OUTDOOR,40-64,F,D
2016,Cold/Wind Chill,OUTDOOR,40-64,M,D
2016,Dense Fog,VEHICLE,18-39,M,I
2016,Dense Fog,VEHICLE,18-39,F,I
2016,Dense Fog,VEHICLE,18-39,M,I
2016,Dense Fog,VEHICLE,40-64,M,I
2016,Dense Fog,VEHICLE,40-64,M,I
2016,Dense Fog,VEHICLE,40-64,M,I
2016,Dense Fog,OTHER,unknown,F,I
2016,Dense Fog,VEHICLE,unknown,F,I
2016,Dust Storm,VEHICLE,65+,F,D
2016,Dust Storm,VEHICLE,40-64,M,I
2016,Dust Storm,OTHER,unknown,unknown,D
2016,Dust Storm,VEHICLE,unknown,unknown,D
2016,Excessive Heat,OUTDOOR,65+,F,I
2016,Excessive Heat,VEHICLE,65+,M,I
2016,Excessive Heat,RES,65+,M,I
2016,Excessive Heat,RES,65+,F,I
2016,Excessive Heat,RES,40-64,M,I
2016,Excessive Heat,RES,65+,F,I
2016,Excessive Heat,RES,65+,F,I
2016,Excessive Heat,OUTDOOR,65+,M,D
2016,Excessive Heat,OUTDOOR,40-64,M,I
2016,Excessive Heat,RES,65+,F,I
2016,Excessive Heat,OUTDOOR,18-39,M,D
2016,Excessive Heat,OUTDOOR,18-39,F,D
2016,Excessive Heat,RES,65+,F,D
2016,Excessive Heat,RES,40-64,F,D
2016,Excessive Heat,OUTDOOR,18-39,M,D
2016,Excessive Heat,RES,65+,M,D
2016,Excessive Heat,WATER,18-39,M,I
2016,Excessive Heat,WATER,18-39,M,I
2016,Excessive Heat,WATER,0-17,M,I
2016,Excessive Heat,OUTDOOR,18-39,M,D
2016,Excessive Heat,OUTDOOR,40-64,M,D
2016,Excessive Heat,OUTDOOR,40-64,M,I
2016,Excessive Heat,OUTDOOR,18-39,M,D
2016,Excessive Heat,RES,65+,M,D
2016,Excessive Heat,RES,65+,M,D
2016,Excessive Heat,RES,65+,M,D
2016,Excessive Heat,OUTDOOR,40-64,F,D
2016,Excessive Heat,PUBLIC,18-39,M,D
2016,Excessive Heat,RES,65+,M,D
2016,Excessive Heat,RES,40-64,M,D
2016,Excessive Heat,RES,65+,F,D
2016,Excessive Heat,OUTDOOR,18-39,F,D
2016,Excessive Heat,PUBLIC,65+,M,D
2016,Excessive Heat,VEHICLE,65+,F,D
2016,Excessive Heat,OUTDOOR,40-64,M,I
2016,Excessive Heat,RES,40-64,F,D
2016,Excessive Heat,OUTDOOR,65+,M,I
2016,Excessive Heat,OUTDOOR,40-64,M,D
2016,Excessive Heat,OUTDOOR,65+,F,I
2016,Excessive Heat,OUTDOOR,18-39,F,D
2016,Excessive Heat,WATER,0-17,F,I
2016,Excessive Heat,OUTDOOR,40-64,M,D
2016,Excessive Heat,OUTDOOR,65+,F,D
2016,Excessive Heat,RES,65+,M,I
2016,Excessive Heat,MH,40-64,M,D
2016,Excessive Heat,RES,65+,F,D
2016,Excessive Heat,OUTDOOR,65+,M,I
2016,Excessive Heat,OUTDOOR,65+,M,D
2016,Excessive Heat,RES,65+,F,I
2016,Excessive Heat,RES,40-64,F,D
2016,Excessive Heat,OUTDOOR,0-17,M,D
2016,Excessive Heat,OUTDOOR,18-39,M,D
2016,Excessive Heat,OUTDOOR,0-17,M,D
2016,Excessive Heat,RES,65+,F,D
2016,Excessive Heat,RES,65+,F,D
2016,Excessive Heat,RES,65+,M,D
2016,Excessive Heat,RES,65+,F,D
2016,Excessive Heat,RES,65+,M,D
2016,Excessive Heat,RES,40-64,M,D
2016,Excessive Heat,RES,65+,F,D
2016,Excessive Heat,RES,65+,M,I
2016,Excessive Heat,RES,65+,M,I
2016,Excessive Heat,RES,40-64,F,I
2016,Excessive Heat,PUBLIC,65+,M,I
2016,Excessive Heat,RES,65+,F,D
2016,Excessive Heat,VEHICLE,40-64,M,I
2016,Excessive Heat,PUBLIC,40-64,M,D
2016,Excessive Heat,PUBLIC,40-64,M,D
2016,Excessive Heat,PUBLIC,65+,F,I
2016,Excessive Heat,PUBLIC,65+,M,D
2016,Excessive Heat,PUBLIC,40-64,M,D
2016,Excessive Heat,PUBLIC,40-64,F,D
2016,Excessive Heat,PUBLIC,40-64,M,I
2016,Excessive Heat,VEHICLE,65+,F,I
2016,Excessive Heat,PUBLIC,40-64,M,I
2016,Excessive Heat,RES,65+,M,D
2016,Excessive Heat,OUTDOOR,18-39,M,D
2016,Excessive Heat,PUBLIC,40-64,F,I
2016,Excessive Heat,PUBLIC,65+,M,I
2016,Excessive Heat,OUTDOOR,40-64,M,D
2016,Excessive Heat,OUTDOOR,65+,M,D
2016,Excessive Heat,OTHER,40-64,M,I
2016,Extreme Cold/Wind Chill,OUTDOOR,40-64,M,D
2016,Extreme Cold/Wind Chill,OTHER,65+,M,D
2016,Extreme Cold/Wind Chill,OUTDOOR,18-39,F,D
2016,Extreme Cold/Wind Chill,OUTDOOR,65+,M,D
2016,Flash Flood,VEHICLE,40-64,M,D
2016,Flash Flood,RES,40-64,M,D
2016,Flash Flood,WATER,18-39,M,D
2016,Flash Flood,OTHER,40-64,M,D
2016,Flash Flood,VEHICLE,unknown,F,D
2016,Flash Flood,WATER,18-39,M,D
2016,Flash Flood,WATER,18-39,M,D
2016,Flash Flood,WATER,18-39,M,D
2016,Flash Flood,WATER,18-39,F,D
2016,Flash Flood,WATER,18-39,F,D
2016,Flash Flood,WATER,18-39,M,D
2016,Flash Flood,WATER,18-39,M,D
2016,Flash Flood,OUTDOOR,18-39,F,I
2016,Flash Flood,OUTDOOR,40-64,F,D
2016,Flash Flood,VEHICLE,18-39,M,D
2016,Flash Flood,WATER,18-39,M,I
2016,Flash Flood,VEHICLE,40-64,M,D
2016,Flash Flood,VEHICLE,18-39,F,D
2016,Flash Flood,VEHICLE,65+,M,D
2016,Flash Flood,VEHICLE,40-64,F,D
2016,Flash Flood,VEHICLE,40-64,F,D
2016,Flash Flood,VEHICLE,40-64,F,D
2016,Flash Flood,WATER,18-39,F,D
2016,Flash Flood,WATER,40-64,M,D
2016,Flash Flood,PUBLIC,40-64,F,D
2016,Flash Flood,PUBLIC,65+,M,D
2016,Flash Flood,VEHICLE,40-64,F,D
2016,Flash Flood,VEHICLE,18-39,M,D
2016,Flash Flood,VEHICLE,65+,M,D
2016,Flash Flood,WATER,unknown,M,D
2016,Flash Flood,PUBLIC,65+,M,D
2016,Flash Flood,WATER,18-39,M,D
2016,Flash Flood,WATER,18-39,F,D
2016,Flash Flood,WATER,18-39,F,D
2016,Flash Flood,WATER,18-39,M,D
2016,Flash Flood,VEHICLE,40-64,M,D
2016,Flash Flood,VEHICLE,18-39,M,D
2016,Flash Flood,OUTDOOR,0-17,F,D
2016,Flash Flood,OUTDOOR,0-17,M,D
2016,Flash Flood,OUTDOOR,0-17,M,D
2016,Flash Flood,OUTDOOR,0-17,F,D
2016,Flash Flood,OUTDOOR,40-64,F,D
2016,Flash Flood,OUTDOOR,18-39,M,D
2016,Flash Flood,WATER,65+,F,D
2016,Flash Flood,PUBLIC,40-64,M,D
2016,Flash Flood,VEHICLE,65+,F,I
2016,Flash Flood,PUBLIC,65+,M,D
2016,Flash Flood,WATER,40-64,M,D
2016,Flash Flood,VEHICLE,65+,M,D
2016,Flash Flood,VEHICLE,18-39,M,D
2016,Flash Flood,VEHICLE,65+,M,D
2016,Flash Flood,VEHICLE,18-39,M,D
2016,Flash Flood,VEHICLE,18-39,F,D
2016,Flash Flood,WATER,40-64,F,D
2016,Flash Flood,WATER,0-17,M,D
2016,Flash Flood,WATER,18-39,F,D
2016,Flash Flood,OTHER,65+,M,I
2016,Flash Flood,WATER,65+,F,D
2016,Flash Flood,VEHICLE,40-64,M,D
2016,Flash Flood,WATER,40-64,M,D
2016,Flash Flood,OUTDOOR,0-17,M,D
2016,Flash Flood,VEHICLE,65+,M,D
2016,Flash Flood,VEHICLE,65+,M,D
2016,Flash Flood,VEHICLE,65+,M,D
2016,Flash Flood,OUTDOOR,65+,M,D
2016,Flash Flood,VEHICLE,40-64,M,D
2016,Flash Flood,VEHICLE,40-64,F,D
2016,Flash Flood,OUTDOOR,0-17,M,D
2016,Flash Flood,PUBLIC,65+,M,D
2016,Flash Flood,PUBLIC,40-64,F,D
2016,Flash Flood,VEHICLE,unknown,unknown,D
2016,Flash Flood,VEHICLE,40-64,M,D
2016,Flash Flood,VEHICLE,18-39,M,D
2016,Flash Flood,VEHICLE,40-64,F,D
2016,Flash Flood,VEHICLE,18-39,M,D
2016,Flash Flood,VEHICLE,unknown,F,D
2016,Flash Flood,VEHICLE,40-64,M,D
2016,Flash Flood,OUTDOOR,40-64,M,D
2016,Flash Flood,WATER,65+,M,D
2016,Flash Flood,VEHICLE,40-64,M,D
2016,Flash Flood,VEHICLE,18-39,M,I
2016,Flash Flood,WATER,65+,F,D
2016,Flash Flood,WATER,40-64,M,D
2016,Flash Flood,VEHICLE,65+,M,D
2016,Flash Flood,VEHICLE,40-64,M,D
2016,Flash Flood,VEHICLE,40-64,M,D
2016,Flash Flood,VEHICLE,18-39,M,D
2016,Flash Flood,RES,40-64,F,D
2016,Flash Flood,WATER,0-17,F,D
2016,Flash Flood,OUTDOOR,0-17,M,I
2016,Flash Flood,WATER,40-64,M,D
2016,Flash Flood,VEHICLE,40-64,F,I
2016,Flash Flood,WATER,18-39,F,D
2016,Flash Flood,VEHICLE,18-39,M,I
2016,Flood,OTHER,40-64,M,I
2016,Flood,RES,40-64,F,D
2016,Flood,WATER,18-39,M,D
2016,Flood,RES,40-64,F,D
2016,Flood,VEHICLE,65+,M,D
2016,Flood,VEHICLE,65+,F,D
2016,Flood,VEHICLE,40-64,F,D
2016,Flood,VEHICLE,40-64,M,D
2016,Flood,VEHICLE,65+,M,D
2016,Flood,WATER,65+,M,D
2016,Flood,VEHICLE,40-64,M,D
2016,Flood,VEHICLE,65+,F,D
2016,Flood,OTHER,40-64,M,I
2016,Flood,VEHICLE,65+,M,D
2016,Flood,VEHICLE,18-39,M,D
2016,Flood,VEHICLE,18-39,F,D
2016,Flood,VEHICLE,65+,M,D
2016,Flood,OTHER,65+,M,D
2016,Flood,WATER,40-64,M,D
2016,Flood,OUTDOOR,40-64,M,D
2016,Flood,VEHICLE,18-39,F,D
2016,Flood,OUTDOOR,40-64,M,D
2016,Flood,VEHICLE,65+,M,D
2016,Flood,VEHICLE,40-64,F,D
2016,Flood,OUTDOOR,0-17,M,I
2016,Flood,WATER,40-64,M,D
2016,Flood,OUTDOOR,40-64,M,D
2016,Flood,VEHICLE,40-64,M,D
2016,Flood,VEHICLE,40-64,F,D
2016,Flood,VEHICLE,40-64,F,D
2016,Flood,VEHICLE,40-64,F,D
2016,Flood,OUTDOOR,40-64,M,D
2016,Flood,WATER,unknown,M,D
2016,Flood,VEHICLE,unknown,F,D
2016,Flood,WATER,unknown,M,D
2016,Flood,WATER,40-64,M,D
2016,Flood,OTHER,65+,F,I
2016,Flood,OTHER,40-64,M,D
2016,Flood,VEHICLE,40-64,F,D
2016,Flood,VEHICLE,unknown,M,D
2016,Flood,OTHER,18-39,F,D
2016,Flood,RES,40-64,M,D
2016,Flood,RES,40-64,F,D
2016,Flood,RES,65+,M,D
2016,Heat,OTHER,unknown,unknown,D
2016,Heat,OUTDOOR,40-64,M,D
2016,Heat,VEHICLE,0-17,M,I
2016,Heat,OUTDOOR,40-64,F,D
2016,Heat,OUTDOOR,unknown,M,D
2016,Heat,VEHICLE,65+,M,D
2016,Heat,OUTDOOR,40-64,M,D
2016,Heat,OUTDOOR,40-64,F,D
2016,Heat,PUBLIC,40-64,F,I
2016,Heat,OUTDOOR,40-64,F,I
2016,Heat,WATER,0-17,M,I
2016,Heat,VEHICLE,0-17,M,I
2016,Heat,RES,65+,M,D
2016,Heat,VEHICLE,65+,M,D
2016,Heat,VEHICLE,0-17,F,I
2016,Heat,OUTDOOR,40-64,M,D
2016,Heat,OUTDOOR,18-39,M,D
2016,Heat,OUTDOOR,40-64,M,I
2016,Heat,OUTDOOR,40-64,M,D
2016,Heat,OUTDOOR,40-64,F,D
2016,Heat,RES,65+,F,D
2016,Heat,VEHICLE,65+,M,D
2016,Heat,RES,65+,M,D
2016,Heat,RES,65+,F,D
2016,Heat,RES,65+,M,I
2016,Heat,RES,40-64,M,I
2016,Heat,RES,40-64,M,D
2016,Heat,RES,65+,F,D
2016,Heat,OUTDOOR,65+,M,D
2016,Heat,MH,40-64,M,I
2016,Heat,PUBLIC,40-64,M,I
2016,Heat,RES,65+,M,D
2016,Heat,RES,40-64,M,D
2016,Heat,RES,65+,F,D
2016,Heat,OTHER,18-39,M,I
2016,Heat,OUTDOOR,65+,F,D
2016,Heat,WATER,65+,M,I
2016,Heat,RES,40-64,M,D
2016,Heat,RES,40-64,F,D
2016,Heat,VEHICLE,0-17,M,D
2016,Heat,RES,65+,M,D
2016,Heat,VEHICLE,0-17,F,D
2016,Heat,VEHICLE,18-39,M,D
2016,Heat,RES,65+,M,D
2016,Heat,WATER,18-39,M,I
2016,Heat,OTHER,18-39,M,D
2016,Heat,VEHICLE,0-17,F,D
2016,Heat,MH,65+,F,D
2016,Heat,RES,65+,M,D
2016,Heat,OUTDOOR,18-39,F,D
2016,Heat,OUTDOOR,18-39,M,D
2016,Heat,WATER,0-17,M,I
2016,Heat,VEHICLE,0-17,F,D
2016,Heat,VEHICLE,0-17,F,D
2016,Heat,VEHICLE,40-64,F,D
2016,Heat,OTHER,unknown,unknown,D
2016,Heat,PUBLIC,40-64,M,D
2016,Heat,OUTDOOR,65+,M,I
2016,Heat,OUTDOOR,40-64,M,I
2016,Heat,OUTDOOR,40-64,M,D
2016,Heat,RES,65+,M,D
2016,Heavy Rain,WATER,18-39,M,I
2016,Heavy Rain,VEHICLE,18-39,F,I
2016,Heavy Rain,VEHICLE,unknown,unknown,I
2016,Heavy Rain,VEHICLE,unknown,unknown,I
2016,Heavy Rain,OTHER,unknown,unknown,I
2016,Heavy Rain,VEHICLE,0-17,M,I
2016,Heavy Rain,VEHICLE,18-39,F,I
2016,Heavy Rain,VEHICLE,18-39,M,I
2016,Heavy Snow,OUTDOOR,0-17,F,D
2016,Heavy Snow,OUTDOOR,65+,M,I
2016,Heavy Snow,OUTDOOR,40-64,M,D
2016,Heavy Snow,OUTDOOR,65+,M,I
2016,Heavy Snow,OUTDOOR,18-39,M,I
2016,High Surf,WATER,65+,M,D
2016,High Surf,WATER,18-39,M,D
2016,High Surf,WATER,40-64,M,I
2016,High Surf,WATER,65+,M,D
2016,High Surf,WATER,40-64,M,D
2016,High Surf,WATER,18-39,M,I
2016,High Surf,WATER,40-64,M,D
2016,High Surf,WATER,18-39,M,D
2016,High Surf,WATER,18-39,M,I
2016,High Surf,WATER,0-17,F,I
2016,High Surf,WATER,40-64,M,I
2016,High Surf,WATER,18-39,M,D
2016,High Surf,WATER,18-39,M,D
2016,High Surf,WATER,40-64,M,I
2016,High Surf,WATER,18-39,M,D
2016,High Wind,VEHICLE,40-64,M,D
2016,High Wind,VEHICLE,18-39,M,D
2016,High Wind,VEHICLE,18-39,M,I
2016,High Wind,VEHICLE,40-64,M,D
2016,High Wind,VEHICLE,40-64,M,D
2016,High Wind,VEHICLE,40-64,M,I
2016,High Wind,OTHER,65+,M,I
2016,Hurricane (Typhoon),OUTDOOR,40-64,M,I
2016,Hurricane (Typhoon),RES,unknown,M,D
2016,Hurricane (Typhoon),OUTDOOR,40-64,F,D
2016,Hurricane (Typhoon),RES,0-17,M,I
2016,Hurricane (Typhoon),OUTDOOR,40-64,M,I
2016,Hurricane (Typhoon),OUTDOOR,65+,M,I
2016,Ice Storm,OUTDOOR,65+,M,I
2016,Lightning,WATER,18-39,F,D
2016,Lightning,OUTDOOR,18-39,M,D
2016,Lightning,OUTDOOR,0-17,M,D
2016,Lightning,OUTDOOR,0-17,M,D
2016,Lightning,WATER,18-39,M,D
2016,Lightning,VEHICLE,unknown,M,I
2016,Lightning,OUTDOOR,40-64,M,D
2016,Lightning,OUTDOOR,40-64,M,D
2016,Lightning,OUTDOOR,18-39,M,D
2016,Lightning,OUTDOOR,18-39,M,D
2016,Lightning,PUBLIC,40-64,M,D
2016,Lightning,OUTDOOR,40-64,M,D
2016,Lightning,OTHER,18-39,M,D
2016,Lightning,OUTDOOR,40-64,M,D
2016,Lightning,OUTDOOR,18-39,F,D
2016,Lightning,OUTDOOR,18-39,F,D
2016,Lightning,OUTDOOR,40-64,M,D
2016,Lightning,OTHER,18-39,M,D
2016,Lightning,OUTDOOR,40-64,F,D
2016,Lightning,WATER,0-17,F,D
2016,Lightning,OUTDOOR,65+,F,D
2016,Lightning,OUTDOOR,40-64,M,D
2016,Lightning,WATER,18-39,M,D
2016,Lightning,OUTDOOR,18-39,F,D
2016,Lightning,OUTDOOR,65+,M,D
2016,Lightning,OUTDOOR,65+,M,D
2016,Lightning,OTHER,18-39,M,D
2016,Lightning,OTHER,18-39,M,D
2016,Lightning,OUTDOOR,65+,M,D
2016,Lightning,OUTDOOR,18-39,M,D
2016,Lightning,OUTDOOR,40-64,M,D
2016,Lightning,OTHER,18-39,M,D
2016,Lightning,OUTDOOR,65+,M,D
2016,Lightning,OUTDOOR,40-64,M,D
2016,Lightning,OUTDOOR,18-39,F,D
2016,Lightning,OUTDOOR,18-39,M,D
2016,Lightning,OUTDOOR,18-39,M,D
2016,Lightning,OUTDOOR,40-64,F,D
2016,Lightning,OUTDOOR,18-39,M,D
2016,Lightning,OUTDOOR,18-39,F,D
2016,Lightning,OUTDOOR,unknown,F,I
2016,Lightning,OUTDOOR,0-17,M,D
2016,Lightning,OTHER,18-39,M,D
2016,Rip Current,WATER,18-39,M,D
2016,Rip Current,WATER,40-64,M,D
2016,Rip Current,WATER,65+,M,D
2016,Rip Current,WATER,0-17,M,D
2016,Rip Current,WATER,18-39,M,D
2016,Rip Current,WATER,18-39,M,D
2016,Rip Current,WATER,18-39,F,D
2016,Rip Current,WATER,40-64,F,D
2016,Rip Current,WATER,18-39,M,D
2016,Rip Current,WATER,0-17,M,D
2016,Rip Current,WATER,40-64,M,D
2016,Rip Current,WATER,65+,M,D
2016,Rip Current,WATER,40-64,M,D
2016,Rip Current,WATER,65+,M,D
2016,Rip Current,WATER,18-39,M,D
2016,Rip Current,WATER,18-39,M,D
2016,Rip Current,WATER,40-64,F,D
2016,Rip Current,WATER,18-39,M,I
2016,Rip Current,WATER,unknown,M,D
2016,Rip Current,WATER,unknown,unknown,D
2016,Rip Current,WATER,65+,M,D
2016,Rip Current,WATER,65+,M,D
2016,Rip Current,WATER,18-39,M,D
2016,Rip Current,WATER,unknown,M,D
2016,Rip Current,WATER,40-64,M,D
2016,Rip Current,WATER,18-39,M,D
2016,Rip Current,WATER,18-39,M,D
2016,Rip Current,OUTDOOR,18-39,M,D
2016,Rip Current,WATER,0-17,M,D
2016,Rip Current,WATER,18-39,M,D
2016,Rip Current,WATER,18-39,M,D
2016,Rip Current,WATER,18-39,M,D
2016,Rip Current,OUTDOOR,40-64,M,I
2016,Rip Current,WATER,0-17,M,D
2016,Rip Current,WATER,18-39,M,D
2016,Rip Current,OUTDOOR,18-39,M,D
2016,Rip Current,WATER,18-39,M,D
2016,Rip Current,WATER,40-64,F,D
2016,Rip Current,WATER,18-39,M,D
2016,Rip Current,WATER,0-17,F,D
2016,Rip Current,WATER,65+,M,D
2016,Rip Current,WATER,65+,M,D
2016,Rip Current,WATER,40-64,M,D
2016,Sneakerwave,WATER,unknown,M,D
2016,Strong Wind,WATER,18-39,F,I
2016,Strong Wind,OUTDOOR,unknown,F,I
2016,Strong Wind,WATER,0-17,M,D
2016,Strong Wind,WATER,18-39,M,D
2016,Strong Wind,VEHICLE,40-64,M,D
2016,Strong Wind,WATER,40-64,M,D
2016,Strong Wind,VEHICLE,40-64,F,D
2016,Strong Wind,VEHICLE,18-39,F,D
2016,Strong Wind,VEHICLE,18-39,F,I
2016,Strong Wind,VEHICLE,18-39,M,D
2016,Strong Wind,WATER,65+,M,D
2016,Strong Wind,WATER,18-39,M,D
2016,Strong Wind,OUTDOOR,unknown,unknown,D
2016,Strong Wind,VEHICLE,unknown,M,D
2016,Strong Wind,WATER,0-17,F,I
2016,Thunderstorm Wind,OUTDOOR,40-64,M,D
2016,Thunderstorm Wind,OUTDOOR,40-64,F,D
2016,Thunderstorm Wind,VEHICLE,unknown,unknown,D
2016,Thunderstorm Wind,OUTDOOR,65+,F,D
2016,Thunderstorm Wind,PUBLIC,unknown,M,D
2016,Thunderstorm Wind,RES,40-64,M,D
2016,Thunderstorm Wind,RES,0-17,M,D
2016,Thunderstorm Wind,OUTDOOR,40-64,M,I
2016,Thunderstorm Wind,OUTDOOR,18-39,F,D
2016,Thunderstorm Wind,VEHICLE,40-64,M,D
2016,Thunderstorm Wind,OUTDOOR,0-17,M,D
2016,Thunderstorm Wind,VEHICLE,40-64,F,D
2016,Thunderstorm Wind,OUTDOOR,40-64,M,D
2016,Thunderstorm Wind,OUTDOOR,18-39,F,I
2016,Thunderstorm Wind,OUTDOOR,18-39,M,D
2016,Thunderstorm Wind,OUTDOOR,18-39,M,I
2016,Thunderstorm Wind,OUTDOOR,40-64,M,I
2016,Thunderstorm Wind,VEHICLE,40-64,M,D
2016,Thunderstorm Wind,RES,40-64,M,I
2016,Thunderstorm Wind,PUBLIC,0-17,F,D
2016,Thunderstorm Wind,OUTDOOR,40-64,M,D
2016,Thunderstorm Wind,VEHICLE,40-64,M,D
2016,Thunderstorm Wind,OUTDOOR,40-64,M,D
2016,Thunderstorm Wind,MH,40-64,M,D
2016,Tornado,RES,65+,M,D
2016,Tornado,OUTDOOR,65+,M,D
2016,Tornado,RES,65+,F,D
2016,Tornado,MH,40-64,M,D
2016,Tornado,MH,unknown,F,D
2016,Tornado,MH,40-64,F,D
2016,Tornado,MH,18-39,M,D
2016,Tornado,MH,40-64,M,D
2016,Tornado,MH,18-39,F,D
2016,Tornado,MH,18-39,F,D
2016,Tornado,MH,unknown,M,D
2016,Tornado,MH,unknown,F,D
2016,Tornado,MH,65+,M,D
2016,Tornado,MH,40-64,M,D
2016,Tornado,MH,0-17,M,D
2016,Tornado,MH,18-39,M,D
2016,Tornado,RES,65+,M,D
2016,Tornado,MH,40-64,M,D
2016,Tropical Depression,OTHER,65+,F,I
2016,Tropical Depression,OTHER,65+,M,D
2016,Tropical Storm,VEHICLE,unknown,unknown,D
2016,Tropical Storm,OUTDOOR,unknown,unknown,I
2016,Tropical Storm,VEHICLE,unknown,unknown,D
2016,Tropical Storm,VEHICLE,unknown,F,D
2016,Tropical Storm,VEHICLE,65+,M,D
2016,Tropical Storm,RES,65+,M,I
2016,Tropical Storm,VEHICLE,unknown,unknown,D
2016,Tropical Storm,OTHER,unknown,unknown,D
2016,Tropical Storm,MH,40-64,F,D
2016,Tropical Storm,RES,65+,F,I
2016,Tropical Storm,RES,65+,M,I
2016,Tropical Storm,VEHICLE,unknown,unknown,D
2016,Tropical Storm,RES,65+,M,I
2016,Tropical Storm,RES,unknown,unknown,D
2016,Tropical Storm,RES,40-64,F,I
2016,Wildfire,OUTDOOR,65+,M,D
2016,Wildfire,OUTDOOR,unknown,M,D
2016,Wildfire,OUTDOOR,unknown,F,D
2016,Wildfire,OTHER,40-64,M,I
2016,Wildfire,OUTDOOR,65+,F,D
2016,Wildfire,OUTDOOR,65+,M,I
2016,Winter Storm,OUTDOOR,65+,M,I
2016,Winter Storm,VEHICLE,0-17,F,I
2016,Winter Storm,VEHICLE,0-17,F,I
2016,Winter Storm,VEHICLE,18-39,F,I
2016,Winter Storm,VEHICLE,0-17,F,I
2016,Winter Storm,OUTDOOR,65+,M,I
2016,Winter Storm,VEHICLE,40-64,M,I
2016,Winter Storm,VEHICLE,18-39,F,I
2016,Winter Storm,OUTDOOR,65+,M,I
2016,Winter Storm,OUTDOOR,40-64,M,I
2016,Winter Storm,VEHICLE,0-17,F,I
2016,Winter Storm,OUTDOOR,40-64,M,D
2016,Winter Storm,OUTDOOR,40-64,M,I
2016,Winter Storm,OUTDOOR,40-64,M,I
2016,Winter Storm,VEHICLE,18-39,F,I
2016,Winter Storm,VEHICLE,65+,F,D
2016,Winter Storm,VEHICLE,0-17,F,I
2016,Winter Storm,VEHICLE,0-17,F,I
2016,Winter Storm,OUTDOOR,40-64,F,I
2016,Winter Storm,VEHICLE,40-64,M,I
2016,Winter Storm,RES,65+,M,I
2016,Winter Storm,RES,65+,M,I
2016,Winter Storm,OUTDOOR,unknown,M,I
2016,Winter Storm,VEHICLE,0-17,M,D
2016,Winter Storm,OUTDOOR,18-39,F,I
2016,Winter Storm,OUTDOOR,65+,M,I
2016,Winter Storm,OUTDOOR,65+,M,I
2016,Winter Storm,VEHICLE,18-39,M,I
2016,Winter Storm,OUTDOOR,65+,M,I
2016,Winter Storm,OUTDOOR,65+,F,D
2016,Winter Storm,OUTDOOR,65+,M,I
2016,Winter Storm,OUTDOOR,65+,M,I
2016,Winter Storm,VEHICLE,18-39,M,I
2016,Winter Storm,VEHICLE,40-64,M,I
2016,Winter Weather,VEHICLE,unknown,unknown,I
2016,Winter Weather,VEHICLE,40-64,M,I
2016,Winter Weather,OUTDOOR,40-64,M,I
2016,Winter Weather,VEHICLE,18-39,M,I
2016,Winter Weather,VEHICLE,40-64,F,I
2016,Winter Weather,VEHICLE,40-64,F,I
2016,Winter Weather,VEHICLE,40-64,M,I
2016,Winter Weather,VEHICLE,18-39,M,I
2016,Winter Weather,VEHICLE,40-64,F,I
2016,Winter Weather,VEHICLE,18-39,M,I
2016,Winter Weather,OUTDOOR,18-39,M,I
2016,Winter Weather,OUTDOOR,18-39,F,I
2016,Winter Weather,VEHICLE,65+,M,I
2016,Winter Weather,OUTDOOR,unknown,M,D
2016,Winter Weather,VEHICLE,unknown,unknown,D
2016,Winter Weather,VEHICLE,unknown,unknown,D
2016,Winter Weather,VEHICLE,40-64,F,I
2016,Winter Weather,VEHICLE,unknown,unknown,I
2016,Winter Weather,VEHICLE,unknown,M,I
2016,Winter Weather,VEHICLE,0-17,F,I
2016,Winter Weather,VEHICLE,18-39,F,I
2016,Winter Weather,VEHICLE,18-39,M,I
2016,Winter Weather,VEHICLE,40-64,F,I
2016,Winter Weather,OUTDOOR,unknown,unknown,I
2016,Winter Weather,VEHICLE,40-64,M,I
2016,Winter Weather,VEHICLE,0-17,F,I
2016,Winter Weather,VEHICLE,40-64,M,I
2016,Winter Weather,VEHICLE,unknown,M,I
2016,Winter Weather,VEHICLE,unknown,M,I
2016,Winter Weather,VEHICLE,18-39,M,I
2016,Winter Weather,VEHICLE,18-39,F,I
2016,Winter Weather,VEHICLE,0-17,F,I
2016,Winter Weather,VEHICLE,18-39,M,I
2016,Winter Weather,VEHICLE,40-64,M,I
2016,Winter Weather,VEHICLE,18-39,F,I
2016,Winter Weather,VEHICLE,40-64,M,I
2016,Winter Weather,OUTDOOR,18-39,F,I
2016,Winter Weather,OTHER,unknown,unknown,I
2016,Winter Weather,VEHICLE,unknown,unknown,I
2016,Winter Weather,VEHICLE,18-39,M,I
2016,Winter Weather,VEHICLE,40-64,F,I
2016,Winter Weather,OTHER,unknown,unknown,I
2016,Winter Weather,VEHICLE,18-39,M,I
2016,Winter Weather,VEHICLE,unknown,M,I
2016,Winter Weather,VEHICLE,18-39,M,I
2016,Winter Weather,VEHICLE,65+,F,I
2016,Winter Weather,VEHICLE,40-64,M,I
2016,Winter Weather,VEHICLE,unknown,unknown,D
2016,Winter Weather,VEHICLE,unknown,unknown,D
2016,Winter Weather,VEHICLE,40-64,F,I
2017,Avalanche,OUTDOOR,18-39,M,D
2017,Avalanche,OUTDOOR,40-64,M,D
2017,Avalanche,OUTDOOR,18-39,M,D
2017,Cold/Wind Chill,PUBLIC,40-64,M,I
2017,Cold/Wind Chill,OUTDOOR,40-64,M,I
2017,Cold/Wind Chill,OUTDOOR,18-39,M,D
2017,Cold/Wind Chill,OUTDOOR,unknown,M,D
2017,Cold/Wind Chill,OTHER,18-39,M,D
2017,Cold/Wind Chill,OUTDOOR,unknown,M,D
2017,Cold/Wind Chill,RES,40-64,F,D
2017,Cold/Wind Chill,OUTDOOR,65+,M,D
2017,Cold/Wind Chill,OTHER,40-64,F,D
2017,Cold/Wind Chill,OTHER,18-39,M,D
2017,Cold/Wind Chill,OUTDOOR,40-64,M,I
2017,Cold/Wind Chill,OUTDOOR,18-39,M,D
2017,Cold/Wind Chill,OUTDOOR,18-39,F,D
2017,Cold/Wind Chill,OUTDOOR,65+,F,D
2017,Cold/Wind Chill,OUTDOOR,40-64,M,D
2017,Cold/Wind Chill,OUTDOOR,40-64,M,D
2017,Cold/Wind Chill,OUTDOOR,40-64,M,D
2017,Cold/Wind Chill,OUTDOOR,18-39,M,D
2017,Cold/Wind Chill,OTHER,65+,M,D
2017,Cold/Wind Chill,OUTDOOR,40-64,M,D
2017,Cold/Wind Chill,OTHER,40-64,M,D
2017,Cold/Wind Chill,OUTDOOR,40-64,M,D
2017,Cold/Wind Chill,OUTDOOR,40-64,M,I
2017,Dense Fog,VEHICLE,40-64,M,I
2017,Dense Fog,WATER,65+,F,I
2017,Dense Fog,OUTDOOR,0-17,M,I
2017,Dense Fog,VEHICLE,40-64,M,I
2017,Dense Fog,VEHICLE,18-39,M,I
2017,Dust Storm,VEHICLE,unknown,unknown,I
2017,Dust Storm,VEHICLE,unknown,unknown,I
2017,Dust Storm,OUTDOOR,40-64,M,I
2017,Excessive Heat,OUTDOOR,40-64,M,I
2017,Excessive Heat,OUTDOOR,40-64,M,D
2017,Excessive Heat,OTHER,40-64,M,D
2017,Excessive Heat,OUTDOOR,18-39,M,D
2017,Excessive Heat,OUTDOOR,40-64,M,I
2017,Excessive Heat,OUTDOOR,40-64,M,I
2017,Excessive Heat,OUTDOOR,65+,M,D
2017,Excessive Heat,OUTDOOR,40-64,M,D
2017,Excessive Heat,OUTDOOR,18-39,M,D
2017,Excessive Heat,RES,65+,M,D
2017,Excessive Heat,RES,65+,M,D
2017,Excessive Heat,RES,65+,F,D
2017,Excessive Heat,RES,65+,M,I
2017,Excessive Heat,RES,65+,F,D
2017,Excessive Heat,RES,65+,F,D
2017,Excessive Heat,RES,40-64,M,D
2017,Excessive Heat,RES,65+,M,D
2017,Excessive Heat,RES,40-64,F,D
2017,Excessive Heat,RES,65+,M,D
2017,Excessive Heat,OUTDOOR,65+,M,D
2017,Excessive Heat,OTHER,65+,F,D
2017,Excessive Heat,OTHER,18-39,M,D
2017,Excessive Heat,OUTDOOR,40-64,F,D
2017,Excessive Heat,OUTDOOR,40-64,M,D
2017,Excessive Heat,OUTDOOR,65+,M,D
2017,Excessive Heat,OUTDOOR,65+,M,D
2017,Excessive Heat,RES,65+,F,D
2017,Excessive Heat,RES,65+,F,D
2017,Excessive Heat,OUTDOOR,40-64,M,I
2017,Excessive Heat,OUTDOOR,18-39,M,I
2017,Excessive Heat,OUTDOOR,40-64,M,I
2017,Excessive Heat,OUTDOOR,18-39,M,I
2017,Excessive Heat,OUTDOOR,40-64,M,D
2017,Excessive Heat,OUTDOOR,40-64,M,D
2017,Excessive Heat,RES,65+,M,I
2017,Excessive Heat,OUTDOOR,40-64,M,D
2017,Excessive Heat,RES,18-39,F,D
2017,Excessive Heat,OTHER,40-64,M,D
2017,Excessive Heat,RES,unknown,F,D
2017,Excessive Heat,RES,65+,M,I
2017,Excessive Heat,RES,65+,F,I
2017,Excessive Heat,RES,0-17,M,I
2017,Excessive Heat,RES,40-64,F,D
2017,Excessive Heat,VEHICLE,40-64,M,D
2017,Excessive Heat,OTHER,65+,M,D
2017,Excessive Heat,OUTDOOR,40-64,M,I
2017,Excessive Heat,RES,65+,F,D
2017,Excessive Heat,OUTDOOR,40-64,M,D
2017,Excessive Heat,OUTDOOR,65+,M,D
2017,Excessive Heat,OUTDOOR,40-64,M,I
2017,Excessive Heat,OUTDOOR,65+,M,D
2017,Excessive Heat,OUTDOOR,65+,M,D
2017,Excessive Heat,RES,unknown,M,D
2017,Excessive Heat,OUTDOOR,40-64,M,D
2017,Excessive Heat,RES,65+,F,D
2017,Excessive Heat,RES,65+,F,D
2017,Excessive Heat,RES,65+,F,I
2017,Excessive Heat,OUTDOOR,unknown,M,D
2017,Excessive Heat,RES,40-64,M,D
2017,Excessive Heat,RES,65+,F,I
2017,Excessive Heat,MH,unknown,M,D
2017,Excessive Heat,OTHER,unknown,unknown,D
2017,Excessive Heat,OTHER,unknown,unknown,D
2017,Excessive Heat,OTHER,unknown,unknown,D
2017,Excessive Heat,OUTDOOR,40-64,M,I
2017,Excessive Heat,RES,40-64,M,D
2017,Excessive Heat,OTHER,65+,M,D
2017,Excessive Heat,VEHICLE,0-17,M,D
2017,Excessive Heat,WATER,0-17,M,I
2017,Excessive Heat,WATER,18-39,M,I
2017,Excessive Heat,OUTDOOR,18-39,M,I
2017,Excessive Heat,OTHER,65+,M,D
2017,Excessive Heat,OTHER,65+,F,D
2017,Excessive Heat,OUTDOOR,65+,M,D
2017,Extreme Cold/Wind Chill,OUTDOOR,65+,F,D
2017,Extreme Cold/Wind Chill,OUTDOOR,18-39,M,D
2017,Extreme Cold/Wind Chill,OUTDOOR,65+,M,D
2017,Extreme Cold/Wind Chill,OUTDOOR,65+,F,D
2017,Extreme Cold/Wind Chill,OUTDOOR,65+,F,D
2017,Extreme Cold/Wind Chill,OUTDOOR,40-64,M,D
2017,Extreme Cold/Wind Chill,OUTDOOR,65+,M,D
2017,Extreme Cold/Wind Chill,OUTDOOR,18-39,F,D
2017,Flash Flood,WATER,65+,M,D
2017,Flash Flood,WATER,unknown,F,D
2017,Flash Flood,VEHICLE,65+,F,D
2017,Flash Flood,VEHICLE,18-39,M,D
2017,Flash Flood,WATER,65+,M,D
2017,Flash Flood,VEHICLE,65+,M,D
2017,Flash Flood,VEHICLE,0-17,F,D
2017,Flash Flood,VEHICLE,0-17,M,D
2017,Flash Flood,WATER,18-39,F,D
2017,Flash Flood,WATER,40-64,M,D
2017,Flash Flood,WATER,65+,M,D
2017,Flash Flood,VEHICLE,unknown,unknown,D
2017,Flash Flood,RES,65+,F,D
2017,Flash Flood,WATER,18-39,M,D
2017,Flash Flood,WATER,18-39,M,D
2017,Flash Flood,WATER,40-64,F,D
2017,Flash Flood,WATER,40-64,M,D
2017,Flash Flood,VEHICLE,65+,F,D
2017,Flash Flood,OUTDOOR,18-39,F,D
2017,Flash Flood,VEHICLE,65+,M,D
2017,Flash Flood,VEHICLE,0-17,M,D
2017,Flash Flood,WATER,18-39,M,D
2017,Flash Flood,WATER,40-64,M,D
2017,Flash Flood,WATER,65+,M,D
2017,Flash Flood,WATER,40-64,M,D
2017,Flash Flood,WATER,0-17,F,D
2017,Flash Flood,VEHICLE,18-39,F,D
2017,Flash Flood,WATER,0-17,F,D
2017,Flash Flood,WATER,0-17,M,D
2017,Flash Flood,WATER,0-17,M,D
2017,Flash Flood,WATER,18-39,M,D
2017,Flash Flood,WATER,18-39,F,D
2017,Flash Flood,WATER,18-39,F,D
2017,Flash Flood,WATER,18-39,M,D
2017,Flash Flood,WATER,18-39,M,D
2017,Flash Flood,WATER,40-64,F,D
2017,Flash Flood,VEHICLE,0-17,F,D
2017,Flash Flood,VEHICLE,65+,F,D
2017,Flash Flood,WATER,65+,M,D
2017,Flash Flood,WATER,40-64,M,D
2017,Flash Flood,WATER,40-64,M,D
2017,Flash Flood,WATER,40-64,M,D
2017,Flash Flood,VEHICLE,40-64,F,D
2017,Flash Flood,RES,65+,F,D
2017,Flash Flood,WATER,40-64,F,D
2017,Flash Flood,VEHICLE,40-64,F,D
2017,Flash Flood,RES,65+,F,D
2017,Flash Flood,WATER,18-39,M,D
2017,Flash Flood,VEHICLE,65+,M,D
2017,Flash Flood,VEHICLE,40-64,F,D
2017,Flash Flood,WATER,40-64,M,D
2017,Flash Flood,PUBLIC,40-64,M,D
2017,Flash Flood,WATER,18-39,M,D
2017,Flash Flood,WATER,65+,F,D
2017,Flash Flood,WATER,40-64,M,D
2017,Flash Flood,WATER,65+,M,D
2017,Flash Flood,PUBLIC,40-64,F,D
2017,Flash Flood,VEHICLE,40-64,M,D
2017,Flash Flood,WATER,40-64,M,D
2017,Flash Flood,MH,65+,M,D
2017,Flash Flood,WATER,40-64,F,D
2017,Flash Flood,VEHICLE,40-64,M,D
2017,Flash Flood,PUBLIC,65+,M,D
2017,Flash Flood,WATER,unknown,F,D
2017,Flash Flood,OUTDOOR,0-17,F,D
2017,Flash Flood,OUTDOOR,40-64,M,D
2017,Flash Flood,WATER,0-17,F,D
2017,Flash Flood,VEHICLE,18-39,M,D
2017,Flash Flood,VEHICLE,0-17,F,D
2017,Flash Flood,WATER,40-64,M,D
2017,Flash Flood,WATER,40-64,M,D
2017,Flash Flood,WATER,65+,M,D
2017,Flash Flood,WATER,65+,F,D
2017,Flash Flood,WATER,65+,F,D
2017,Flash Flood,VEHICLE,65+,F,D
2017,Flash Flood,RES,18-39,M,D
2017,Flash Flood,RES,unknown,M,D
2017,Flash Flood,RES,65+,M,D
2017,Flash Flood,VEHICLE,40-64,M,D
2017,Flash Flood,VEHICLE,40-64,M,D
2017,Flash Flood,WATER,40-64,M,D
2017,Flash Flood,RES,0-17,unknown,D
2017,Flash Flood,WATER,65+,M,D
2017,Flash Flood,VEHICLE,65+,F,D
2017,Flash Flood,VEHICLE,65+,M,D
2017,Flash Flood,VEHICLE,40-64,F,D
2017,Flash Flood,VEHICLE,0-17,M,D
2017,Flash Flood,WATER,65+,F,D
2017,Flash Flood,VEHICLE,0-17,M,D
2017,Flash Flood,VEHICLE,0-17,F,D
2017,Flash Flood,VEHICLE,0-17,F,D
2017,Flash Flood,VEHICLE,18-39,M,D
2017,Flash Flood,PUBLIC,40-64,F,D
2017,Flash Flood,OUTDOOR,unknown,unknown,I
2017,Flash Flood,WATER,40-64,M,D
2017,Flash Flood,WATER,65+,M,D
2017,Flash Flood,RES,65+,F,I
2017,Flash Flood,RES,40-64,M,I
2017,Flash Flood,RES,65+,F,I
2017,Flash Flood,RES,unknown,M,D
2017,Flash Flood,RES,unknown,M,D
2017,Flash Flood,VEHICLE,18-39,M,I
2017,Flash Flood,WATER,18-39,M,I
2017,Flash Flood,WATER,65+,M,D
2017,Flash Flood,WATER,40-64,M,D
2017,Flash Flood,WATER,40-64,M,D
2017,Flash Flood,VEHICLE,18-39,F,I
2017,Flash Flood,VEHICLE,65+,M,I
2017,Flash Flood,VEHICLE,40-64,M,D
2017,Flash Flood,VEHICLE,18-39,F,D
2017,Flood,WATER,65+,M,D
2017,Flood,VEHICLE,40-64,F,D
2017,Flood,WATER,18-39,M,I
2017,Flood,WATER,65+,M,D
2017,Flood,RES,40-64,M,I
2017,Flood,VEHICLE,40-64,M,I
2017,Flood,VEHICLE,65+,M,D
2017,Flood,VEHICLE,40-64,M,D
2017,Flood,VEHICLE,65+,F,D
2017,Flood,VEHICLE,65+,F,D
2017,Flood,WATER,unknown,M,D
2017,Flood,WATER,0-17,M,I
2017,Flood,OUTDOOR,18-39,M,D
2017,Flood,WATER,40-64,M,I
2017,Flood,VEHICLE,65+,M,D
2017,Flood,WATER,18-39,M,D
2017,Flood,OUTDOOR,40-64,M,D
2017,Flood,VEHICLE,65+,M,D
2017,Freezing Fog,VEHICLE,40-64,M,I
2017,Hail,VEHICLE,40-64,M,I
2017,Hail,OTHER,unknown,M,I
2017,Heat,RES,40-64,F,I
2017,Heat,OUTDOOR,65+,F,D
2017,Heat,OUTDOOR,18-39,M,D
2017,Heat,RES,65+,F,D
2017,Heat,RES,65+,M,D
2017,Heat,RES,65+,M,D
2017,Heat,RES,65+,M,I
2017,Heat,OUTDOOR,40-64,F,D
2017,Heat,OUTDOOR,40-64,M,I
2017,Heat,MH,40-64,M,D
2017,Heat,RES,40-64,M,D
2017,Heat,OUTDOOR,40-64,M,D
2017,Heat,OUTDOOR,40-64,M,D
2017,Heat,OUTDOOR,65+,M,D
2017,Heat,OUTDOOR,40-64,F,D
2017,Heat,OUTDOOR,40-64,M,D
2017,Heat,OTHER,40-64,M,D
2017,Heat,VEHICLE,0-17,M,D
2017,Heat,PUBLIC,40-64,M,D
2017,Heat,RES,65+,M,I
2017,Heat,OUTDOOR,40-64,M,D
2017,Heat,OUTDOOR,18-39,M,D
2017,Heat,OUTDOOR,40-64,M,D
2017,Heat,WATER,18-39,M,I
2017,Heat,WATER,18-39,M,I
2017,Heat,WATER,18-39,M,I
2017,Heat,VEHICLE,unknown,unknown,I
2017,Heat,VEHICLE,unknown,unknown,I
2017,Heat,VEHICLE,unknown,unknown,I
2017,Heat,VEHICLE,unknown,unknown,I
2017,Heat,VEHICLE,unknown,unknown,I
2017,Heat,VEHICLE,unknown,unknown,I
2017,Heat,VEHICLE,unknown,unknown,I
2017,Heat,VEHICLE,unknown,unknown,I
2017,Heat,VEHICLE,unknown,unknown,I
2017,Heat,VEHICLE,unknown,unknown,I
2017,Heat,OUTDOOR,18-39,M,D
2017,Heat,RES,65+,F,D
2017,Heat,RES,65+,M,D
2017,Heat,VEHICLE,0-17,F,D
2017,Heat,RES,40-64,F,D
2017,Heat,OUTDOOR,40-64,M,I
2017,Heat,OUTDOOR,18-39,M,D
2017,Heat,RES,65+,F,I
2017,Heat,RES,65+,M,D
2017,Heat,OUTDOOR,65+,M,I
2017,Heat,RES,40-64,M,D
2017,Heat,PUBLIC,40-64,M,I
2017,Heat,OUTDOOR,18-39,F,D
2017,Heat,RES,65+,M,I
2017,Heat,VEHICLE,0-17,M,D
2017,Heat,OUTDOOR,40-64,M,D
2017,Heat,OUTDOOR,40-64,F,D
2017,Heat,RES,40-64,F,D
2017,Heat,OUTDOOR,65+,M,D
2017,Heat,OUTDOOR,18-39,M,D
2017,Heat,VEHICLE,0-17,F,I
2017,Heat,VEHICLE,0-17,F,I
2017,Heat,RES,65+,M,D
2017,Heat,OUTDOOR,40-64,M,D
2017,Heat,OUTDOOR,40-64,F,I
2017,Heat,OUTDOOR,18-39,M,D
2017,Heat,RES,40-64,M,D
2017,Heat,RES,40-64,F,D
2017,Heat,RES,65+,M,D
2017,Heat,RES,40-64,F,D
2017,Heat,OUTDOOR,65+,F,I
2017,Heat,OUTDOOR,18-39,M,D
2017,Heat,OUTDOOR,40-64,M,I
2017,Heat,OUTDOOR,65+,M,I
2017,Heat,OUTDOOR,65+,M,D
2017,Heat,RES,65+,M,I
2017,Heat,PUBLIC,18-39,M,D
2017,Heat,OUTDOOR,40-64,M,D
2017,Heat,OUTDOOR,40-64,F,D
2017,Heat,OUTDOOR,18-39,M,D
2017,Heat,OUTDOOR,40-64,M,I
2017,Heat,OUTDOOR,40-64,M,I
2017,Heat,OUTDOOR,40-64,M,D
2017,Heat,OUTDOOR,65+,M,I
2017,Heat,OUTDOOR,40-64,M,D
2017,Heat,PUBLIC,40-64,F,D
2017,Heat,OUTDOOR,65+,F,D
2017,Heat,PUBLIC,65+,F,D
2017,Heat,OUTDOOR,40-64,M,D
2017,Heat,RES,65+,M,I
2017,Heat,RES,40-64,M,I
2017,Heavy Rain,WATER,0-17,F,D
2017,Heavy Rain,OUTDOOR,unknown,M,I
2017,Heavy Rain,WATER,0-17,F,D
2017,Heavy Rain,VEHICLE,65+,M,I
2017,Heavy Rain,VEHICLE,40-64,M,I
2017,Heavy Snow,OUTDOOR,40-64,M,I
2017,Heavy Snow,VEHICLE,40-64,F,D
2017,Heavy Snow,OTHER,0-17,M,D
2017,Heavy Snow,OUTDOOR,0-17,M,I
2017,Heavy Snow,VEHICLE,40-64,M,I
2017,High Surf,OTHER,18-39,F,D
2017,High Surf,WATER,18-39,F,D
2017,High Surf,WATER,40-64,M,I
2017,High Surf,WATER,65+,M,D
2017,High Surf,WATER,40-64,M,D
2017,High Surf,WATER,18-39,M,D
2017,High Surf,WATER,40-64,F,D
2017,High Surf,OUTDOOR,0-17,M,D
2017,High Wind,OUTDOOR,40-64,M,D
2017,High Wind,VEHICLE,18-39,F,D
2017,High Wind,RES,65+,F,D
2017,High Wind,OTHER,unknown,F,D
2017,High Wind,OUTDOOR,0-17,F,I
2017,High Wind,VEHICLE,18-39,M,D
2017,High Wind,OUTDOOR,unknown,M,D
2017,High Wind,VEHICLE,18-39,F,D
2017,High Wind,OUTDOOR,65+,M,I
2017,High Wind,VEHICLE,unknown,unknown,D
2017,High Wind,OUTDOOR,65+,F,D
2017,Hurricane (Typhoon),OUTDOOR,40-64,M,I
2017,Hurricane (Typhoon),OUTDOOR,40-64,M,I
2017,Hurricane (Typhoon),OTHER,unknown,unknown,I
2017,Hurricane (Typhoon),VEHICLE,40-64,M,I
2017,Hurricane (Typhoon),PUBLIC,65+,M,I
2017,Hurricane (Typhoon),RES,40-64,F,I
2017,Hurricane (Typhoon),RES,unknown,M,I
2017,Hurricane (Typhoon),OUTDOOR,unknown,unknown,D
2017,Hurricane (Typhoon),WATER,unknown,unknown,D
2017,Hurricane (Typhoon),OTHER,40-64,M,I
2017,Hurricane (Typhoon),VEHICLE,18-39,M,I
2017,Hurricane (Typhoon),VEHICLE,65+,M,I
2017,Hurricane (Typhoon),OUTDOOR,18-39,M,I
2017,Hurricane (Typhoon),OUTDOOR,40-64,M,I
2017,Hurricane (Typhoon),OUTDOOR,40-64,M,I
2017,Hurricane (Typhoon),OUTDOOR,40-64,M,I
2017,Hurricane (Typhoon),OUTDOOR,40-64,M,I
2017,Hurricane (Typhoon),RES,40-64,M,I
2017,Hurricane (Typhoon),PUBLIC,65+,M,I
2017,Hurricane (Typhoon),OUTDOOR,18-39,M,I
2017,Hurricane (Typhoon),OUTDOOR,65+,M,D
2017,Hurricane (Typhoon),RES,65+,F,I
2017,Hurricane (Typhoon),MH,18-39,M,I
2017,Hurricane (Typhoon),RES,65+,M,I
2017,Hurricane (Typhoon),OUTDOOR,40-64,M,I
2017,Hurricane (Typhoon),OUTDOOR,18-39,M,I
2017,Hurricane (Typhoon),RES,0-17,F,I
2017,Hurricane (Typhoon),OTHER,65+,M,D
2017,Ice Storm,VEHICLE,unknown,unknown,D
2017,Ice Storm,OTHER,unknown,unknown,I
2017,Lake-Effect Snow,OUTDOOR,65+,M,I
2017,Lake-Effect Snow,OUTDOOR,40-64,M,I
2017,Lake-Effect Snow,OUTDOOR,65+,M,I
2017,Lake-Effect Snow,OUTDOOR,65+,M,I
2017,Lake-Effect Snow,OUTDOOR,18-39,M,I
2017,Lake-Effect Snow,OUTDOOR,65+,M,I
2017,Lakeshore Flood,WATER,18-39,F,D
2017,Lakeshore Flood,WATER,40-64,M,D
2017,Lightning,OUTDOOR,18-39,F,D
2017,Lightning,OUTDOOR,18-39,M,D
2017,Lightning,OUTDOOR,0-17,M,D
2017,Lightning,OTHER,18-39,M,D
2017,Lightning,OUTDOOR,18-39,M,D
2017,Lightning,OUTDOOR,40-64,M,D
2017,Lightning,OUTDOOR,18-39,M,D
2017,Lightning,OUTDOOR,18-39,M,D
2017,Lightning,OUTDOOR,unknown,M,D
2017,Lightning,OUTDOOR,40-64,M,D
2017,Lightning,RES,18-39,F,I
2017,Lightning,RES,40-64,F,I
2017,Lightning,RES,40-64,F,I
2017,Lightning,OUTDOOR,18-39,M,D
2017,Lightning,OUTDOOR,18-39,M,D
2017,Lightning,OUTDOOR,65+,M,D
2017,Lightning,RES,65+,F,I
2017,Lightning,OUTDOOR,0-17,M,D
2017,Lightning,PUBLIC,40-64,M,I
2017,Lightning,RES,unknown,F,I
2017,Lightning,WATER,18-39,M,D
2017,Lightning,OUTDOOR,18-39,M,D
2017,Lightning,OUTDOOR,unknown,M,D
2017,Rip Current,WATER,18-39,M,D
2017,Rip Current,WATER,18-39,M,D
2017,Rip Current,WATER,40-64,M,D
2017,Rip Current,WATER,65+,M,D
2017,Rip Current,WATER,0-17,M,D
2017,Rip Current,WATER,18-39,M,D
2017,Rip Current,WATER,40-64,M,D
2017,Rip Current,WATER,18-39,F,D
2017,Rip Current,WATER,40-64,F,D
2017,Rip Current,WATER,40-64,F,D
2017,Rip Current,WATER,40-64,M,D
2017,Rip Current,WATER,40-64,M,D
2017,Rip Current,WATER,0-17,M,D
2017,Rip Current,WATER,40-64,M,D
2017,Rip Current,WATER,18-39,M,D
2017,Rip Current,WATER,40-64,M,D
2017,Rip Current,WATER,18-39,M,D
2017,Rip Current,WATER,65+,M,D
2017,Rip Current,WATER,40-64,M,D
2017,Rip Current,WATER,18-39,M,D
2017,Rip Current,WATER,0-17,F,D
2017,Rip Current,WATER,18-39,M,D
2017,Rip Current,WATER,40-64,M,D
2017,Rip Current,WATER,40-64,M,D
2017,Rip Current,WATER,18-39,M,D
2017,Rip Current,WATER,18-39,F,D
2017,Rip Current,WATER,0-17,M,D
2017,Rip Current,WATER,0-17,M,D
2017,Rip Current,WATER,0-17,M,D
2017,Rip Current,OTHER,unknown,M,D
2017,Rip Current,WATER,40-64,M,D
2017,Rip Current,WATER,unknown,M,D
2017,Rip Current,WATER,40-64,M,D
2017,Rip Current,WATER,40-64,M,D
2017,Rip Current,WATER,40-64,M,D
2017,Rip Current,WATER,65+,M,D
2017,Rip Current,WATER,0-17,M,D
2017,Rip Current,WATER,0-17,M,D
2017,Rip Current,WATER,0-17,M,D
2017,Rip Current,WATER,0-17,M,D
2017,Rip Current,WATER,40-64,M,D
2017,Rip Current,WATER,18-39,M,D
2017,Rip Current,WATER,0-17,F,D
2017,Rip Current,WATER,65+,M,D
2017,Rip Current,WATER,0-17,F,D
2017,Rip Current,WATER,65+,M,D
2017,Rip Current,WATER,18-39,M,D
2017,Rip Current,WATER,40-64,M,D
2017,Rip Current,WATER,0-17,F,D
2017,Rip Current,WATER,18-39,M,D
2017,Rip Current,WATER,40-64,F,D
2017,Rip Current,WATER,18-39,M,D
2017,Rip Current,WATER,18-39,M,D
2017,Rip Current,WATER,40-64,F,D
2017,Rip Current,WATER,0-17,F,D
2017,Rip Current,WATER,40-64,M,D
2017,Rip Current,WATER,0-17,M,D
2017,Rip Current,WATER,18-39,M,D
2017,Rip Current,WATER,18-39,M,D
2017,Sneakerwave,WATER,0-17,M,D
2017,Sneakerwave,WATER,18-39,M,D
2017,Sneakerwave,WATER,0-17,F,D
2017,Storm Surge/Tide,OTHER,unknown,M,D
2017,Strong Wind,WATER,40-64,M,I
2017,Strong Wind,OUTDOOR,18-39,F,D
2017,Strong Wind,OUTDOOR,0-17,F,D
2017,Strong Wind,MH,18-39,M,D
2017,Strong Wind,WATER,18-39,M,D
2017,Strong Wind,OUTDOOR,40-64,M,D
2017,Strong Wind,VEHICLE,40-64,M,I
2017,Strong Wind,VEHICLE,0-17,M,D
2017,Strong Wind,OUTDOOR,40-64,M,D
2017,Strong Wind,MH,0-17,F,D
2017,Strong Wind,VEHICLE,18-39,M,D
2017,Strong Wind,OUTDOOR,unknown,M,D
2017,Strong Wind,OUTDOOR,65+,M,I
2017,Strong Wind,VEHICLE,18-39,M,I
2017,Strong Wind,RES,0-17,F,I
2017,Thunderstorm Wind,VEHICLE,18-39,M,D
2017,Thunderstorm Wind,VEHICLE,18-39,F,D
2017,Thunderstorm Wind,VEHICLE,40-64,M,D
2017,Thunderstorm Wind,VEHICLE,40-64,F,D
2017,Thunderstorm Wind,VEHICLE,40-64,M,D
2017,Thunderstorm Wind,VEHICLE,65+,F,I
2017,Thunderstorm Wind,WATER,40-64,M,D
2017,Thunderstorm Wind,VEHICLE,65+,M,D
2017,Thunderstorm Wind,RES,40-64,F,D
2017,Thunderstorm Wind,VEHICLE,0-17,F,D
2017,Thunderstorm Wind,OUTDOOR,40-64,F,I
2017,Thunderstorm Wind,RES,18-39,M,D
2017,Thunderstorm Wind,OUTDOOR,40-64,M,I
2017,Thunderstorm Wind,OUTDOOR,18-39,M,D
2017,Thunderstorm Wind,RES,65+,F,D
2017,Thunderstorm Wind,WATER,65+,M,D
2017,Thunderstorm Wind,MH,40-64,F,D
2017,Thunderstorm Wind,RES,65+,M,D
2017,Thunderstorm Wind,VEHICLE,40-64,M,D
2017,Thunderstorm Wind,RES,18-39,M,D
2017,Thunderstorm Wind,VEHICLE,65+,M,D
2017,Thunderstorm Wind,OUTDOOR,0-17,M,I
2017,Thunderstorm Wind,MH,40-64,F,D
2017,Thunderstorm Wind,OUTDOOR,40-64,M,D
2017,Thunderstorm Wind,VEHICLE,40-64,F,D
2017,Thunderstorm Wind,OUTDOOR,0-17,M,I
2017,Thunderstorm Wind,MH,18-39,F,D
2017,Thunderstorm Wind,MH,65+,F,D
2017,Thunderstorm Wind,MH,65+,M,D
2017,Thunderstorm Wind,OUTDOOR,0-17,M,I
2017,Thunderstorm Wind,WATER,0-17,M,D
2017,Thunderstorm Wind,WATER,18-39,M,D
2017,Thunderstorm Wind,OUTDOOR,40-64,F,D
2017,Thunderstorm Wind,MH,40-64,M,D
2017,Thunderstorm Wind,WATER,unknown,M,I
2017,Thunderstorm Wind,MH,40-64,F,D
2017,Thunderstorm Wind,VEHICLE,65+,M,D
2017,Tornado,OUTDOOR,18-39,M,D
2017,Tornado,OUTDOOR,65+,M,D
2017,Tornado,VEHICLE,40-64,F,D
2017,Tornado,RES,65+,F,D
2017,Tornado,MH,unknown,M,D
2017,Tornado,RES,65+,M,D
2017,Tornado,MH,18-39,M,D
2017,Tornado,VEHICLE,40-64,M,D
2017,Tornado,RES,65+,F,D
2017,Tornado,RES,65+,M,D
2017,Tornado,MH,unknown,F,D
2017,Tornado,MH,18-39,M,D
2017,Tornado,MH,0-17,F,D
2017,Tornado,MH,40-64,F,D
2017,Tornado,MH,18-39,F,D
2017,Tornado,OUTDOOR,65+,M,D
2017,Tornado,VEHICLE,18-39,M,D
2017,Tornado,OUTDOOR,18-39,M,I
2017,Tornado,MH,40-64,F,D
2017,Tornado,RES,18-39,M,D
2017,Tornado,OUTDOOR,65+,M,D
2017,Tornado,MH,40-64,M,D
2017,Tornado,MH,18-39,F,D
2017,Tornado,MH,18-39,F,D
2017,Tornado,MH,40-64,F,D
2017,Tornado,MH,18-39,F,D
2017,Tornado,OTHER,40-64,M,D
2017,Tornado,RES,40-64,M,D
2017,Tornado,RES,65+,F,D
2017,Tornado,VEHICLE,65+,M,I
2017,Tornado,MH,40-64,F,D
2017,Tornado,MH,40-64,M,D
2017,Tornado,MH,65+,M,D
2017,Tornado,RES,18-39,M,D
2017,Tornado,MH,40-64,M,D
2017,Tornado,MH,40-64,M,D
2017,Tornado,VEHICLE,18-39,M,D
2017,Tropical Depression,VEHICLE,65+,M,I
2017,Tropical Storm,RES,65+,M,I
2017,Tropical Storm,OTHER,40-64,M,I
2017,Tropical Storm,WATER,65+,F,D
2017,Tropical Storm,WATER,65+,M,D
2017,Tropical Storm,WATER,40-64,M,D
2017,Tropical Storm,WATER,65+,M,D
2017,Tropical Storm,WATER,40-64,M,D
2017,Tropical Storm,RES,65+,F,D
2017,Tropical Storm,RES,65+,F,D
2017,Tropical Storm,PUBLIC,40-64,M,D
2017,Tropical Storm,PUBLIC,40-64,F,D
2017,Tropical Storm,PUBLIC,65+,F,D
2017,Tropical Storm,PUBLIC,65+,M,D
2017,Tropical Storm,VEHICLE,65+,F,D
2017,Tropical Storm,VEHICLE,40-64,M,D
2017,Tropical Storm,VEHICLE,40-64,M,D
2017,Tropical Storm,VEHICLE,65+,M,I
2017,Tropical Storm,VEHICLE,65+,F,D
2017,Tropical Storm,VEHICLE,18-39,F,I
2017,Tropical Storm,WATER,40-64,M,D
2017,Tropical Storm,VEHICLE,65+,M,D
2017,Tropical Storm,VEHICLE,65+,F,D
2017,Tropical Storm,RES,40-64,M,D
2017,Tropical Storm,VEHICLE,0-17,M,D
2017,Tropical Storm,VEHICLE,0-17,M,D
2017,Tropical Storm,OTHER,unknown,unknown,I
2017,Tropical Storm,VEHICLE,0-17,F,D
2017,Tropical Storm,WATER,40-64,M,D
2017,Tropical Storm,VEHICLE,0-17,F,D
2017,Tropical Storm,WATER,18-39,M,D
2017,Tropical Storm,WATER,40-64,M,D
2017,Tropical Storm,VEHICLE,18-39,F,D
2017,Tropical Storm,OTHER,unknown,unknown,I
2017,Tropical Storm,VEHICLE,40-64,M,D
2017,Tropical Storm,WATER,18-39,M,D
2017,Tropical Storm,WATER,40-64,M,D
2017,Tropical Storm,WATER,65+,M,D
2017,Tropical Storm,OTHER,unknown,unknown,I
2017,Tropical Storm,OTHER,unknown,unknown,I
2017,Tropical Storm,VEHICLE,65+,F,D
2017,Tropical Storm,WATER,18-39,M,D
2017,Tropical Storm,VEHICLE,65+,F,D
2017,Tropical Storm,RES,unknown,M,I
2017,Tropical Storm,VEHICLE,unknown,unknown,I
2017,Tropical Storm,RES,unknown,F,I
2017,Tropical Storm,OTHER,unknown,unknown,I
2017,Tropical Storm,RES,unknown,M,I
2017,Tropical Storm,OTHER,65+,M,I
2017,Tropical Storm,OTHER,40-64,M,I
2017,Tropical Storm,VEHICLE,40-64,F,I
2017,Tropical Storm,OTHER,unknown,unknown,I
2017,Tropical Storm,RES,0-17,F,I
2017,Tropical Storm,RES,0-17,M,I
2017,Tropical Storm,RES,18-39,F,I
2017,Tropical Storm,RES,40-64,M,I
2017,Tropical Storm,OTHER,unknown,unknown,I
2017,Tropical Storm,OTHER,unknown,unknown,I
2017,Tropical Storm,RES,65+,M,I
2017,Tropical Storm,VEHICLE,65+,F,D
2017,Tropical Storm,OTHER,unknown,unknown,I
2017,Tropical Storm,OTHER,unknown,unknown,I
2017,Tropical Storm,OTHER,unknown,unknown,I
2017,Tropical Storm,OTHER,unknown,unknown,I
2017,Tropical Storm,VEHICLE,65+,F,D
2017,Tropical Storm,OUTDOOR,40-64,M,I
2017,Tropical Storm,OUTDOOR,40-64,M,I
2017,Tropical Storm,RES,18-39,F,I
2017,Tropical Storm,OTHER,unknown,unknown,I
2017,Tropical Storm,RES,18-39,M,I
2017,Tropical Storm,OTHER,unknown,unknown,I
2017,Tropical Storm,RES,65+,M,I
2017,Tropical Storm,WATER,18-39,F,D
2017,Tropical Storm,OTHER,unknown,unknown,I
2017,Tropical Storm,RES,18-39,M,I
2017,Tropical Storm,RES,65+,M,D
2017,Tropical Storm,OTHER,unknown,unknown,I
2017,Tropical Storm,OTHER,unknown,unknown,I
2017,Tropical Storm,RES,65+,F,I
2017,Tropical Storm,RES,65+,M,I
2017,Tropical Storm,OUTDOOR,65+,M,I
2017,Tropical Storm,OUTDOOR,65+,M,I
2017,Tropical Storm,VEHICLE,65+,F,D
2017,Tropical Storm,VEHICLE,65+,F,D
2017,Tropical Storm,OTHER,unknown,unknown,I
2017,Tropical Storm,OTHER,unknown,unknown,I
2017,Tropical Storm,VEHICLE,65+,F,D
2017,Tropical Storm,WATER,18-39,M,D
2017,Tropical Storm,WATER,40-64,M,D
2017,Tropical Storm,WATER,40-64,M,D
2017,Tropical Storm,OTHER,unknown,unknown,I
2017,Tropical Storm,VEHICLE,65+,F,D
2017,Tropical Storm,VEHICLE,65+,F,D
2017,Tropical Storm,WATER,18-39,M,D
2017,Tropical Storm,VEHICLE,65+,F,D
2017,Tropical Storm,VEHICLE,65+,F,D
2017,Tropical Storm,WATER,18-39,M,D
2017,Tropical Storm,OTHER,unknown,unknown,I
2017,Tropical Storm,OTHER,unknown,unknown,I
2017,Tropical Storm,OTHER,unknown,unknown,I
2017,Tropical Storm,OTHER,unknown,unknown,I
2017,Tropical Storm,VEHICLE,65+,F,D
2017,Tropical Storm,VEHICLE,65+,F,D
2017,Tropical Storm,OTHER,unknown,unknown,I
2017,Wildfire,OTHER,65+,M,D
2017,Wildfire,OUTDOOR,unknown,unknown,D
2017,Wildfire,OTHER,unknown,unknown,D
2017,Wildfire,OTHER,unknown,unknown,D
2017,Wildfire,OTHER,40-64,F,D
2017,Wildfire,OUTDOOR,18-39,M,D
2017,Wildfire,OUTDOOR,18-39,M,D
2017,Wildfire,OUTDOOR,18-39,M,D
2017,Wildfire,OTHER,unknown,unknown,D
2017,Wildfire,OUTDOOR,18-39,M,D
2017,Wildfire,OTHER,unknown,unknown,D
2017,Wildfire,OUTDOOR,18-39,M,D
2017,Wildfire,OUTDOOR,65+,M,D
2017,Wildfire,OTHER,unknown,unknown,D
2017,Wildfire,OTHER,65+,M,D
2017,Wildfire,OUTDOOR,unknown,unknown,D
2017,Wildfire,OUTDOOR,40-64,M,D
2017,Wildfire,OUTDOOR,unknown,unknown,D
2017,Wildfire,OUTDOOR,unknown,unknown,D
2017,Wildfire,OUTDOOR,65+,M,D
2017,Wildfire,OUTDOOR,40-64,F,I
2017,Wildfire,OTHER,unknown,unknown,D
2017,Wildfire,OTHER,unknown,unknown,D
2017,Wildfire,OTHER,65+,F,D
2017,Wildfire,OTHER,unknown,unknown,D
2017,Winter Storm,RES,unknown,M,I
2017,Winter Storm,VEHICLE,40-64,M,I
2017,Winter Storm,VEHICLE,65+,F,I
2017,Winter Storm,VEHICLE,40-64,F,I
2017,Winter Storm,RES,65+,F,I
2017,Winter Storm,RES,unknown,M,I
2017,Winter Storm,WATER,40-64,M,I
2017,Winter Weather,VEHICLE,18-39,M,I
2017,Winter Weather,OUTDOOR,40-64,F,I
2017,Winter Weather,VEHICLE,18-39,F,I
2017,Winter Weather,OUTDOOR,unknown,unknown,I
2017,Winter Weather,OUTDOOR,unknown,unknown,I
2017,Winter Weather,VEHICLE,18-39,M,I
2017,Winter Weather,VEHICLE,18-39,M,I
2017,Winter Weather,OTHER,40-64,M,I
2017,Winter Weather,VEHICLE,65+,M,I
2017,Winter Weather,VEHICLE,unknown,unknown,I
2017,Winter Weather,VEHICLE,40-64,M,I
2017,Winter Weather,VEHICLE,18-39,F,I
2017,Winter Weather,VEHICLE,0-17,F,I
2017,Winter Weather,VEHICLE,40-64,M,I
2017,Winter Weather,VEHICLE,unknown,unknown,I
2017,Winter Weather,VEHICLE,18-39,M,I
2017,Winter Weather,OTHER,unknown,M,D
2017,Winter Weather,VEHICLE,40-64,M,I
2017,Winter Weather,VEHICLE,40-64,M,I
2017,Winter Weather,VEHICLE,0-17,F,I
2017,Winter Weather,VEHICLE,40-64,F,I
2017,Winter Weather,OUTDOOR,unknown,unknown,I
2017,Winter Weather,VEHICLE,40-64,F,I
2017,Winter Weather,VEHICLE,18-39,F,I
2017,Winter Weather,VEHICLE,18-39,F,I
2017,Winter Weather,VEHICLE,0-17,F,I
2017,Winter Weather,VEHICLE,18-39,M,I
2017,Winter Weather,VEHICLE,65+,M,I
2017,Winter Weather,VEHICLE,40-64,M,I
2017,Winter Weather,VEHICLE,18-39,M,I
2017,Winter Weather,VEHICLE,18-39,M,I
2018,Avalanche,VEHICLE,40-64,M,D
2018,Avalanche,VEHICLE,18-39,M,D
2018,Avalanche,OUTDOOR,18-39,M,D
2018,Avalanche,OUTDOOR,18-39,M,D
2018,Avalanche,OUTDOOR,18-39,M,D
2018,Avalanche,VEHICLE,40-64,M,D
2018,Blizzard,VEHICLE,40-64,M,I
2018,Blizzard,VEHICLE,40-64,M,I
2018,Blizzard,OUTDOOR,unknown,M,I
2018,Blizzard,VEHICLE,unknown,unknown,I
2018,Blizzard,VEHICLE,65+,M,I
2018,Blizzard,OUTDOOR,18-39,F,D
2018,Blizzard,OUTDOOR,40-64,M,I
2018,Coastal Flood,OTHER,40-64,M,D
2018,Cold/Wind Chill,OUTDOOR,40-64,F,D
2018,Cold/Wind Chill,OUTDOOR,40-64,M,D
2018,Cold/Wind Chill,OUTDOOR,18-39,M,I
2018,Cold/Wind Chill,OUTDOOR,18-39,M,D
2018,Cold/Wind Chill,OUTDOOR,40-64,F,D
2018,Cold/Wind Chill,OUTDOOR,40-64,M,D
2018,Cold/Wind Chill,OUTDOOR,65+,F,D
2018,Cold/Wind Chill,OUTDOOR,65+,M,D
2018,Cold/Wind Chill,OUTDOOR,40-64,F,D
2018,Cold/Wind Chill,OUTDOOR,65+,F,D
2018,Cold/Wind Chill,WATER,18-39,M,I
2018,Cold/Wind Chill,RES,40-64,M,I
2018,Cold/Wind Chill,WATER,40-64,M,D
2018,Cold/Wind Chill,OUTDOOR,unknown,M,D
2018,Cold/Wind Chill,VEHICLE,40-64,M,D
2018,Cold/Wind Chill,OUTDOOR,unknown,M,D
2018,Cold/Wind Chill,OUTDOOR,18-39,M,D
2018,Cold/Wind Chill,OUTDOOR,40-64,M,D
2018,Cold/Wind Chill,OUTDOOR,65+,F,D
2018,Cold/Wind Chill,OUTDOOR,18-39,F,D
2018,Cold/Wind Chill,OUTDOOR,40-64,M,I
2018,Cold/Wind Chill,OUTDOOR,40-64,M,I
2018,Cold/Wind Chill,OUTDOOR,40-64,F,D
2018,Cold/Wind Chill,OUTDOOR,65+,F,D
2018,Cold/Wind Chill,OUTDOOR,unknown,unknown,D
2018,Cold/Wind Chill,WATER,18-39,M,D
2018,Cold/Wind Chill,OUTDOOR,unknown,unknown,D
2018,Debris Flow,OTHER,unknown,unknown,D
2018,Debris Flow,OTHER,unknown,unknown,D
2018,Debris Flow,OTHER,unknown,unknown,D
2018,Debris Flow,OTHER,unknown,unknown,D
2018,Debris Flow,OTHER,unknown,unknown,D
2018,Debris Flow,OTHER,unknown,unknown,D
2018,Debris Flow,OTHER,unknown,unknown,D
2018,Debris Flow,OTHER,unknown,unknown,D
2018,Debris Flow,OTHER,unknown,unknown,D
2018,Debris Flow,OTHER,unknown,unknown,D
2018,Debris Flow,OTHER,unknown,unknown,D
2018,Debris Flow,OTHER,unknown,unknown,D
2018,Debris Flow,OTHER,unknown,unknown,D
2018,Debris Flow,OTHER,unknown,unknown,D
2018,Debris Flow,OTHER,unknown,unknown,D
2018,Debris Flow,OTHER,unknown,unknown,D
2018,Debris Flow,OTHER,unknown,unknown,D
2018,Debris Flow,OTHER,unknown,unknown,D
2018,Debris Flow,OTHER,unknown,unknown,D
2018,Debris Flow,OTHER,unknown,unknown,D
2018,Debris Flow,RES,65+,F,I
2018,Debris Flow,OTHER,unknown,unknown,D
2018,Debris Flow,RES,40-64,F,D
2018,Debris Flow,RES,65+,M,I
2018,Dense Fog,VEHICLE,40-64,M,I
2018,Dense Fog,VEHICLE,40-64,M,I
2018,Dense Fog,VEHICLE,40-64,M,I
2018,Dense Fog,VEHICLE,0-17,M,I
2018,Dense Fog,VEHICLE,unknown,F,I
2018,Dense Fog,OTHER,unknown,M,I
2018,Dense Fog,VEHICLE,18-39,M,I
2018,Dense Fog,VEHICLE,40-64,F,I
2018,Dust Storm,VEHICLE,65+,M,I
2018,Dust Storm,VEHICLE,65+,M,I
2018,Dust Storm,OUTDOOR,18-39,M,I
2018,Excessive Heat,OTHER,unknown,unknown,D
2018,Excessive Heat,OTHER,unknown,unknown,D
2018,Excessive Heat,OTHER,unknown,M,D
2018,Excessive Heat,OTHER,unknown,unknown,D
2018,Excessive Heat,OTHER,unknown,M,D
2018,Excessive Heat,OTHER,unknown,M,D
2018,Excessive Heat,OTHER,unknown,M,D
2018,Excessive Heat,OTHER,unknown,M,D
2018,Excessive Heat,OTHER,unknown,unknown,D
2018,Excessive Heat,OUTDOOR,unknown,M,D
2018,Excessive Heat,OTHER,unknown,unknown,D
2018,Excessive Heat,OUTDOOR,40-64,M,D
2018,Excessive Heat,OTHER,unknown,unknown,D
2018,Excessive Heat,OTHER,unknown,unknown,D
2018,Excessive Heat,OTHER,unknown,unknown,D
2018,Excessive Heat,OTHER,unknown,unknown,D
2018,Excessive Heat,OUTDOOR,40-64,M,D
2018,Excessive Heat,OUTDOOR,18-39,M,D
2018,Excessive Heat,OTHER,unknown,unknown,D
2018,Excessive Heat,OTHER,unknown,unknown,D
2018,Excessive Heat,OTHER,unknown,unknown,D
2018,Excessive Heat,OTHER,unknown,unknown,I
2018,Excessive Heat,OTHER,unknown,unknown,D
2018,Excessive Heat,OTHER,unknown,unknown,D
2018,Excessive Heat,OTHER,unknown,unknown,D
2018,Excessive Heat,OTHER,unknown,unknown,D
2018,Excessive Heat,OUTDOOR,40-64,M,D
2018,Excessive Heat,OTHER,unknown,F,D
2018,Excessive Heat,OTHER,unknown,F,D
2018,Excessive Heat,OTHER,unknown,unknown,D
2018,Excessive Heat,OTHER,unknown,F,D
2018,Excessive Heat,RES,65+,M,D
2018,Excessive Heat,RES,65+,M,D
2018,Excessive Heat,RES,40-64,F,D
2018,Excessive Heat,RES,65+,F,D
2018,Excessive Heat,OTHER,unknown,unknown,I
2018,Excessive Heat,OTHER,unknown,unknown,D
2018,Excessive Heat,VEHICLE,65+,F,D
2018,Excessive Heat,RES,65+,M,D
2018,Excessive Heat,RES,65+,M,D
2018,Excessive Heat,OUTDOOR,40-64,M,I
2018,Excessive Heat,OUTDOOR,40-64,M,I
2018,Excessive Heat,RES,40-64,M,I
2018,Excessive Heat,OTHER,unknown,unknown,D
2018,Excessive Heat,OTHER,unknown,unknown,D
2018,Excessive Heat,RES,65+,M,D
2018,Excessive Heat,OTHER,unknown,unknown,D
2018,Excessive Heat,RES,65+,F,D
2018,Excessive Heat,OUTDOOR,40-64,M,D
2018,Excessive Heat,OUTDOOR,40-64,M,D
2018,Excessive Heat,OUTDOOR,40-64,M,D
2018,Excessive Heat,OUTDOOR,40-64,M,D
2018,Excessive Heat,OUTDOOR,40-64,M,D
2018,Excessive Heat,OUTDOOR,40-64,M,D
2018,Excessive Heat,OTHER,unknown,unknown,D
2018,Excessive Heat,OTHER,unknown,unknown,D
2018,Excessive Heat,OTHER,unknown,unknown,D
2018,Excessive Heat,OTHER,unknown,unknown,D
2018,Excessive Heat,OTHER,unknown,unknown,D
2018,Excessive Heat,OTHER,unknown,unknown,D
2018,Excessive Heat,VEHICLE,0-17,M,D
2018,Excessive Heat,OTHER,unknown,unknown,D
2018,Excessive Heat,OTHER,unknown,unknown,D
2018,Excessive Heat,OTHER,unknown,unknown,I
2018,Excessive Heat,OUTDOOR,65+,F,I
2018,Excessive Heat,OTHER,unknown,unknown,I
2018,Excessive Heat,OUTDOOR,40-64,M,D
2018,Excessive Heat,OTHER,unknown,M,D
2018,Excessive Heat,OTHER,unknown,unknown,I
2018,Excessive Heat,OTHER,unknown,unknown,I
2018,Excessive Heat,OTHER,40-64,M,D
2018,Excessive Heat,OTHER,unknown,unknown,D
2018,Excessive Heat,OTHER,unknown,unknown,I
2018,Excessive Heat,OTHER,unknown,unknown,I
2018,Excessive Heat,OTHER,unknown,unknown,I
2018,Excessive Heat,OTHER,unknown,unknown,D
2018,Excessive Heat,OTHER,unknown,unknown,I
2018,Excessive Heat,RES,40-64,F,D
2018,Excessive Heat,RES,40-64,M,D
2018,Excessive Heat,VEHICLE,40-64,M,D
2018,Excessive Heat,RES,65+,M,I
2018,Excessive Heat,OTHER,unknown,unknown,I
2018,Excessive Heat,OTHER,65+,M,I
2018,Excessive Heat,OTHER,unknown,unknown,D
2018,Excessive Heat,OTHER,unknown,unknown,D
2018,Excessive Heat,OTHER,unknown,unknown,D
2018,Excessive Heat,OUTDOOR,40-64,M,I
2018,Excessive Heat,OUTDOOR,40-64,M,I
2018,Excessive Heat,OTHER,unknown,unknown,D
2018,Excessive Heat,OTHER,unknown,unknown,D
2018,Excessive Heat,OTHER,unknown,unknown,D
2018,Excessive Heat,OTHER,unknown,unknown,D
2018,Excessive Heat,OUTDOOR,40-64,M,D
2018,Excessive Heat,OUTDOOR,18-39,M,D
2018,Excessive Heat,OUTDOOR,40-64,M,D
2018,Excessive Heat,OUTDOOR,65+,F,D
2018,Excessive Heat,OUTDOOR,40-64,M,D
2018,Excessive Heat,OUTDOOR,65+,M,D
2018,Excessive Heat,OUTDOOR,40-64,M,I
2018,Excessive Heat,RES,65+,F,D
2018,Excessive Heat,RES,40-64,M,D
2018,Excessive Heat,OTHER,unknown,unknown,D
2018,Excessive Heat,OTHER,unknown,unknown,D
2018,Excessive Heat,OTHER,unknown,unknown,D
2018,Excessive Heat,OTHER,unknown,unknown,D
2018,Excessive Heat,OTHER,unknown,unknown,D
2018,Excessive Heat,OTHER,unknown,unknown,D
2018,Excessive Heat,OTHER,unknown,unknown,D
2018,Excessive Heat,OTHER,unknown,unknown,I
2018,Excessive Heat,OTHER,unknown,unknown,D
2018,Excessive Heat,OTHER,unknown,unknown,D
2018,Excessive Heat,OTHER,unknown,unknown,D
2018,Excessive Heat,OUTDOOR,40-64,M,I
2018,Excessive Heat,OUTDOOR,18-39,M,D
2018,Excessive Heat,OTHER,unknown,unknown,D
2018,Excessive Heat,OUTDOOR,65+,M,D
2018,Excessive Heat,OUTDOOR,65+,F,D
2018,Excessive Heat,OUTDOOR,40-64,M,I
2018,Excessive Heat,VEHICLE,40-64,M,I
2018,Excessive Heat,RES,65+,M,D
2018,Excessive Heat,OUTDOOR,18-39,M,D
2018,Excessive Heat,OUTDOOR,65+,M,I
2018,Excessive Heat,OTHER,40-64,F,I
2018,Excessive Heat,OTHER,unknown,unknown,D
2018,Excessive Heat,OTHER,unknown,unknown,D
2018,Excessive Heat,OTHER,unknown,unknown,D
2018,Excessive Heat,OTHER,unknown,unknown,D
2018,Excessive Heat,OTHER,unknown,unknown,D
2018,Excessive Heat,OTHER,unknown,unknown,I
2018,Excessive Heat,OUTDOOR,18-39,M,D
2018,Excessive Heat,OTHER,unknown,unknown,D
2018,Excessive Heat,OTHER,unknown,unknown,I
2018,Excessive Heat,OTHER,unknown,unknown,D
2018,Excessive Heat,OTHER,unknown,unknown,I
2018,Excessive Heat,OTHER,unknown,unknown,D
2018,Excessive Heat,OTHER,unknown,unknown,I
2018,Excessive Heat,OTHER,unknown,unknown,D
2018,Excessive Heat,OTHER,unknown,unknown,I
2018,Excessive Heat,OTHER,unknown,unknown,I
2018,Excessive Heat,OTHER,unknown,unknown,I
2018,Excessive Heat,OTHER,unknown,unknown,D
2018,Excessive Heat,OTHER,unknown,unknown,I
2018,Excessive Heat,OTHER,unknown,unknown,D
2018,Excessive Heat,OTHER,unknown,unknown,D
2018,Excessive Heat,OTHER,unknown,unknown,I
2018,Excessive Heat,OTHER,unknown,unknown,I
2018,Excessive Heat,OTHER,unknown,unknown,I
2018,Excessive Heat,OTHER,unknown,unknown,D
2018,Excessive Heat,OTHER,unknown,unknown,D
2018,Excessive Heat,OTHER,unknown,unknown,D
2018,Excessive Heat,OTHER,unknown,unknown,D
2018,Excessive Heat,OTHER,unknown,unknown,D
2018,Excessive Heat,OTHER,unknown,unknown,D
2018,Excessive Heat,OTHER,unknown,unknown,I
2018,Excessive Heat,OTHER,unknown,unknown,D
2018,Excessive Heat,OTHER,unknown,unknown,I
2018,Excessive Heat,OTHER,unknown,unknown,D
2018,Excessive Heat,OTHER,unknown,unknown,D
2018,Excessive Heat,OTHER,unknown,unknown,D
2018,Excessive Heat,OTHER,unknown,unknown,D
2018,Excessive Heat,OTHER,unknown,unknown,D
2018,Excessive Heat,OTHER,unknown,unknown,D
2018,Excessive Heat,OTHER,unknown,unknown,D
2018,Excessive Heat,OUTDOOR,unknown,M,D
2018,Excessive Heat,OTHER,unknown,unknown,I
2018,Excessive Heat,OTHER,unknown,unknown,I
2018,Excessive Heat,OTHER,unknown,unknown,I
2018,Excessive Heat,OTHER,unknown,unknown,I
2018,Excessive Heat,OTHER,unknown,unknown,D
2018,Excessive Heat,OTHER,unknown,unknown,D
2018,Excessive Heat,OTHER,unknown,unknown,D
2018,Excessive Heat,OTHER,unknown,unknown,D
2018,Excessive Heat,OTHER,unknown,unknown,D
2018,Excessive Heat,OTHER,unknown,unknown,D
2018,Excessive Heat,OTHER,unknown,unknown,D
2018,Excessive Heat,OTHER,unknown,unknown,D
2018,Excessive Heat,OTHER,unknown,unknown,D
2018,Excessive Heat,OTHER,unknown,unknown,D
2018,Excessive Heat,OTHER,unknown,unknown,D
2018,Excessive Heat,OTHER,unknown,unknown,D
2018,Excessive Heat,OTHER,unknown,unknown,D
2018,Excessive Heat,OTHER,unknown,unknown,D
2018,Excessive Heat,OTHER,unknown,unknown,D
2018,Excessive Heat,OTHER,unknown,unknown,D
2018,Excessive Heat,OTHER,unknown,unknown,D
2018,Excessive Heat,OTHER,unknown,unknown,D
2018,Excessive Heat,OTHER,unknown,unknown,D
2018,Excessive Heat,OTHER,unknown,unknown,D
2018,Excessive Heat,OTHER,unknown,unknown,D
2018,Excessive Heat,OTHER,unknown,unknown,D
2018,Excessive Heat,OTHER,unknown,unknown,D
2018,Excessive Heat,OTHER,unknown,unknown,D
2018,Excessive Heat,OTHER,unknown,unknown,D
2018,Excessive Heat,OTHER,unknown,unknown,D
2018,Excessive Heat,OTHER,unknown,unknown,D
2018,Excessive Heat,OTHER,unknown,unknown,D
2018,Excessive Heat,OTHER,unknown,unknown,D
2018,Excessive Heat,OTHER,unknown,unknown,D
2018,Excessive Heat,OTHER,unknown,unknown,D
2018,Excessive Heat,OTHER,unknown,unknown,I
2018,Extreme Cold/Wind Chill,OUTDOOR,unknown,unknown,D
2018,Extreme Cold/Wind Chill,OUTDOOR,unknown,M,D
2018,Extreme Cold/Wind Chill,OUTDOOR,unknown,unknown,D
2018,Extreme Cold/Wind Chill,OUTDOOR,65+,F,D
2018,Extreme Cold/Wind Chill,PUBLIC,65+,F,D
2018,Extreme Cold/Wind Chill,OUTDOOR,40-64,F,D
2018,Extreme Cold/Wind Chill,OUTDOOR,unknown,unknown,D
2018,Extreme Cold/Wind Chill,OUTDOOR,40-64,M,D
2018,Extreme Cold/Wind Chill,OUTDOOR,unknown,M,D
2018,Extreme Cold/Wind Chill,OUTDOOR,65+,M,D
2018,Extreme Cold/Wind Chill,OUTDOOR,40-64,F,D
2018,Extreme Cold/Wind Chill,OUTDOOR,40-64,F,D
2018,Extreme Cold/Wind Chill,OUTDOOR,65+,F,D
2018,Extreme Cold/Wind Chill,OUTDOOR,unknown,unknown,D
2018,Extreme Cold/Wind Chill,RES,65+,M,D
2018,Flash Flood,OUTDOOR,40-64,M,D
2018,Flash Flood,VEHICLE,40-64,M,D
2018,Flash Flood,VEHICLE,40-64,M,D
2018,Flash Flood,VEHICLE,65+,F,D
2018,Flash Flood,WATER,40-64,F,D
2018,Flash Flood,VEHICLE,40-64,F,D
2018,Flash Flood,VEHICLE,40-64,M,D
2018,Flash Flood,WATER,65+,M,D
2018,Flash Flood,WATER,18-39,F,D
2018,Flash Flood,WATER,0-17,F,D
2018,Flash Flood,VEHICLE,65+,F,D
2018,Flash Flood,VEHICLE,40-64,M,D
2018,Flash Flood,WATER,18-39,M,D
2018,Flash Flood,VEHICLE,65+,M,D
2018,Flash Flood,RES,0-17,M,D
2018,Flash Flood,OUTDOOR,18-39,F,D
2018,Flash Flood,VEHICLE,18-39,M,D
2018,Flash Flood,VEHICLE,0-17,M,D
2018,Flash Flood,VEHICLE,18-39,M,D
2018,Flash Flood,OUTDOOR,65+,M,D
2018,Flash Flood,VEHICLE,65+,M,D
2018,Flash Flood,OUTDOOR,18-39,M,D
2018,Flash Flood,VEHICLE,65+,M,D
2018,Flash Flood,VEHICLE,65+,M,D
2018,Flash Flood,VEHICLE,40-64,F,D
2018,Flash Flood,VEHICLE,40-64,F,D
2018,Flash Flood,OUTDOOR,65+,M,D
2018,Flash Flood,OUTDOOR,18-39,M,D
2018,Flash Flood,VEHICLE,18-39,M,D
2018,Flash Flood,RES,18-39,F,D
2018,Flash Flood,VEHICLE,65+,M,D
2018,Flash Flood,VEHICLE,40-64,M,D
2018,Flash Flood,VEHICLE,18-39,M,D
2018,Flash Flood,VEHICLE,65+,unknown,D
2018,Flash Flood,OUTDOOR,40-64,M,D
2018,Flash Flood,OUTDOOR,40-64,F,D
2018,Flash Flood,OUTDOOR,65+,M,D
2018,Flash Flood,VEHICLE,65+,M,D
2018,Flash Flood,VEHICLE,65+,M,D
2018,Flash Flood,VEHICLE,40-64,F,D
2018,Flash Flood,OUTDOOR,40-64,F,D
2018,Flash Flood,OTHER,65+,M,I
2018,Flash Flood,VEHICLE,18-39,M,D
2018,Flash Flood,VEHICLE,65+,M,D
2018,Flash Flood,VEHICLE,65+,M,D
2018,Flash Flood,VEHICLE,65+,M,D
2018,Flash Flood,VEHICLE,40-64,M,D
2018,Flash Flood,VEHICLE,40-64,F,D
2018,Flash Flood,VEHICLE,40-64,F,D
2018,Flash Flood,VEHICLE,65+,F,D
2018,Flash Flood,WATER,18-39,M,D
2018,Flash Flood,VEHICLE,65+,M,D
2018,Flash Flood,WATER,18-39,F,D
2018,Flash Flood,VEHICLE,65+,M,D
2018,Flash Flood,VEHICLE,65+,M,D
2018,Flash Flood,VEHICLE,40-64,F,D
2018,Flood,WATER,18-39,M,D
2018,Flood,WATER,0-17,M,I
2018,Flood,WATER,0-17,M,D
2018,Flood,WATER,18-39,M,D
2018,Flood,OTHER,40-64,F,D
2018,Flood,VEHICLE,40-64,M,D
2018,Flood,VEHICLE,18-39,F,D
2018,Flood,WATER,40-64,F,I
2018,Flood,WATER,0-17,M,D
2018,Flood,WATER,0-17,unknown,D
2018,Flood,VEHICLE,18-39,F,D
2018,Flood,WATER,18-39,M,D
2018,Flood,VEHICLE,65+,M,D
2018,Flood,VEHICLE,18-39,M,D
2018,Flood,VEHICLE,40-64,M,D
2018,Flood,VEHICLE,65+,F,D
2018,Flood,VEHICLE,40-64,M,D
2018,Flood,VEHICLE,65+,M,D
2018,Flood,OUTDOOR,18-39,M,D
2018,Flood,OUTDOOR,65+,M,D
2018,Flood,OUTDOOR,65+,F,D
2018,Flood,VEHICLE,40-64,F,D
2018,Flood,VEHICLE,18-39,F,D
2018,Flood,OUTDOOR,65+,M,D
2018,Flood,OUTDOOR,18-39,F,D
2018,Flood,WATER,0-17,M,D
2018,Heat,OTHER,unknown,unknown,D
2018,Heat,RES,65+,M,D
2018,Heat,OTHER,unknown,unknown,I
2018,Heat,OTHER,unknown,unknown,I
2018,Heat,OTHER,unknown,unknown,I
2018,Heat,OTHER,unknown,unknown,D
2018,Heat,OTHER,unknown,unknown,D
2018,Heat,OTHER,unknown,unknown,D
2018,Heat,OTHER,unknown,unknown,D
2018,Heat,OTHER,unknown,unknown,D
2018,Heat,OTHER,unknown,unknown,D
2018,Heat,OTHER,unknown,unknown,D
2018,Heat,OTHER,unknown,unknown,I
2018,Heat,OTHER,unknown,unknown,I
2018,Heat,OTHER,unknown,unknown,D
2018,Heat,OTHER,unknown,unknown,I
2018,Heat,OTHER,unknown,M,D
2018,Heat,OTHER,unknown,M,D
2018,Heat,OTHER,unknown,unknown,D
2018,Heat,OTHER,unknown,unknown,D
2018,Heat,OTHER,unknown,M,D
2018,Heat,RES,65+,M,D
2018,Heat,OTHER,unknown,unknown,I
2018,Heat,OTHER,unknown,unknown,D
2018,Heat,OTHER,unknown,unknown,D
2018,Heat,OTHER,unknown,unknown,D
2018,Heat,OTHER,unknown,unknown,D
2018,Heat,OUTDOOR,18-39,M,D
2018,Heat,OUTDOOR,40-64,M,D
2018,Heat,OUTDOOR,40-64,M,D
2018,Heat,OUTDOOR,40-64,M,I
2018,Heat,RES,65+,M,I
2018,Heat,OTHER,unknown,M,D
2018,Heat,WATER,18-39,M,I
2018,Heat,WATER,65+,M,I
2018,Heat,OTHER,unknown,unknown,D
2018,Heat,MH,40-64,F,D
2018,Heat,RES,65+,M,D
2018,Heat,OTHER,unknown,M,D
2018,Heat,OUTDOOR,40-64,M,D
2018,Heat,VEHICLE,0-17,F,D
2018,Heat,RES,65+,F,D
2018,Heat,OTHER,unknown,unknown,I
2018,Heat,OTHER,unknown,unknown,I
2018,Heat,OTHER,unknown,F,D
2018,Heat,OTHER,unknown,unknown,D
2018,Heat,OTHER,unknown,unknown,I
2018,Heat,OTHER,unknown,unknown,I
2018,Heat,OTHER,unknown,unknown,I
2018,Heat,OTHER,unknown,unknown,D
2018,Heat,OTHER,unknown,unknown,D
2018,Heat,OTHER,unknown,unknown,I
2018,Heat,OTHER,unknown,unknown,I
2018,Heat,OTHER,unknown,unknown,I
2018,Heat,OTHER,unknown,unknown,D
2018,Heat,OTHER,unknown,unknown,D
2018,Heat,OTHER,unknown,unknown,D
2018,Heat,OUTDOOR,65+,M,D
2018,Heat,OTHER,unknown,unknown,D
2018,Heat,OTHER,unknown,unknown,D
2018,Heat,OTHER,unknown,unknown,I
2018,Heat,OTHER,unknown,unknown,D
2018,Heat,OTHER,unknown,unknown,D
2018,Heat,OTHER,unknown,unknown,D
2018,Heat,OTHER,unknown,unknown,D
2018,Heat,OTHER,unknown,unknown,D
2018,Heat,OTHER,unknown,unknown,D
2018,Heat,OTHER,unknown,unknown,I
2018,Heat,OTHER,unknown,unknown,D
2018,Heat,OTHER,unknown,unknown,I
2018,Heat,OTHER,unknown,unknown,D
2018,Heat,OTHER,unknown,unknown,D
2018,Heat,OTHER,unknown,unknown,D
2018,Heat,OTHER,unknown,unknown,D
2018,Heat,OTHER,unknown,M,D
2018,Heat,OTHER,unknown,unknown,I
2018,Heat,OTHER,unknown,unknown,D
2018,Heat,OUTDOOR,40-64,M,D
2018,Heat,OTHER,unknown,F,D
2018,Heat,OTHER,unknown,M,D
2018,Heat,OTHER,unknown,unknown,I
2018,Heat,RES,65+,M,D
2018,Heat,OUTDOOR,40-64,F,D
2018,Heat,OUTDOOR,18-39,M,D
2018,Heat,OUTDOOR,18-39,M,D
2018,Heat,RES,65+,M,D
2018,Heat,OUTDOOR,18-39,M,D
2018,Heat,OTHER,unknown,unknown,I
2018,Heat,OTHER,unknown,unknown,I
2018,Heat,OTHER,unknown,unknown,D
2018,Heat,OTHER,unknown,unknown,D
2018,Heat,OTHER,unknown,unknown,I
2018,Heat,OTHER,unknown,unknown,I
2018,Heat,OTHER,unknown,unknown,I
2018,Heat,OTHER,unknown,unknown,D
2018,Heat,OTHER,unknown,unknown,I
2018,Heat,OTHER,unknown,unknown,I
2018,Heat,OTHER,unknown,unknown,I
2018,Heat,OTHER,unknown,unknown,I
2018,Heat,OTHER,unknown,unknown,I
2018,Heat,OTHER,unknown,unknown,D
2018,Heat,OTHER,unknown,unknown,I
2018,Heat,OTHER,unknown,unknown,I
2018,Heat,OTHER,unknown,unknown,D
2018,Heat,OTHER,unknown,unknown,I
2018,Heat,OTHER,unknown,unknown,D
2018,Heat,OTHER,unknown,unknown,I
2018,Heat,OTHER,unknown,unknown,I
2018,Heat,OTHER,unknown,unknown,D
2018,Heat,OTHER,unknown,unknown,I
2018,Heat,OTHER,unknown,unknown,D
2018,Heat,OTHER,unknown,unknown,I
2018,Heat,OTHER,unknown,unknown,I
2018,Heat,OTHER,unknown,unknown,D
2018,Heat,OUTDOOR,65+,M,D
2018,Heat,OTHER,unknown,unknown,D
2018,Heat,OTHER,unknown,unknown,D
2018,Heat,OTHER,unknown,unknown,D
2018,Heat,OTHER,unknown,unknown,D
2018,Heat,VEHICLE,40-64,M,I
2018,Heat,OTHER,unknown,unknown,D
2018,Heat,OTHER,unknown,unknown,I
2018,Heat,OTHER,unknown,unknown,I
2018,Heat,PUBLIC,40-64,M,D
2018,Heat,OTHER,unknown,unknown,I
2018,Heat,RES,65+,F,D
2018,Heat,RES,65+,M,D
2018,Heat,VEHICLE,0-17,F,D
2018,Heat,RES,65+,F,I
2018,Heat,RES,65+,M,I
2018,Heat,RES,65+,F,I
2018,Heat,OUTDOOR,65+,M,D
2018,Heat,OUTDOOR,40-64,M,D
2018,Heat,RES,65+,M,D
2018,Heat,RES,65+,M,I
2018,Heat,RES,65+,M,I
2018,Heat,OUTDOOR,40-64,M,I
2018,Heat,OUTDOOR,40-64,M,I
2018,Heat,OUTDOOR,18-39,M,I
2018,Heat,OUTDOOR,40-64,M,I
2018,Heat,OUTDOOR,40-64,M,D
2018,Heat,OUTDOOR,65+,M,I
2018,Heat,OUTDOOR,18-39,M,D
2018,Heat,MH,65+,M,D
2018,Heat,RES,65+,M,D
2018,Heat,RES,65+,M,D
2018,Heat,OUTDOOR,65+,F,D
2018,Heat,VEHICLE,0-17,M,I
2018,Heat,VEHICLE,0-17,F,I
2018,Heat,OUTDOOR,65+,M,I
2018,Heat,OUTDOOR,40-64,M,I
2018,Heat,RES,65+,M,I
2018,Heat,VEHICLE,65+,M,D
2018,Heat,RES,65+,F,I
2018,Heat,OUTDOOR,40-64,M,I
2018,Heat,OUTDOOR,40-64,F,I
2018,Heat,OUTDOOR,40-64,F,I
2018,Heat,OUTDOOR,65+,F,D
2018,Heat,OTHER,unknown,unknown,D
2018,Heat,OUTDOOR,40-64,M,I
2018,Heat,OUTDOOR,40-64,F,D
2018,Heat,RES,65+,M,D
2018,Heat,OTHER,unknown,unknown,I
2018,Heat,OTHER,unknown,M,D
2018,Heat,OTHER,unknown,unknown,I
2018,Heat,OTHER,unknown,unknown,I
2018,Heat,OUTDOOR,18-39,M,D
2018,Heat,OUTDOOR,18-39,M,D
2018,Heat,OUTDOOR,18-39,M,D
2018,Heat,OTHER,unknown,unknown,I
2018,Heat,OUTDOOR,18-39,M,D
2018,Heat,OUTDOOR,18-39,M,D
2018,Heat,VEHICLE,0-17,M,D
2018,Heat,VEHICLE,40-64,M,I
2018,Heat,RES,65+,F,I
2018,Heat,OUTDOOR,65+,F,I
2018,Heat,OUTDOOR,65+,F,D
2018,Heat,OUTDOOR,18-39,F,D
2018,Heat,OUTDOOR,18-39,M,D
2018,Heat,VEHICLE,0-17,F,D
2018,Heat,OTHER,40-64,M,I
2018,Heat,OUTDOOR,40-64,M,I
2018,Heat,OUTDOOR,65+,M,D
2018,Heat,OUTDOOR,40-64,F,I
2018,Heat,RES,65+,F,I
2018,Heat,OUTDOOR,40-64,M,I
2018,Heat,RES,65+,F,D
2018,Heat,RES,65+,F,D
2018,Heat,OTHER,unknown,unknown,D
2018,Heat,RES,40-64,F,D
2018,Heat,OTHER,unknown,unknown,D
2018,Heat,OTHER,unknown,unknown,D
2018,Heat,OTHER,unknown,unknown,D
2018,Heat,OTHER,unknown,unknown,D
2018,Heat,VEHICLE,65+,M,D
2018,Heat,OUTDOOR,unknown,M,D
2018,Heat,OUTDOOR,40-64,M,I
2018,Heat,OUTDOOR,40-64,M,I
2018,Heat,OTHER,unknown,unknown,D
2018,Heat,OUTDOOR,65+,M,D
2018,Heat,OUTDOOR,40-64,M,I
2018,Heat,VEHICLE,18-39,M,I
2018,Heat,VEHICLE,0-17,F,I
2018,Heat,VEHICLE,0-17,F,D
2018,Heat,OUTDOOR,40-64,M,I
2018,Heat,OUTDOOR,65+,M,D
2018,Heat,OUTDOOR,40-64,M,D
2018,Heat,OUTDOOR,40-64,M,D
2018,Heat,OUTDOOR,40-64,M,D
2018,Heat,RES,65+,M,D
2018,Heat,OUTDOOR,40-64,M,I
2018,Heat,OUTDOOR,65+,M,D
2018,Heat,VEHICLE,18-39,M,D
2018,Heavy Rain,VEHICLE,0-17,F,I
2018,Heavy Rain,WATER,0-17,M,I
2018,Heavy Rain,VEHICLE,40-64,M,I
2018,Heavy Rain,VEHICLE,18-39,M,I
2018,Heavy Rain,VEHICLE,18-39,M,I
2018,Heavy Rain,VEHICLE,unknown,unknown,I
2018,Heavy Rain,VEHICLE,unknown,unknown,I
2018,Heavy Rain,WATER,18-39,F,I
2018,Heavy Rain,WATER,unknown,F,D
2018,Heavy Rain,VEHICLE,18-39,F,I
2018,Heavy Rain,OUTDOOR,unknown,M,I
2018,Heavy Snow,VEHICLE,18-39,F,I
2018,Heavy Snow,OUTDOOR,40-64,M,I
2018,Heavy Snow,OUTDOOR,0-17,M,I
2018,Heavy Snow,VEHICLE,0-17,M,I
2018,Heavy Snow,OUTDOOR,65+,M,I
2018,Heavy Snow,VEHICLE,65+,F,I
2018,High Surf,WATER,65+,M,D
2018,High Surf,WATER,18-39,M,D
2018,High Surf,WATER,40-64,M,D
2018,High Surf,WATER,40-64,M,D
2018,High Surf,OTHER,40-64,F,D
2018,High Surf,OTHER,40-64,M,I
2018,High Surf,WATER,0-17,M,D
2018,High Surf,WATER,40-64,F,D
2018,High Surf,OUTDOOR,18-39,M,D
2018,High Surf,WATER,unknown,M,D
2018,High Surf,WATER,18-39,M,D
2018,High Surf,WATER,18-39,M,D
2018,High Surf,WATER,0-17,M,D
2018,High Wind,VEHICLE,40-64,M,D
2018,High Wind,OUTDOOR,unknown,F,D
2018,High Wind,OUTDOOR,18-39,M,D
2018,High Wind,VEHICLE,18-39,M,D
2018,High Wind,OUTDOOR,65+,M,D
2018,High Wind,VEHICLE,0-17,F,D
2018,High Wind,OUTDOOR,unknown,F,D
2018,High Wind,OUTDOOR,unknown,F,D
2018,High Wind,OUTDOOR,unknown,F,D
2018,High Wind,OUTDOOR,40-64,M,D
2018,High Wind,OUTDOOR,unknown,F,D
2018,High Wind,OUTDOOR,unknown,F,D
2018,High Wind,OUTDOOR,18-39,M,D
2018,High Wind,OUTDOOR,unknown,F,D
2018,High Wind,OUTDOOR,unknown,F,D
2018,High Wind,OUTDOOR,65+,F,D
2018,High Wind,OUTDOOR,unknown,F,D
2018,High Wind,OTHER,65+,F,D
2018,High Wind,OUTDOOR,unknown,F,D
2018,High Wind,OUTDOOR,0-17,M,D
2018,High Wind,VEHICLE,0-17,F,D
2018,High Wind,VEHICLE,18-39,M,D
2018,High Wind,PUBLIC,18-39,M,D
2018,High Wind,OUTDOOR,unknown,F,D
2018,High Wind,VEHICLE,40-64,M,D
2018,High Wind,VEHICLE,0-17,M,D
2018,Hurricane (Typhoon),PUBLIC,40-64,M,I
2018,Hurricane (Typhoon),RES,40-64,unknown,I
2018,Hurricane (Typhoon),RES,65+,F,I
2018,Hurricane (Typhoon),OUTDOOR,18-39,M,I
2018,Hurricane (Typhoon),RES,40-64,unknown,I
2018,Hurricane (Typhoon),RES,40-64,M,I
2018,Hurricane (Typhoon),RES,65+,M,I
2018,Hurricane (Typhoon),RES,65+,M,I
2018,Hurricane (Typhoon),RES,65+,M,I
2018,Hurricane (Typhoon),RES,65+,M,I
2018,Hurricane (Typhoon),RES,65+,M,I
2018,Hurricane (Typhoon),RES,65+,F,I
2018,Hurricane (Typhoon),OUTDOOR,65+,M,I
2018,Hurricane (Typhoon),RES,65+,M,I
2018,Hurricane (Typhoon),RES,65+,M,I
2018,Hurricane (Typhoon),OUTDOOR,40-64,M,I
2018,Hurricane (Typhoon),OUTDOOR,18-39,M,I
2018,Hurricane (Typhoon),RES,65+,F,I
2018,Hurricane (Typhoon),PUBLIC,65+,F,I
2018,Hurricane (Typhoon),OUTDOOR,40-64,M,I
2018,Hurricane (Typhoon),RES,40-64,M,D
2018,Hurricane (Typhoon),OUTDOOR,40-64,M,I
2018,Hurricane (Typhoon),RES,65+,M,I
2018,Hurricane (Typhoon),OUTDOOR,40-64,M,I
2018,Hurricane (Typhoon),OUTDOOR,18-39,M,I
2018,Hurricane (Typhoon),OUTDOOR,40-64,M,I
2018,Hurricane (Typhoon),OUTDOOR,40-64,M,I
2018,Hurricane (Typhoon),VEHICLE,65+,M,D
2018,Hurricane (Typhoon),RES,65+,M,I
2018,Hurricane (Typhoon),PUBLIC,40-64,M,I
2018,Hurricane (Typhoon),OUTDOOR,40-64,M,I
2018,Hurricane (Typhoon),OUTDOOR,40-64,F,I
2018,Hurricane (Typhoon),OUTDOOR,40-64,M,I
2018,Hurricane (Typhoon),RES,65+,M,I
2018,Hurricane (Typhoon),RES,40-64,F,I
2018,Hurricane (Typhoon),PUBLIC,40-64,M,I
2018,Hurricane (Typhoon),VEHICLE,40-64,M,I
2018,Hurricane (Typhoon),RES,18-39,M,I
2018,Hurricane (Typhoon),WATER,65+,M,I
2018,Hurricane (Typhoon),RES,0-17,F,D
2018,Hurricane (Typhoon),PUBLIC,65+,M,I
2018,Hurricane (Typhoon),OUTDOOR,40-64,M,I
2018,Hurricane (Typhoon),MH,65+,M,D
2018,Hurricane (Typhoon),OUTDOOR,40-64,M,I
2018,Hurricane (Typhoon),OUTDOOR,40-64,M,I
2018,Hurricane (Typhoon),OUTDOOR,40-64,M,I
2018,Hurricane (Typhoon),OUTDOOR,40-64,M,I
2018,Hurricane (Typhoon),OUTDOOR,65+,M,I
2018,Hurricane (Typhoon),RES,40-64,M,I
2018,Hurricane (Typhoon),OUTDOOR,40-64,M,I
2018,Lightning,OUTDOOR,40-64,M,D
2018,Lightning,OUTDOOR,40-64,M,D
2018,Lightning,OUTDOOR,unknown,M,D
2018,Lightning,OUTDOOR,40-64,F,D
2018,Lightning,OUTDOOR,18-39,M,D
2018,Lightning,WATER,40-64,M,D
2018,Lightning,OTHER,18-39,M,D
2018,Lightning,OUTDOOR,18-39,M,D
2018,Lightning,OUTDOOR,65+,M,D
2018,Lightning,OUTDOOR,40-64,M,D
2018,Lightning,OUTDOOR,18-39,M,D
2018,Lightning,OTHER,18-39,M,D
2018,Lightning,OTHER,18-39,F,D
2018,Lightning,OTHER,unknown,M,D
2018,Lightning,OUTDOOR,65+,M,D
2018,Lightning,OUTDOOR,0-17,M,D
2018,Lightning,OUTDOOR,18-39,M,D
2018,Lightning,OUTDOOR,40-64,M,D
2018,Lightning,OUTDOOR,65+,F,D
2018,Lightning,OUTDOOR,18-39,M,D
2018,Lightning,OTHER,18-39,M,D
2018,Lightning,OUTDOOR,18-39,M,D
2018,Rip Current,WATER,18-39,F,I
2018,Rip Current,WATER,0-17,M,D
2018,Rip Current,WATER,unknown,M,D
2018,Rip Current,WATER,18-39,M,D
2018,Rip Current,WATER,0-17,F,D
2018,Rip Current,WATER,18-39,F,D
2018,Rip Current,WATER,40-64,M,D
2018,Rip Current,WATER,40-64,F,D
2018,Rip Current,WATER,65+,M,D
2018,Rip Current,WATER,40-64,M,D
2018,Rip Current,WATER,0-17,M,D
2018,Rip Current,WATER,40-64,M,D
2018,Rip Current,WATER,18-39,M,D
2018,Rip Current,WATER,18-39,M,D
2018,Rip Current,WATER,0-17,M,I
2018,Rip Current,WATER,40-64,M,D
2018,Rip Current,WATER,40-64,M,D
2018,Rip Current,WATER,40-64,M,D
2018,Rip Current,WATER,18-39,M,D
2018,Rip Current,WATER,18-39,F,D
2018,Rip Current,WATER,40-64,M,D
2018,Rip Current,WATER,40-64,M,D
2018,Rip Current,WATER,unknown,M,D
2018,Rip Current,WATER,unknown,M,D
2018,Rip Current,WATER,40-64,M,D
2018,Rip Current,WATER,0-17,M,D
2018,Rip Current,WATER,40-64,M,D
2018,Rip Current,OTHER,unknown,M,D
2018,Rip Current,WATER,0-17,M,D
2018,Rip Current,WATER,18-39,M,D
2018,Rip Current,WATER,40-64,M,D
2018,Rip Current,WATER,18-39,M,I
2018,Rip Current,WATER,0-17,M,D
2018,Rip Current,WATER,18-39,F,D
2018,Rip Current,WATER,0-17,M,D
2018,Rip Current,WATER,18-39,M,D
2018,Rip Current,WATER,40-64,M,D
2018,Rip Current,WATER,unknown,M,D
2018,Rip Current,WATER,40-64,M,D
2018,Rip Current,WATER,18-39,M,D
2018,Rip Current,WATER,18-39,M,D
2018,Rip Current,WATER,40-64,M,D
2018,Rip Current,WATER,40-64,F,D
2018,Rip Current,WATER,0-17,M,D
2018,Rip Current,WATER,18-39,M,D
2018,Rip Current,OTHER,65+,F,D
2018,Rip Current,OTHER,40-64,F,D
2018,Rip Current,WATER,18-39,M,D
2018,Rip Current,WATER,40-64,M,D
2018,Rip Current,WATER,40-64,F,D
2018,Rip Current,WATER,40-64,M,D
2018,Rip Current,WATER,40-64,M,D
2018,Rip Current,WATER,0-17,M,D
2018,Rip Current,WATER,18-39,M,D
2018,Rip Current,WATER,40-64,M,D
2018,Rip Current,WATER,0-17,M,D
2018,Rip Current,WATER,40-64,F,D
2018,Rip Current,WATER,0-17,M,D
2018,Rip Current,WATER,40-64,M,D
2018,Rip Current,WATER,0-17,M,D
2018,Rip Current,WATER,40-64,F,D
2018,Rip Current,WATER,unknown,F,D
2018,Sleet,VEHICLE,18-39,M,I
2018,Sneakerwave,OTHER,40-64,M,D
2018,Sneakerwave,OTHER,40-64,F,D
2018,Sneakerwave,OTHER,40-64,M,D
2018,Storm Surge/Tide,RES,65+,M,D
2018,Storm Surge/Tide,RES,65+,M,I
2018,Storm Surge/Tide,RES,40-64,F,D
2018,Storm Surge/Tide,VEHICLE,65+,M,D
2018,Storm Surge/Tide,RES,65+,M,D
2018,Storm Surge/Tide,RES,65+,F,D
2018,Strong Wind,VEHICLE,40-64,M,I
2018,Strong Wind,OUTDOOR,18-39,M,I
2018,Strong Wind,VEHICLE,40-64,F,I
2018,Strong Wind,MH,0-17,M,D
2018,Strong Wind,RES,40-64,F,D
2018,Strong Wind,OUTDOOR,40-64,F,D
2018,Strong Wind,MH,0-17,M,D
2018,Strong Wind,WATER,unknown,M,D
2018,Strong Wind,VEHICLE,40-64,F,D
2018,Strong Wind,WATER,unknown,unknown,D
2018,Strong Wind,VEHICLE,40-64,F,I
2018,Strong Wind,VEHICLE,40-64,M,D
2018,Strong Wind,WATER,40-64,M,I
2018,Strong Wind,WATER,40-64,M,I
2018,Thunderstorm Wind,VEHICLE,unknown,unknown,D
2018,Thunderstorm Wind,OUTDOOR,unknown,M,D
2018,Thunderstorm Wind,OTHER,65+,M,D
2018,Thunderstorm Wind,WATER,40-64,F,D
2018,Thunderstorm Wind,OTHER,18-39,M,D
2018,Thunderstorm Wind,WATER,65+,M,D
2018,Thunderstorm Wind,VEHICLE,40-64,F,D
2018,Thunderstorm Wind,WATER,0-17,M,D
2018,Thunderstorm Wind,WATER,0-17,M,D
2018,Thunderstorm Wind,WATER,0-17,M,D
2018,Thunderstorm Wind,MH,40-64,M,D
2018,Thunderstorm Wind,OUTDOOR,40-64,F,D
2018,Thunderstorm Wind,WATER,0-17,F,D
2018,Thunderstorm Wind,MH,40-64,F,D
2018,Thunderstorm Wind,WATER,0-17,M,D
2018,Thunderstorm Wind,WATER,40-64,M,D
2018,Thunderstorm Wind,WATER,40-64,M,D
2018,Thunderstorm Wind,WATER,65+,M,D
2018,Thunderstorm Wind,VEHICLE,65+,M,D
2018,Thunderstorm Wind,WATER,65+,M,D
2018,Thunderstorm Wind,WATER,40-64,M,I
2018,Thunderstorm Wind,OUTDOOR,40-64,F,D
2018,Thunderstorm Wind,OUTDOOR,65+,F,D
2018,Thunderstorm Wind,OUTDOOR,0-17,F,D
2018,Thunderstorm Wind,WATER,18-39,M,D
2018,Thunderstorm Wind,VEHICLE,18-39,F,D
2018,Thunderstorm Wind,WATER,65+,F,D
2018,Thunderstorm Wind,WATER,65+,M,D
2018,Thunderstorm Wind,VEHICLE,40-64,M,D
2018,Thunderstorm Wind,VEHICLE,65+,M,D
2018,Thunderstorm Wind,OUTDOOR,40-64,M,D
2018,Thunderstorm Wind,WATER,65+,M,D
2018,Thunderstorm Wind,OUTDOOR,40-64,M,D
2018,Thunderstorm Wind,OUTDOOR,40-64,M,D
2018,Thunderstorm Wind,WATER,65+,M,D
2018,Thunderstorm Wind,VEHICLE,65+,M,I
2018,Thunderstorm Wind,OTHER,unknown,unknown,D
2018,Thunderstorm Wind,OUTDOOR,0-17,M,D
2018,Thunderstorm Wind,WATER,40-64,F,D
2018,Thunderstorm Wind,WATER,40-64,F,D
2018,Thunderstorm Wind,VEHICLE,65+,M,D
2018,Thunderstorm Wind,WATER,65+,M,D
2018,Thunderstorm Wind,WATER,65+,F,D
2018,Tornado,VEHICLE,18-39,F,I
2018,Tornado,PUBLIC,18-39,M,D
2018,Tornado,MH,0-17,M,D
2018,Tornado,MH,0-17,F,D
2018,Tornado,PUBLIC,40-64,M,D
2018,Tornado,PUBLIC,18-39,M,D
2018,Tornado,VEHICLE,40-64,M,I
2018,Tornado,MH,65+,M,D
2018,Tornado,PUBLIC,40-64,M,D
2018,Tornado,OUTDOOR,unknown,F,D
2018,Tornado,RES,65+,F,D
2018,Tornado,RES,40-64,F,D
2018,Tropical Storm,RES,65+,M,I
2018,Tropical Storm,OTHER,65+,M,I
2018,Tropical Storm,MH,0-17,F,D
2018,Tropical Storm,RES,65+,F,I
2018,Tropical Storm,OTHER,40-64,M,I
2018,Tropical Storm,RES,65+,M,I
2018,Tropical Storm,OTHER,65+,M,I
2018,Tropical Storm,OTHER,65+,M,I
2018,Tropical Storm,OTHER,65+,M,I
2018,Tropical Storm,RES,18-39,F,I
2018,Tropical Storm,OUTDOOR,65+,M,I
2018,Wildfire,OTHER,unknown,unknown,D
2018,Wildfire,OTHER,unknown,unknown,D
2018,Wildfire,OTHER,unknown,unknown,D
2018,Wildfire,OTHER,unknown,unknown,D
2018,Wildfire,OTHER,unknown,unknown,D
2018,Wildfire,OTHER,unknown,unknown,D
2018,Wildfire,OTHER,unknown,unknown,D
2018,Wildfire,VEHICLE,40-64,F,D
2018,Wildfire,OTHER,40-64,M,D
2018,Wildfire,OTHER,unknown,unknown,D
2018,Wildfire,OTHER,unknown,unknown,D
2018,Wildfire,OTHER,unknown,unknown,D
2018,Wildfire,OTHER,unknown,unknown,D
2018,Wildfire,OTHER,unknown,unknown,D
2018,Wildfire,OTHER,unknown,unknown,D
2018,Wildfire,OTHER,unknown,unknown,D
2018,Wildfire,OTHER,unknown,unknown,D
2018,Wildfire,OTHER,unknown,unknown,D
2018,Wildfire,OTHER,unknown,unknown,D
2018,Wildfire,OTHER,unknown,unknown,D
2018,Wildfire,OTHER,unknown,unknown,D
2018,Wildfire,OTHER,unknown,unknown,D
2018,Wildfire,OTHER,unknown,unknown,D
2018,Wildfire,OTHER,unknown,unknown,D
2018,Wildfire,OTHER,unknown,unknown,D
2018,Wildfire,OTHER,unknown,unknown,D
2018,Wildfire,OTHER,unknown,unknown,D
2018,Wildfire,OTHER,unknown,unknown,D
2018,Wildfire,OTHER,unknown,unknown,D
2018,Wildfire,OUTDOOR,65+,M,D
2018,Wildfire,OTHER,unknown,unknown,D
2018,Wildfire,OTHER,unknown,unknown,D
2018,Wildfire,OTHER,unknown,unknown,D
2018,Wildfire,OTHER,unknown,unknown,D
2018,Wildfire,OTHER,unknown,unknown,D
2018,Wildfire,OTHER,unknown,unknown,D
2018,Wildfire,OTHER,unknown,unknown,D
2018,Wildfire,OTHER,unknown,unknown,D
2018,Wildfire,OTHER,unknown,unknown,D
2018,Wildfire,OTHER,unknown,unknown,D
2018,Wildfire,OTHER,unknown,unknown,D
2018,Wildfire,OTHER,65+,M,D
2018,Wildfire,OTHER,40-64,M,I
2018,Wildfire,OTHER,18-39,M,I
2018,Wildfire,OTHER,unknown,unknown,D
2018,Wildfire,OTHER,unknown,unknown,D
2018,Wildfire,OTHER,unknown,unknown,D
2018,Wildfire,OTHER,unknown,unknown,D
2018,Wildfire,OTHER,unknown,unknown,D
2018,Wildfire,OTHER,unknown,unknown,D
2018,Wildfire,OTHER,unknown,unknown,D
2018,Wildfire,OUTDOOR,40-64,M,I
2018,Wildfire,OTHER,unknown,unknown,D
2018,Wildfire,OTHER,unknown,unknown,D
2018,Wildfire,OTHER,unknown,unknown,D
2018,Wildfire,OTHER,unknown,unknown,D
2018,Wildfire,OTHER,unknown,unknown,D
2018,Wildfire,OTHER,unknown,unknown,D
2018,Wildfire,OTHER,unknown,unknown,D
2018,Wildfire,OTHER,unknown,unknown,D
2018,Wildfire,OTHER,unknown,unknown,D
2018,Wildfire,OTHER,unknown,unknown,D
2018,Wildfire,OTHER,unknown,unknown,D
2018,Wildfire,OTHER,unknown,unknown,D
2018,Wildfire,OTHER,unknown,unknown,D
2018,Wildfire,OTHER,unknown,unknown,D
2018,Wildfire,OTHER,unknown,unknown,D
2018,Wildfire,OTHER,unknown,unknown,D
2018,Wildfire,OUTDOOR,18-39,M,D
2018,Wildfire,OUTDOOR,18-39,M,D
2018,Wildfire,OUTDOOR,18-39,M,D
2018,Wildfire,OUTDOOR,18-39,M,D
2018,Wildfire,OTHER,unknown,unknown,D
2018,Wildfire,OUTDOOR,40-64,M,D
2018,Wildfire,OTHER,unknown,unknown,D
2018,Wildfire,OTHER,unknown,unknown,D
2018,Wildfire,OTHER,unknown,unknown,D
2018,Wildfire,OTHER,unknown,unknown,D
2018,Wildfire,OUTDOOR,40-64,M,D
2018,Wildfire,OTHER,unknown,unknown,D
2018,Wildfire,OTHER,unknown,unknown,D
2018,Wildfire,OTHER,unknown,unknown,D
2018,Wildfire,OUTDOOR,65+,M,I
2018,Wildfire,OTHER,unknown,unknown,D
2018,Wildfire,OTHER,unknown,unknown,D
2018,Wildfire,OTHER,unknown,unknown,D
2018,Wildfire,OTHER,unknown,unknown,D
2018,Wildfire,OTHER,unknown,unknown,D
2018,Wildfire,OTHER,unknown,unknown,D
2018,Wildfire,OTHER,unknown,unknown,D
2018,Wildfire,OTHER,unknown,unknown,D
2018,Wildfire,OTHER,unknown,unknown,D
2018,Wildfire,OTHER,unknown,unknown,D
2018,Wildfire,OTHER,unknown,unknown,D
2018,Wildfire,OTHER,unknown,unknown,D
2018,Wildfire,OTHER,unknown,unknown,D
2018,Wildfire,OTHER,unknown,unknown,D
2018,Wildfire,OTHER,unknown,unknown,D
2018,Wildfire,VEHICLE,unknown,unknown,D
2018,Wildfire,VEHICLE,unknown,unknown,D
2018,Wildfire,RES,65+,M,D
2018,Wildfire,VEHICLE,unknown,unknown,D
2018,Wildfire,VEHICLE,unknown,unknown,D
2018,Wildfire,OTHER,unknown,unknown,D
2018,Wildfire,RES,65+,M,D
2018,Wildfire,VEHICLE,unknown,unknown,D
2018,Wildfire,VEHICLE,unknown,unknown,D
2018,Wildfire,RES,65+,M,D
2018,Wildfire,OTHER,unknown,unknown,D
2018,Wildfire,VEHICLE,unknown,unknown,D
2018,Wildfire,VEHICLE,unknown,unknown,D
2018,Wildfire,RES,65+,M,D
2018,Wildfire,VEHICLE,unknown,unknown,D
2018,Wildfire,VEHICLE,unknown,unknown,D
2018,Wildfire,RES,65+,M,D
2018,Wildfire,OTHER,unknown,unknown,D
2018,Winter Storm,OUTDOOR,65+,M,D
2018,Winter Storm,VEHICLE,18-39,M,I
2018,Winter Storm,OUTDOOR,unknown,M,I
2018,Winter Storm,VEHICLE,18-39,M,I
2018,Winter Storm,OUTDOOR,unknown,unknown,D
2018,Winter Storm,OUTDOOR,0-17,M,I
2018,Winter Storm,OUTDOOR,18-39,F,I
2018,Winter Storm,VEHICLE,40-64,M,I
2018,Winter Storm,VEHICLE,65+,M,I
2018,Winter Storm,VEHICLE,18-39,M,I
2018,Winter Storm,VEHICLE,18-39,M,I
2018,Winter Weather,VEHICLE,0-17,M,I
2018,Winter Weather,VEHICLE,40-64,M,I
2018,Winter Weather,VEHICLE,18-39,F,I
2018,Winter Weather,VEHICLE,65+,F,I
2018,Winter Weather,VEHICLE,0-17,M,I
2018,Winter Weather,VEHICLE,18-39,M,I
2018,Winter Weather,VEHICLE,18-39,M,I
2018,Winter Weather,VEHICLE,40-64,F,I
2018,Winter Weather,PUBLIC,0-17,M,D
2018,Winter Weather,VEHICLE,40-64,unknown,I
2018,Winter Weather,VEHICLE,unknown,M,I
2018,Winter Weather,VEHICLE,0-17,F,I
2018,Winter Weather,VEHICLE,0-17,F,I
2018,Winter Weather,VEHICLE,18-39,M,I
2018,Winter Weather,VEHICLE,18-39,M,I
2018,Winter Weather,VEHICLE,65+,M,I
2018,Winter Weather,VEHICLE,18-39,M,I
2018,Winter Weather,VEHICLE,0-17,F,I
2018,Winter Weather,VEHICLE,40-64,M,I
2018,Winter Weather,VEHICLE,40-64,F,I
2018,Winter Weather,VEHICLE,40-64,M,I
2018,Winter Weather,VEHICLE,40-64,F,I
2018,Winter Weather,VEHICLE,18-39,M,I
2018,Winter Weather,VEHICLE,65+,F,I
2018,Winter Weather,VEHICLE,40-64,M,I
2018,Winter Weather,VEHICLE,18-39,M,I
2018,Winter Weather,OUTDOOR,40-64,M,I
2018,Winter Weather,OUTDOOR,40-64,F,I
2018,Winter Weather,VEHICLE,40-64,M,I
2018,Winter Weather,VEHICLE,65+,M,I
2018,Winter Weather,VEHICLE,unknown,unknown,I
2018,Winter Weather,VEHICLE,unknown,M,I
2018,Winter Weather,VEHICLE,40-64,M,I
2018,Winter Weather,VEHICLE,40-64,M,I
2018,Winter Weather,OUTDOOR,40-64,M,I
2018,Winter Weather,OUTDOOR,40-64,M,I
2018,Winter Weather,VEHICLE,18-39,F,I
2018,Winter Weather,OUTDOOR,18-39,M,I
2018,Winter Weather,VEHICLE,65+,F,I
2018,Winter Weather,OUTDOOR,unknown,M,I
2018,Winter Weather,VEHICLE,18-39,M,I
2018,Winter Weather,VEHICLE,40-64,M,I
2018,Winter Weather,VEHICLE,40-64,F,I
2018,Winter Weather,VEHICLE,65+,F,I
2018,Winter Weather,VEHICLE,65+,M,I
2018,Winter Weather,VEHICLE,18-39,M,I
2018,Winter Weather,VEHICLE,40-64,M,I
2018,Winter Weather,VEHICLE,18-39,F,I
2018,Winter Weather,VEHICLE,18-39,M,I
2018,Winter Weather,VEHICLE,18-39,M,I
2018,Winter Weather,VEHICLE,40-64,M,I
2018,Winter Weather,VEHICLE,40-64,M,I
2018,Winter Weather,VEHICLE,18-39,F,I
2018,Winter Weather,VEHICLE,40-64,F,I
2018,Winter Weather,VEHICLE,18-39,M,I
2018,Winter Weather,VEHICLE,40-64,F,I
2018,Winter Weather,VEHICLE,40-64,M,I
2018,Winter Weather,VEHICLE,40-64,M,I
2018,Winter Weather,VEHICLE,18-39,M,I
2018,Winter Weather,OUTDOOR,0-17,M,I
2018,Winter Weather,VEHICLE,18-39,F,I
2018,Winter Weather,OUTDOOR,40-64,M,I
2018,Winter Weather,VEHICLE,0-17,M,I
2018,Winter Weather,VEHICLE,40-64,F,I
2018,Winter Weather,VEHICLE,unknown,unknown,I
2018,Winter Weather,VEHICLE,65+,F,I
2019,Avalanche,OUTDOOR,40-64,M,D
2019,Avalanche,OUTDOOR,40-64,M,D
2019,Avalanche,OUTDOOR,18-39,M,D
2019,Avalanche,OUTDOOR,18-39,M,D
2019,Avalanche,OUTDOOR,18-39,M,D
2019,Avalanche,OUTDOOR,18-39,M,D
2019,Avalanche,OUTDOOR,18-39,F,D
2019,Avalanche,OUTDOOR,18-39,M,D
2019,Avalanche,OUTDOOR,40-64,M,D
2019,Avalanche,OUTDOOR,18-39,M,D
2019,Avalanche,OUTDOOR,18-39,M,D
2019,Avalanche,OUTDOOR,40-64,M,D
2019,Avalanche,OUTDOOR,40-64,M,D
2019,Avalanche,OUTDOOR,18-39,M,D
2019,Blizzard,OUTDOOR,40-64,M,D
2019,Blizzard,OUTDOOR,65+,M,D
2019,Blizzard,RES,40-64,F,I
2019,Blizzard,RES,40-64,M,I
2019,Blizzard,VEHICLE,18-39,M,I
2019,Blizzard,OUTDOOR,40-64,M,D
2019,Blizzard,VEHICLE,40-64,M,I
2019,Cold/Wind Chill,OUTDOOR,65+,M,D
2019,Cold/Wind Chill,VEHICLE,40-64,M,D
2019,Cold/Wind Chill,OUTDOOR,65+,M,D
2019,Cold/Wind Chill,WATER,0-17,M,I
2019,Cold/Wind Chill,WATER,18-39,M,I
2019,Cold/Wind Chill,WATER,40-64,F,I
2019,Cold/Wind Chill,WATER,0-17,M,I
2019,Cold/Wind Chill,OUTDOOR,40-64,M,I
2019,Cold/Wind Chill,OUTDOOR,40-64,M,I
2019,Cold/Wind Chill,OUTDOOR,unknown,unknown,D
2019,Cold/Wind Chill,VEHICLE,40-64,M,D
2019,Cold/Wind Chill,VEHICLE,unknown,unknown,D
2019,Cold/Wind Chill,OUTDOOR,unknown,M,I
2019,Cold/Wind Chill,RES,65+,M,I
2019,Cold/Wind Chill,PUBLIC,18-39,F,D
2019,Cold/Wind Chill,OUTDOOR,65+,M,D
2019,Cold/Wind Chill,WATER,40-64,M,D
2019,Cold/Wind Chill,PUBLIC,65+,F,D
2019,Cold/Wind Chill,WATER,18-39,M,I
2019,Cold/Wind Chill,OTHER,65+,F,D
2019,Cold/Wind Chill,OUTDOOR,40-64,M,D
2019,Cold/Wind Chill,OUTDOOR,65+,M,D
2019,Cold/Wind Chill,OUTDOOR,40-64,M,D
2019,Cold/Wind Chill,OUTDOOR,65+,M,D
2019,Cold/Wind Chill,OUTDOOR,40-64,M,D
2019,Cold/Wind Chill,OUTDOOR,65+,M,D
2019,Cold/Wind Chill,OUTDOOR,40-64,M,D
2019,Cold/Wind Chill,VEHICLE,40-64,F,D
2019,Cold/Wind Chill,WATER,18-39,unknown,I
2019,Cold/Wind Chill,WATER,40-64,M,I
2019,Cold/Wind Chill,OUTDOOR,40-64,M,D
2019,Cold/Wind Chill,OUTDOOR,40-64,M,D
2019,Cold/Wind Chill,OUTDOOR,40-64,M,I
2019,Debris Flow,OUTDOOR,18-39,F,I
2019,Debris Flow,VEHICLE,40-64,M,D
2019,Dense Fog,OUTDOOR,40-64,F,I
2019,Dense Fog,OUTDOOR,40-64,M,I
2019,Dense Fog,VEHICLE,40-64,M,I
2019,Dense Fog,VEHICLE,65+,M,I
2019,Dense Fog,VEHICLE,unknown,M,I
2019,Dense Fog,OTHER,unknown,unknown,I
2019,Dense Fog,VEHICLE,65+,F,I
2019,Dense Fog,VEHICLE,unknown,unknown,I
2019,Dense Fog,VEHICLE,0-17,M,I
2019,Excessive Heat,OUTDOOR,18-39,M,D
2019,Excessive Heat,OTHER,unknown,unknown,D
2019,Excessive Heat,OTHER,unknown,unknown,D
2019,Excessive Heat,OTHER,unknown,unknown,D
2019,Excessive Heat,OUTDOOR,40-64,M,I
2019,Excessive Heat,OUTDOOR,40-64,M,D
2019,Excessive Heat,OUTDOOR,40-64,M,D
2019,Excessive Heat,OTHER,unknown,unknown,D
2019,Excessive Heat,OUTDOOR,18-39,F,D
2019,Excessive Heat,OTHER,unknown,unknown,D
2019,Excessive Heat,OTHER,unknown,unknown,I
2019,Excessive Heat,OTHER,unknown,unknown,I
2019,Excessive Heat,OUTDOOR,65+,F,I
2019,Excessive Heat,OUTDOOR,unknown,M,D
2019,Excessive Heat,OUTDOOR,40-64,M,D
2019,Excessive Heat,OTHER,unknown,unknown,D
2019,Excessive Heat,OUTDOOR,18-39,M,D
2019,Excessive Heat,OTHER,unknown,unknown,D
2019,Excessive Heat,OTHER,unknown,unknown,D
2019,Excessive Heat,OTHER,unknown,unknown,D
2019,Excessive Heat,OUTDOOR,40-64,M,D
2019,Excessive Heat,OTHER,unknown,unknown,D
2019,Excessive Heat,OTHER,unknown,unknown,D
2019,Excessive Heat,OTHER,unknown,unknown,D
2019,Excessive Heat,OTHER,unknown,unknown,D
2019,Excessive Heat,OTHER,unknown,unknown,D
2019,Excessive Heat,OTHER,unknown,unknown,D
2019,Excessive Heat,OTHER,unknown,unknown,D
2019,Excessive Heat,OUTDOOR,18-39,M,D
2019,Excessive Heat,OTHER,unknown,unknown,D
2019,Excessive Heat,OTHER,40-64,M,D
2019,Excessive Heat,OTHER,unknown,unknown,D
2019,Excessive Heat,OTHER,unknown,unknown,D
2019,Excessive Heat,OTHER,unknown,unknown,D
2019,Excessive Heat,OTHER,unknown,unknown,D
2019,Excessive Heat,OTHER,unknown,unknown,D
2019,Excessive Heat,OUTDOOR,18-39,M,D
2019,Excessive Heat,OTHER,unknown,unknown,D
2019,Excessive Heat,OTHER,unknown,unknown,D
2019,Excessive Heat,OTHER,unknown,unknown,D
2019,Excessive Heat,OTHER,unknown,unknown,D
2019,Excessive Heat,OTHER,unknown,unknown,D
2019,Excessive Heat,OTHER,unknown,unknown,D
2019,Excessive Heat,OTHER,unknown,unknown,D
2019,Excessive Heat,OTHER,unknown,unknown,D
2019,Excessive Heat,OTHER,unknown,unknown,D
2019,Excessive Heat,OTHER,unknown,unknown,D
2019,Excessive Heat,OTHER,unknown,unknown,D
2019,Excessive Heat,OTHER,unknown,unknown,D
2019,Excessive Heat,OTHER,unknown,unknown,D
2019,Excessive Heat,OTHER,unknown,unknown,D
2019,Excessive Heat,OTHER,unknown,unknown,D
2019,Excessive Heat,OTHER,unknown,unknown,D
2019,Excessive Heat,OUTDOOR,18-39,M,D
2019,Excessive Heat,OUTDOOR,18-39,M,D
2019,Excessive Heat,OTHER,unknown,unknown,D
2019,Excessive Heat,OUTDOOR,18-39,M,D
2019,Excessive Heat,OUTDOOR,18-39,M,D
2019,Excessive Heat,OTHER,65+,M,I
2019,Excessive Heat,OTHER,unknown,unknown,D
2019,Excessive Heat,OTHER,unknown,unknown,D
2019,Excessive Heat,OTHER,unknown,unknown,D
2019,Excessive Heat,OTHER,unknown,unknown,D
2019,Excessive Heat,OTHER,unknown,unknown,D
2019,Excessive Heat,OTHER,unknown,unknown,D
2019,Excessive Heat,OTHER,unknown,unknown,D
2019,Excessive Heat,OUTDOOR,unknown,F,D
2019,Excessive Heat,OTHER,unknown,unknown,D
2019,Excessive Heat,OTHER,unknown,unknown,D
2019,Excessive Heat,OTHER,unknown,unknown,D
2019,Excessive Heat,OUTDOOR,65+,M,D
2019,Excessive Heat,OUTDOOR,18-39,M,D
2019,Excessive Heat,OTHER,65+,M,D
2019,Excessive Heat,OUTDOOR,18-39,F,D
2019,Excessive Heat,OTHER,unknown,unknown,D
2019,Excessive Heat,OTHER,unknown,unknown,D
2019,Excessive Heat,OTHER,unknown,unknown,D
2019,Excessive Heat,OUTDOOR,0-17,unknown,D
2019,Excessive Heat,OUTDOOR,18-39,F,D
2019,Excessive Heat,OTHER,unknown,unknown,D
2019,Excessive Heat,OUTDOOR,0-17,unknown,D
2019,Excessive Heat,RES,40-64,F,D
2019,Excessive Heat,PUBLIC,65+,M,I
2019,Excessive Heat,OTHER,unknown,unknown,D
2019,Excessive Heat,OUTDOOR,0-17,unknown,D
2019,Excessive Heat,OUTDOOR,18-39,M,D
2019,Excessive Heat,OTHER,unknown,unknown,I
2019,Excessive Heat,OTHER,unknown,unknown,D
2019,Excessive Heat,OTHER,unknown,unknown,D
2019,Excessive Heat,OTHER,unknown,unknown,D
2019,Excessive Heat,OTHER,unknown,unknown,D
2019,Excessive Heat,OTHER,unknown,unknown,D
2019,Excessive Heat,OTHER,unknown,unknown,D
2019,Excessive Heat,OTHER,unknown,unknown,D
2019,Excessive Heat,OTHER,unknown,unknown,D
2019,Excessive Heat,OUTDOOR,40-64,M,D
2019,Excessive Heat,OUTDOOR,0-17,F,D
2019,Excessive Heat,OTHER,unknown,unknown,D
2019,Excessive Heat,OTHER,unknown,unknown,D
2019,Excessive Heat,OTHER,unknown,unknown,D
2019,Excessive Heat,OTHER,unknown,unknown,D
2019,Excessive Heat,VEHICLE,0-17,F,D
2019,Excessive Heat,OTHER,unknown,unknown,D
2019,Extreme Cold/Wind Chill,OUTDOOR,65+,M,D
2019,Extreme Cold/Wind Chill,OUTDOOR,40-64,F,D
2019,Extreme Cold/Wind Chill,OUTDOOR,18-39,M,D
2019,Extreme Cold/Wind Chill,OUTDOOR,65+,M,D
2019,Extreme Cold/Wind Chill,OUTDOOR,65+,M,D
2019,Extreme Cold/Wind Chill,OUTDOOR,18-39,M,D
2019,Extreme Cold/Wind Chill,OUTDOOR,40-64,F,D
2019,Extreme Cold/Wind Chill,OUTDOOR,65+,M,D
2019,Extreme Cold/Wind Chill,OUTDOOR,40-64,F,D
2019,Extreme Cold/Wind Chill,OUTDOOR,18-39,M,D
2019,Extreme Cold/Wind Chill,PUBLIC,40-64,M,I
2019,Extreme Cold/Wind Chill,OUTDOOR,40-64,M,D
2019,Extreme Cold/Wind Chill,RES,40-64,F,D
2019,Extreme Cold/Wind Chill,RES,65+,M,D
2019,Extreme Cold/Wind Chill,OUTDOOR,40-64,M,D
2019,Flash Flood,VEHICLE,40-64,F,D
2019,Flash Flood,VEHICLE,0-17,M,D
2019,Flash Flood,VEHICLE,18-39,M,D
2019,Flash Flood,OUTDOOR,40-64,M,D
2019,Flash Flood,VEHICLE,40-64,M,D
2019,Flash Flood,VEHICLE,0-17,M,D
2019,Flash Flood,VEHICLE,65+,M,D
2019,Flash Flood,VEHICLE,18-39,M,D
2019,Flash Flood,WATER,0-17,M,D
2019,Flash Flood,OUTDOOR,40-64,F,D
2019,Flash Flood,VEHICLE,40-64,M,D
2019,Flash Flood,WATER,40-64,M,D
2019,Flash Flood,VEHICLE,18-39,F,D
2019,Flash Flood,WATER,0-17,F,D
2019,Flash Flood,VEHICLE,18-39,F,D
2019,Flash Flood,WATER,0-17,M,D
2019,Flash Flood,WATER,18-39,M,D
2019,Flash Flood,WATER,18-39,M,D
2019,Flash Flood,OUTDOOR,18-39,F,D
2019,Flash Flood,WATER,0-17,M,D
2019,Flash Flood,RES,40-64,F,D
2019,Flash Flood,OUTDOOR,40-64,M,D
2019,Flash Flood,OTHER,unknown,M,D
2019,Flash Flood,OUTDOOR,18-39,F,D
2019,Flash Flood,VEHICLE,65+,F,D
2019,Flash Flood,VEHICLE,0-17,M,D
2019,Flash Flood,VEHICLE,40-64,M,D
2019,Flash Flood,OUTDOOR,65+,M,D
2019,Flash Flood,OUTDOOR,40-64,F,D
2019,Flash Flood,VEHICLE,40-64,F,D
2019,Flash Flood,VEHICLE,18-39,F,D
2019,Flash Flood,OUTDOOR,40-64,M,D
2019,Flash Flood,OUTDOOR,40-64,M,D
2019,Flash Flood,VEHICLE,65+,M,D
2019,Flash Flood,VEHICLE,40-64,M,D
2019,Flash Flood,VEHICLE,40-64,F,D
2019,Flash Flood,VEHICLE,18-39,M,D
2019,Flash Flood,VEHICLE,40-64,M,D
2019,Flash Flood,WATER,18-39,M,D
2019,Flash Flood,VEHICLE,40-64,F,D
2019,Flash Flood,VEHICLE,40-64,M,D
2019,Flash Flood,VEHICLE,40-64,F,D
2019,Flood,VEHICLE,18-39,M,D
2019,Flood,VEHICLE,40-64,M,D
2019,Flood,VEHICLE,40-64,M,D
2019,Flood,VEHICLE,18-39,F,D
2019,Flood,VEHICLE,0-17,M,D
2019,Flood,VEHICLE,40-64,M,D
2019,Flood,OUTDOOR,0-17,M,D
2019,Flood,WATER,unknown,M,D
2019,Flood,WATER,18-39,M,D
2019,Flood,VEHICLE,40-64,M,D
2019,Flood,VEHICLE,40-64,M,D
2019,Flood,VEHICLE,40-64,M,D
2019,Flood,WATER,40-64,M,D
2019,Flood,WATER,40-64,M,D
2019,Flood,RES,65+,F,D
2019,Flood,VEHICLE,18-39,M,D
2019,Flood,VEHICLE,40-64,M,D
2019,Flood,OTHER,40-64,M,D
2019,Flood,VEHICLE,18-39,M,D
2019,Flood,VEHICLE,40-64,M,D
2019,Flood,WATER,65+,F,D
2019,Flood,VEHICLE,40-64,F,D
2019,Flood,WATER,18-39,M,D
2019,Flood,WATER,65+,M,D
2019,Flood,VEHICLE,65+,F,D
2019,Flood,OUTDOOR,65+,F,D
2019,Flood,WATER,18-39,M,D
2019,Flood,VEHICLE,40-64,M,D
2019,Flood,VEHICLE,18-39,M,D
2019,Flood,VEHICLE,40-64,M,D
2019,Flood,OTHER,40-64,M,D
2019,Flood,VEHICLE,65+,M,D
2019,Flood,VEHICLE,40-64,M,D
2019,Flood,WATER,0-17,M,D
2019,Flood,VEHICLE,40-64,M,D
2019,Flood,WATER,40-64,M,D
2019,Flood,WATER,unknown,M,D
2019,Flood,WATER,40-64,F,D
2019,Flood,VEHICLE,40-64,F,D
2019,Flood,VEHICLE,65+,F,D
2019,Flood,VEHICLE,18-39,M,D
2019,Flood,VEHICLE,0-17,M,D
2019,Flood,OTHER,18-39,F,D
2019,Flood,OUTDOOR,0-17,F,D
2019,Flood,VEHICLE,40-64,M,I
2019,Flood,WATER,0-17,M,D
2019,Flood,OUTDOOR,0-17,M,D
2019,Flood,OUTDOOR,0-17,F,D
2019,Flood,VEHICLE,18-39,F,D
2019,Flood,VEHICLE,18-39,M,D
2019,Flood,OTHER,18-39,M,D
2019,Hail,VEHICLE,40-64,M,I
2019,Heat,OTHER,unknown,unknown,D
2019,Heat,OTHER,unknown,unknown,D
2019,Heat,OTHER,65+,F,I
2019,Heat,OTHER,unknown,unknown,D
2019,Heat,VEHICLE,0-17,M,D
2019,Heat,OTHER,unknown,unknown,D
2019,Heat,OTHER,unknown,unknown,I
2019,Heat,OTHER,unknown,unknown,D
2019,Heat,OTHER,unknown,unknown,D
2019,Heat,OTHER,unknown,unknown,D
2019,Heat,OTHER,unknown,unknown,D
2019,Heat,OTHER,unknown,unknown,D
2019,Heat,OTHER,unknown,unknown,D
2019,Heat,OTHER,unknown,unknown,D
2019,Heat,OTHER,unknown,unknown,D
2019,Heat,VEHICLE,0-17,M,I
2019,Heat,OTHER,unknown,unknown,D
2019,Heat,OTHER,unknown,unknown,D
2019,Heat,OTHER,unknown,unknown,D
2019,Heat,OTHER,unknown,unknown,D
2019,Heat,OTHER,unknown,unknown,D
2019,Heat,OTHER,unknown,unknown,D
2019,Heat,OTHER,40-64,M,I
2019,Heat,PUBLIC,18-39,M,D
2019,Heat,RES,65+,M,D
2019,Heat,OUTDOOR,40-64,M,D
2019,Heat,OTHER,40-64,M,I
2019,Heat,VEHICLE,0-17,M,I
2019,Heat,OUTDOOR,65+,M,D
2019,Heat,VEHICLE,0-17,M,D
2019,Heat,OTHER,unknown,unknown,D
2019,Heat,OTHER,unknown,unknown,D
2019,Heat,OTHER,unknown,unknown,D
2019,Heat,OUTDOOR,40-64,M,D
2019,Heat,OTHER,unknown,unknown,D
2019,Heat,OTHER,unknown,unknown,D
2019,Heat,OTHER,unknown,unknown,D
2019,Heat,OTHER,unknown,unknown,D
2019,Heat,OUTDOOR,18-39,F,D
2019,Heat,OTHER,unknown,unknown,D
2019,Heat,OTHER,unknown,unknown,D
2019,Heat,OUTDOOR,40-64,M,D
2019,Heat,OUTDOOR,18-39,M,D
2019,Heat,OUTDOOR,65+,M,D
2019,Heat,VEHICLE,0-17,F,D
2019,Heat,OTHER,unknown,unknown,D
2019,Heat,OTHER,unknown,unknown,D
2019,Heat,OTHER,unknown,unknown,D
2019,Heat,OTHER,unknown,unknown,D
2019,Heat,OTHER,unknown,unknown,D
2019,Heat,OTHER,unknown,unknown,D
2019,Heat,OUTDOOR,40-64,M,D
2019,Heat,OUTDOOR,40-64,M,I
2019,Heat,OTHER,unknown,unknown,I
2019,Heat,OUTDOOR,18-39,M,D
2019,Heat,OTHER,unknown,unknown,D
2019,Heat,VEHICLE,0-17,F,D
2019,Heat,PUBLIC,40-64,F,D
2019,Heat,OUTDOOR,18-39,M,I
2019,Heat,OUTDOOR,18-39,F,D
2019,Heat,OTHER,unknown,unknown,D
2019,Heat,VEHICLE,0-17,M,D
2019,Heat,OTHER,unknown,unknown,D
2019,Heat,OTHER,unknown,unknown,D
2019,Heat,OUTDOOR,65+,M,I
2019,Heat,RES,65+,M,I
2019,Heat,OTHER,unknown,unknown,D
2019,Heat,OTHER,unknown,unknown,D
2019,Heat,OTHER,unknown,unknown,D
2019,Heat,OTHER,unknown,unknown,D
2019,Heat,OTHER,unknown,unknown,I
2019,Heat,OTHER,unknown,unknown,D
2019,Heat,OTHER,unknown,unknown,I
2019,Heat,OTHER,unknown,unknown,D
2019,Heat,OTHER,unknown,unknown,D
2019,Heat,OTHER,unknown,unknown,I
2019,Heat,OTHER,unknown,unknown,I
2019,Heat,OTHER,unknown,unknown,I
2019,Heat,OTHER,unknown,unknown,D
2019,Heat,OTHER,unknown,unknown,D
2019,Heat,OTHER,unknown,unknown,D
2019,Heat,WATER,18-39,M,I
2019,Heat,OTHER,unknown,unknown,I
2019,Heat,OTHER,unknown,unknown,D
2019,Heat,OTHER,unknown,unknown,I
2019,Heat,OTHER,unknown,unknown,I
2019,Heat,OTHER,unknown,unknown,I
2019,Heat,OTHER,unknown,unknown,I
2019,Heat,WATER,0-17,M,I
2019,Heat,OUTDOOR,65+,M,D
2019,Heat,VEHICLE,0-17,F,D
2019,Heat,OTHER,unknown,unknown,D
2019,Heat,OUTDOOR,40-64,M,D
2019,Heat,OTHER,unknown,unknown,I
2019,Heat,OTHER,unknown,unknown,I
2019,Heat,OTHER,unknown,unknown,D
2019,Heat,OTHER,unknown,unknown,I
2019,Heat,RES,65+,M,D
2019,Heat,OTHER,unknown,unknown,I
2019,Heat,OTHER,unknown,unknown,D
2019,Heat,OTHER,unknown,unknown,D
2019,Heat,OTHER,unknown,unknown,I
2019,Heat,OTHER,unknown,unknown,D
2019,Heat,OTHER,unknown,unknown,D
2019,Heat,OTHER,unknown,unknown,I
2019,Heat,OTHER,unknown,unknown,D
2019,Heat,OTHER,unknown,unknown,I
2019,Heat,OUTDOOR,65+,M,D
2019,Heat,VEHICLE,0-17,M,D
2019,Heat,OUTDOOR,40-64,M,I
2019,Heat,OTHER,65+,F,D
2019,Heat,OUTDOOR,18-39,M,D
2019,Heat,VEHICLE,65+,M,D
2019,Heat,RES,unknown,M,D
2019,Heat,RES,65+,M,I
2019,Heat,OTHER,40-64,M,D
2019,Heat,OUTDOOR,18-39,M,D
2019,Heat,OUTDOOR,65+,M,I
2019,Heat,VEHICLE,0-17,F,D
2019,Heat,VEHICLE,0-17,F,D
2019,Heat,OTHER,unknown,unknown,I
2019,Heat,OTHER,unknown,unknown,I
2019,Heat,OTHER,unknown,unknown,I
2019,Heat,OTHER,unknown,unknown,I
2019,Heat,OTHER,unknown,unknown,I
2019,Heat,OTHER,unknown,unknown,D
2019,Heat,OTHER,unknown,unknown,I
2019,Heat,OTHER,unknown,unknown,I
2019,Heat,OTHER,unknown,unknown,I
2019,Heat,OTHER,unknown,unknown,I
2019,Heat,OTHER,unknown,unknown,I
2019,Heat,OTHER,unknown,unknown,I
2019,Heat,VEHICLE,0-17,F,D
2019,Heat,VEHICLE,0-17,M,D
2019,Heat,OTHER,unknown,unknown,I
2019,Heat,OTHER,unknown,unknown,I
2019,Heat,OTHER,65+,M,D
2019,Heat,OUTDOOR,65+,M,I
2019,Heat,OTHER,65+,M,I
2019,Heat,OTHER,unknown,unknown,D
2019,Heavy Rain,VEHICLE,0-17,M,I
2019,Heavy Rain,VEHICLE,18-39,M,I
2019,Heavy Rain,VEHICLE,unknown,unknown,I
2019,Heavy Rain,VEHICLE,65+,M,I
2019,Heavy Rain,VEHICLE,40-64,M,I
2019,Heavy Rain,OUTDOOR,unknown,unknown,I
2019,Heavy Snow,VEHICLE,65+,F,I
2019,Heavy Snow,OUTDOOR,40-64,M,D
2019,Heavy Snow,VEHICLE,40-64,F,I
2019,Heavy Snow,VEHICLE,65+,M,I
2019,Heavy Snow,VEHICLE,40-64,M,I
2019,Heavy Snow,VEHICLE,18-39,M,I
2019,Heavy Snow,VEHICLE,40-64,F,I
2019,Heavy Snow,VEHICLE,unknown,M,I
2019,Heavy Snow,VEHICLE,0-17,F,I
2019,Heavy Snow,OUTDOOR,40-64,M,D
2019,High Surf,WATER,40-64,M,D
2019,High Surf,WATER,18-39,M,D
2019,High Surf,WATER,18-39,M,D
2019,High Surf,WATER,40-64,M,D
2019,High Surf,WATER,40-64,M,D
2019,High Surf,WATER,40-64,M,D
2019,High Surf,WATER,40-64,M,D
2019,High Surf,WATER,40-64,M,D
2019,High Surf,WATER,0-17,F,D
2019,High Surf,WATER,40-64,M,D
2019,High Surf,WATER,40-64,M,I
2019,High Surf,WATER,40-64,M,I
2019,High Surf,WATER,unknown,M,D
2019,High Surf,WATER,40-64,M,I
2019,High Surf,WATER,40-64,M,I
2019,High Wind,OUTDOOR,unknown,M,D
2019,Lake-Effect Snow,VEHICLE,18-39,F,I
2019,Lightning,VEHICLE,40-64,M,D
2019,Lightning,OUTDOOR,18-39,F,D
2019,Lightning,OUTDOOR,18-39,M,D
2019,Lightning,OUTDOOR,40-64,F,D
2019,Lightning,OUTDOOR,18-39,M,D
2019,Lightning,OUTDOOR,40-64,M,D
2019,Lightning,OUTDOOR,18-39,M,D
2019,Lightning,WATER,18-39,M,D
2019,Lightning,OUTDOOR,40-64,M,D
2019,Lightning,OUTDOOR,18-39,M,D
2019,Lightning,WATER,65+,M,D
2019,Lightning,OUTDOOR,unknown,M,I
2019,Lightning,OUTDOOR,40-64,M,D
2019,Lightning,OUTDOOR,0-17,M,D
2019,Lightning,RES,65+,F,I
2019,Lightning,OUTDOOR,18-39,M,D
2019,Lightning,OUTDOOR,18-39,F,D
2019,Lightning,OUTDOOR,18-39,M,D
2019,Lightning,OTHER,40-64,M,D
2019,Lightning,OUTDOOR,40-64,F,D
2019,Lightning,OUTDOOR,18-39,M,D
2019,Rip Current,WATER,40-64,M,D
2019,Rip Current,WATER,18-39,M,D
2019,Rip Current,WATER,18-39,M,D
2019,Rip Current,WATER,18-39,M,D
2019,Rip Current,WATER,18-39,M,D
2019,Rip Current,WATER,18-39,M,D
2019,Rip Current,OTHER,0-17,M,D
2019,Rip Current,WATER,18-39,M,D
2019,Rip Current,WATER,0-17,M,D
2019,Rip Current,WATER,0-17,M,D
2019,Rip Current,WATER,0-17,M,D
2019,Rip Current,WATER,65+,M,D
2019,Rip Current,WATER,40-64,F,D
2019,Rip Current,WATER,40-64,M,D
2019,Rip Current,WATER,18-39,M,D
2019,Rip Current,WATER,18-39,M,D
2019,Rip Current,WATER,40-64,M,D
2019,Rip Current,WATER,65+,M,D
2019,Rip Current,WATER,40-64,M,D
2019,Rip Current,WATER,65+,M,D
2019,Rip Current,WATER,18-39,M,D
2019,Rip Current,WATER,0-17,M,D
2019,Rip Current,WATER,18-39,M,D
2019,Rip Current,WATER,18-39,M,D
2019,Rip Current,WATER,unknown,M,D
2019,Rip Current,WATER,65+,M,D
2019,Rip Current,WATER,0-17,M,D
2019,Rip Current,WATER,18-39,M,D
2019,Rip Current,WATER,unknown,M,D
2019,Rip Current,WATER,18-39,M,D
2019,Rip Current,WATER,18-39,M,D
2019,Rip Current,WATER,unknown,M,D
2019,Rip Current,WATER,40-64,M,D
2019,Rip Current,WATER,18-39,M,D
2019,Rip Current,WATER,65+,M,D
2019,Rip Current,WATER,18-39,M,D
2019,Rip Current,WATER,40-64,M,D
2019,Rip Current,WATER,18-39,M,D
2019,Rip Current,WATER,0-17,M,D
2019,Rip Current,WATER,40-64,M,D
2019,Rip Current,WATER,18-39,M,D
2019,Rip Current,WATER,18-39,F,D
2019,Rip Current,WATER,40-64,M,D
2019,Rip Current,WATER,40-64,M,D
2019,Rip Current,WATER,40-64,M,D
2019,Rip Current,WATER,18-39,M,D
2019,Rip Current,WATER,18-39,M,D
2019,Rip Current,WATER,unknown,M,D
2019,Rip Current,WATER,65+,M,D
2019,Rip Current,WATER,40-64,M,D
2019,Rip Current,WATER,18-39,M,D
2019,Rip Current,WATER,40-64,M,D
2019,Rip Current,WATER,18-39,M,I
2019,Rip Current,WATER,40-64,M,D
2019,Rip Current,WATER,40-64,M,D
2019,Rip Current,WATER,18-39,M,D
2019,Rip Current,WATER,40-64,M,D
2019,Rip Current,WATER,18-39,M,D
2019,Rip Current,WATER,40-64,M,D
2019,Rip Current,WATER,18-39,F,D
2019,Sneakerwave,OUTDOOR,18-39,M,D
2019,Sneakerwave,WATER,18-39,F,D
2019,Strong Wind,WATER,40-64,M,D
2019,Strong Wind,OUTDOOR,18-39,F,D
2019,Strong Wind,OUTDOOR,65+,M,I
2019,Strong Wind,VEHICLE,unknown,unknown,D
2019,Strong Wind,OUTDOOR,unknown,M,D
2019,Strong Wind,RES,unknown,unknown,I
2019,Strong Wind,OUTDOOR,40-64,M,I
2019,Strong Wind,OTHER,65+,M,I
2019,Strong Wind,OTHER,65+,M,I
2019,Strong Wind,VEHICLE,unknown,unknown,I
2019,Strong Wind,WATER,0-17,M,D
2019,Strong Wind,RES,unknown,unknown,I
2019,Strong Wind,OTHER,18-39,M,D
2019,Strong Wind,OUTDOOR,18-39,M,D
2019,Strong Wind,VEHICLE,65+,M,D
2019,Strong Wind,OUTDOOR,unknown,F,D
2019,Strong Wind,VEHICLE,18-39,M,D
2019,Strong Wind,OUTDOOR,0-17,F,D
2019,Thunderstorm Wind,RES,65+,M,D
2019,Thunderstorm Wind,VEHICLE,0-17,M,D
2019,Thunderstorm Wind,OTHER,65+,F,D
2019,Thunderstorm Wind,OTHER,65+,M,D
2019,Thunderstorm Wind,WATER,40-64,M,D
2019,Thunderstorm Wind,OUTDOOR,40-64,M,D
2019,Thunderstorm Wind,MH,40-64,F,D
2019,Thunderstorm Wind,VEHICLE,18-39,F,D
2019,Thunderstorm Wind,WATER,18-39,F,D
2019,Thunderstorm Wind,OUTDOOR,40-64,M,D
2019,Thunderstorm Wind,RES,40-64,M,I
2019,Thunderstorm Wind,OUTDOOR,18-39,M,D
2019,Thunderstorm Wind,RES,65+,F,D
2019,Thunderstorm Wind,VEHICLE,18-39,M,D
2019,Thunderstorm Wind,RES,0-17,F,D
2019,Thunderstorm Wind,VEHICLE,65+,M,D
2019,Thunderstorm Wind,VEHICLE,unknown,unknown,D
2019,Thunderstorm Wind,VEHICLE,0-17,M,D
2019,Thunderstorm Wind,OUTDOOR,unknown,M,D
2019,Thunderstorm Wind,VEHICLE,40-64,M,I
2019,Thunderstorm Wind,MH,18-39,M,D
2019,Thunderstorm Wind,OUTDOOR,40-64,M,D
2019,Thunderstorm Wind,VEHICLE,18-39,M,I
2019,Thunderstorm Wind,WATER,40-64,F,I
2019,Thunderstorm Wind,OUTDOOR,40-64,M,D
2019,Thunderstorm Wind,VEHICLE,40-64,F,D
2019,Thunderstorm Wind,RES,65+,F,D
2019,Thunderstorm Wind,VEHICLE,18-39,M,D
2019,Thunderstorm Wind,OUTDOOR,unknown,M,D
2019,Thunderstorm Wind,VEHICLE,18-39,M,D
2019,Thunderstorm Wind,VEHICLE,unknown,unknown,D
2019,Thunderstorm Wind,PUBLIC,18-39,F,D
2019,Thunderstorm Wind,OTHER,unknown,unknown,D
2019,Thunderstorm Wind,VEHICLE,40-64,F,D
2019,Thunderstorm Wind,WATER,18-39,M,D
2019,Thunderstorm Wind,OUTDOOR,18-39,M,D
2019,Thunderstorm Wind,OUTDOOR,18-39,M,D
2019,Thunderstorm Wind,OUTDOOR,40-64,F,D
2019,Thunderstorm Wind,VEHICLE,40-64,M,D
2019,Tornado,MH,65+,M,D
2019,Tornado,MH,65+,F,D
2019,Tornado,MH,18-39,M,D
2019,Tornado,MH,18-39,F,D
2019,Tornado,MH,0-17,M,D
2019,Tornado,MH,40-64,F,D
2019,Tornado,MH,40-64,M,D
2019,Tornado,MH,0-17,M,D
2019,Tornado,MH,40-64,F,D
2019,Tornado,MH,40-64,M,D
2019,Tornado,RES,65+,F,D
2019,Tornado,MH,18-39,M,D
2019,Tornado,RES,18-39,F,D
2019,Tornado,MH,40-64,F,D
2019,Tornado,MH,65+,M,D
2019,Tornado,MH,40-64,F,D
2019,Tornado,MH,40-64,M,D
2019,Tornado,MH,65+,F,D
2019,Tornado,RES,0-17,M,D
2019,Tornado,MH,0-17,F,D
2019,Tornado,RES,40-64,F,D
2019,Tornado,MH,65+,F,D
2019,Tornado,MH,40-64,F,D
2019,Tornado,MH,40-64,F,D
2019,Tornado,MH,40-64,M,D
2019,Tornado,MH,40-64,F,D
2019,Tornado,RES,65+,M,D
2019,Tornado,RES,40-64,M,D
2019,Tornado,RES,65+,M,D
2019,Tornado,MH,18-39,F,D
2019,Tornado,MH,18-39,M,D
2019,Tornado,RES,65+,F,D
2019,Tornado,OUTDOOR,unknown,unknown,D
2019,Tornado,RES,65+,F,D
2019,Tornado,PUBLIC,65+,M,I
2019,Tornado,MH,unknown,F,D
2019,Tornado,MH,40-64,F,D
2019,Tornado,MH,65+,M,D
2019,Tornado,PUBLIC,40-64,F,D
2019,Tornado,MH,40-64,F,D
2019,Tornado,MH,0-17,M,D
2019,Tornado,MH,40-64,F,D
2019,Tornado,RES,65+,M,D
2019,Tornado,OTHER,unknown,unknown,D
2019,Tornado,OTHER,unknown,unknown,D
2019,Tornado,RES,unknown,M,D
2019,Tropical Depression,OTHER,65+,M,I
2019,Tropical Depression,OTHER,40-64,M,I
2019,Tropical Depression,OTHER,65+,M,I
2019,Tropical Depression,OTHER,40-64,M,I
2019,Tropical Storm,OTHER,65+,M,I
2019,Wildfire,MH,unknown,unknown,D
2019,Wildfire,RES,40-64,M,I
2019,Wildfire,MH,unknown,unknown,D
2019,Wildfire,RES,40-64,M,I
2019,Wildfire,OUTDOOR,40-64,M,D
2019,Wildfire,RES,40-64,M,I
2019,Winter Storm,VEHICLE,18-39,M,I
2019,Winter Storm,VEHICLE,18-39,F,I
2019,Winter Storm,RES,40-64,M,I
2019,Winter Storm,OUTDOOR,18-39,M,I
2019,Winter Storm,VEHICLE,unknown,F,I
2019,Winter Storm,VEHICLE,18-39,M,I
2019,Winter Storm,VEHICLE,0-17,F,I
2019,Winter Storm,OUTDOOR,65+,M,I
2019,Winter Storm,OUTDOOR,40-64,M,I
2019,Winter Storm,VEHICLE,18-39,M,I
2019,Winter Storm,OUTDOOR,65+,M,I
2019,Winter Storm,OUTDOOR,unknown,unknown,D
2019,Winter Storm,RES,65+,M,I
2019,Winter Storm,VEHICLE,40-64,F,I
2019,Winter Storm,VEHICLE,18-39,F,I
2019,Winter Storm,VEHICLE,0-17,F,I
2019,Winter Storm,VEHICLE,65+,M,I
2019,Winter Storm,VEHICLE,18-39,M,I
2019,Winter Storm,VEHICLE,40-64,M,I
2019,Winter Storm,VEHICLE,18-39,F,I
2019,Winter Weather,VEHICLE,40-64,M,D
2019,Winter Weather,VEHICLE,40-64,M,I
2019,Winter Weather,OUTDOOR,40-64,F,D
2019,Winter Weather,WATER,0-17,F,I
2019,Winter Weather,WATER,0-17,F,I
2019,Winter Weather,WATER,40-64,M,I
2019,Winter Weather,VEHICLE,18-39,M,I
2019,Winter Weather,VEHICLE,unknown,M,I
2019,Winter Weather,VEHICLE,40-64,F,I
2019,Winter Weather,VEHICLE,unknown,unknown,D
2019,Winter Weather,VEHICLE,unknown,unknown,D
2019,Winter Weather,VEHICLE,unknown,unknown,D
2019,Winter Weather,VEHICLE,65+,F,I
2019,Winter Weather,OUTDOOR,unknown,M,I
2019,Winter Weather,VEHICLE,40-64,F,I
2019,Winter Weather,VEHICLE,unknown,unknown,D
2019,Winter Weather,VEHICLE,65+,M,I
2019,Winter Weather,OUTDOOR,65+,F,I
2019,Winter Weather,VEHICLE,40-64,F,I
2019,Winter Weather,VEHICLE,18-39,M,I
2019,Winter Weather,WATER,unknown,M,D
2019,Winter Weather,OUTDOOR,18-39,F,I
2019,Winter Weather,OUTDOOR,18-39,M,I
2019,Winter Weather,OUTDOOR,18-39,M,I
2019,Winter Weather,VEHICLE,18-39,M,I
2019,Winter Weather,VEHICLE,18-39,F,I
2019,Winter Weather,VEHICLE,40-64,M,I
2019,Winter Weather,OUTDOOR,unknown,M,I
2019,Winter Weather,VEHICLE,18-39,M,I
2019,Winter Weather,OUTDOOR,40-64,M,I
2019,Winter Weather,VEHICLE,18-39,F,I
2019,Winter Weather,VEHICLE,unknown,unknown,I
2019,Winter Weather,VEHICLE,18-39,M,I
2019,Winter Weather,OUTDOOR,unknown,F,I
2019,Winter Weather,VEHICLE,65+,M,I
2019,Winter Weather,VEHICLE,40-64,F,I
2019,Winter Weather,VEHICLE,40-64,M,I
2019,Winter Weather,VEHICLE,18-39,F,I
2019,Winter Weather,VEHICLE,18-39,M,I
2019,Winter Weather,VEHICLE,40-64,F,I
2019,Winter Weather,VEHICLE,18-39,F,I
2019,Winter Weather,VEHICLE,0-17,M,I
2019,Winter Weather,VEHICLE,40-64,M,I
2019,Winter Weather,OUTDOOR,40-64,F,I
2019,Winter Weather,VEHICLE,65+,F,I
2019,Winter Weather,VEHICLE,40-64,F,I
2019,Winter Weather,VEHICLE,18-39,M,I
2019,Winter Weather,VEHICLE,18-39,F,I
2019,Winter Weather,VEHICLE,18-39,F,I
2019,Winter Weather,VEHICLE,18-39,M,I
2019,Winter Weather,VEHICLE,18-39,M,I
2019,Winter Weather,OTHER,unknown,unknown,I
2019,Winter Weather,OTHER,unknown,unknown,I
2019,Winter Weather,VEHICLE,18-39,M,I
2019,Winter Weather,VEHICLE,18-39,F,I
2019,Winter Weather,VEHICLE,40-64,M,I
2019,Winter Weather,VEHICLE,unknown,unknown,I
2019,Winter Weather,VEHICLE,65+,F,I
2020,Avalanche,OUTDOOR,18-39,M,D
2020,Avalanche,OUTDOOR,18-39,F,D
2020,Avalanche,OUTDOOR,40-64,M,D
2020,Avalanche,OUTDOOR,18-39,M,D
2020,Avalanche,OUTDOOR,40-64,M,D
2020,Avalanche,OUTDOOR,40-64,M,D
2020,Avalanche,OUTDOOR,40-64,M,D
2020,Avalanche,OUTDOOR,18-39,M,D
2020,Avalanche,OUTDOOR,18-39,M,D
2020,Avalanche,OUTDOOR,18-39,M,D
2020,Avalanche,OUTDOOR,18-39,M,D
2020,Avalanche,OUTDOOR,18-39,M,D
2020,Avalanche,OUTDOOR,18-39,M,D
2020,Avalanche,OUTDOOR,18-39,M,D
2020,Avalanche,OUTDOOR,0-17,M,D
2020,Avalanche,OUTDOOR,18-39,M,D
2020,Avalanche,OUTDOOR,40-64,M,D
2020,Avalanche,OUTDOOR,40-64,M,D
2020,Avalanche,OUTDOOR,40-64,M,D
2020,Avalanche,OUTDOOR,40-64,M,D
2020,Avalanche,OUTDOOR,40-64,F,D
2020,Avalanche,VEHICLE,40-64,M,D
2020,Avalanche,OUTDOOR,40-64,F,D
2020,Blizzard,WATER,40-64,F,I
2020,Blizzard,VEHICLE,40-64,M,I
2020,Cold/Wind Chill,WATER,unknown,M,I
2020,Cold/Wind Chill,OUTDOOR,unknown,M,D
2020,Cold/Wind Chill,OUTDOOR,65+,F,D
2020,Cold/Wind Chill,OUTDOOR,65+,M,I
2020,Cold/Wind Chill,OUTDOOR,40-64,M,D
2020,Cold/Wind Chill,RES,65+,F,D
2020,Cold/Wind Chill,OUTDOOR,65+,M,D
2020,Cold/Wind Chill,OTHER,unknown,M,I
2020,Cold/Wind Chill,OUTDOOR,65+,M,D
2020,Cold/Wind Chill,OUTDOOR,18-39,M,D
2020,Cold/Wind Chill,OUTDOOR,18-39,F,D
2020,Cold/Wind Chill,WATER,0-17,M,I
2020,Cold/Wind Chill,OUTDOOR,18-39,M,D
2020,Cold/Wind Chill,VEHICLE,40-64,M,D
2020,Cold/Wind Chill,WATER,18-39,M,I
2020,Cold/Wind Chill,RES,65+,F,D
2020,Cold/Wind Chill,OTHER,unknown,M,I
2020,Cold/Wind Chill,WATER,unknown,M,I
2020,Debris Flow,RES,18-39,F,D
2020,Debris Flow,RES,18-39,M,D
2020,Dense Fog,OTHER,18-39,F,I
2020,Dense Fog,OTHER,18-39,F,I
2020,Dense Fog,VEHICLE,18-39,M,I
2020,Dense Fog,VEHICLE,unknown,M,I
2020,Dense Fog,VEHICLE,unknown,unknown,I
2020,Dense Fog,OTHER,18-39,M,I
2020,Dense Fog,OTHER,40-64,M,I
2020,Dense Fog,VEHICLE,40-64,M,I
2020,Dense Fog,VEHICLE,unknown,unknown,I
2020,Dense Fog,OTHER,18-39,M,I
2020,Dust Storm,VEHICLE,40-64,M,I
2020,Dust Storm,VEHICLE,18-39,M,I
2020,Dust Storm,VEHICLE,65+,F,D
2020,Excessive Heat,OTHER,unknown,unknown,D
2020,Excessive Heat,OTHER,unknown,unknown,D
2020,Excessive Heat,OTHER,unknown,unknown,D
2020,Excessive Heat,OTHER,unknown,unknown,D
2020,Excessive Heat,OTHER,unknown,unknown,D
2020,Excessive Heat,OTHER,unknown,unknown,D
2020,Excessive Heat,OTHER,unknown,unknown,D
2020,Excessive Heat,OTHER,unknown,unknown,D
2020,Excessive Heat,OTHER,unknown,unknown,D
2020,Excessive Heat,OTHER,unknown,unknown,D
2020,Excessive Heat,OTHER,unknown,unknown,D
2020,Excessive Heat,OTHER,unknown,unknown,D
2020,Excessive Heat,OTHER,unknown,unknown,D
2020,Excessive Heat,OTHER,unknown,unknown,D
2020,Excessive Heat,OTHER,unknown,unknown,D
2020,Excessive Heat,OTHER,unknown,unknown,D
2020,Excessive Heat,OTHER,unknown,unknown,D
2020,Excessive Heat,OTHER,unknown,unknown,D
2020,Excessive Heat,OTHER,unknown,unknown,D
2020,Excessive Heat,RES,40-64,M,D
2020,Excessive Heat,OTHER,unknown,unknown,D
2020,Excessive Heat,OUTDOOR,18-39,M,D
2020,Excessive Heat,OUTDOOR,18-39,M,D
2020,Excessive Heat,OTHER,unknown,unknown,D
2020,Excessive Heat,OTHER,unknown,unknown,D
2020,Excessive Heat,OUTDOOR,65+,M,D
2020,Excessive Heat,OUTDOOR,unknown,M,D
2020,Excessive Heat,OUTDOOR,18-39,M,D
2020,Excessive Heat,OUTDOOR,18-39,M,D
2020,Excessive Heat,OUTDOOR,18-39,M,D
2020,Excessive Heat,OUTDOOR,18-39,M,D
2020,Excessive Heat,OTHER,unknown,unknown,D
2020,Excessive Heat,OUTDOOR,18-39,M,D
2020,Excessive Heat,OTHER,unknown,unknown,D
2020,Excessive Heat,OUTDOOR,18-39,M,D
2020,Excessive Heat,OUTDOOR,18-39,M,D
2020,Excessive Heat,OUTDOOR,18-39,M,D
2020,Excessive Heat,OUTDOOR,18-39,M,D
2020,Excessive Heat,OUTDOOR,18-39,M,D
2020,Excessive Heat,OTHER,unknown,unknown,D
2020,Excessive Heat,OTHER,unknown,unknown,D
2020,Excessive Heat,OTHER,unknown,unknown,D
2020,Excessive Heat,OUTDOOR,18-39,F,D
2020,Excessive Heat,OTHER,unknown,unknown,D
2020,Excessive Heat,OTHER,unknown,unknown,D
2020,Excessive Heat,OUTDOOR,18-39,M,D
2020,Excessive Heat,OTHER,unknown,unknown,D
2020,Excessive Heat,OTHER,unknown,unknown,D
2020,Excessive Heat,OTHER,unknown,unknown,D
2020,Excessive Heat,OTHER,unknown,unknown,D
2020,Excessive Heat,OTHER,unknown,unknown,D
2020,Excessive Heat,OTHER,unknown,unknown,D
2020,Excessive Heat,OTHER,unknown,unknown,D
2020,Excessive Heat,OTHER,unknown,unknown,D
2020,Excessive Heat,OTHER,unknown,unknown,D
2020,Excessive Heat,OTHER,unknown,unknown,D
2020,Excessive Heat,OTHER,unknown,unknown,D
2020,Excessive Heat,OTHER,unknown,unknown,D
2020,Excessive Heat,OTHER,unknown,unknown,D
2020,Excessive Heat,VEHICLE,unknown,M,I
2020,Excessive Heat,OTHER,unknown,unknown,D
2020,Excessive Heat,OTHER,unknown,unknown,D
2020,Excessive Heat,OTHER,unknown,unknown,D
2020,Excessive Heat,OTHER,unknown,unknown,D
2020,Excessive Heat,OTHER,unknown,unknown,D
2020,Excessive Heat,OTHER,unknown,unknown,D
2020,Excessive Heat,OTHER,unknown,unknown,D
2020,Excessive Heat,OTHER,unknown,unknown,D
2020,Excessive Heat,OTHER,unknown,unknown,D
2020,Excessive Heat,OTHER,unknown,unknown,D
2020,Excessive Heat,OTHER,unknown,unknown,D
2020,Excessive Heat,OTHER,unknown,unknown,D
2020,Excessive Heat,OTHER,unknown,unknown,D
2020,Excessive Heat,OTHER,unknown,unknown,D
2020,Excessive Heat,OTHER,unknown,unknown,D
2020,Excessive Heat,OTHER,unknown,unknown,D
2020,Excessive Heat,OTHER,unknown,unknown,D
2020,Excessive Heat,OTHER,unknown,unknown,D
2020,Excessive Heat,OTHER,unknown,unknown,D
2020,Excessive Heat,OTHER,unknown,unknown,D
2020,Excessive Heat,OTHER,unknown,unknown,D
2020,Excessive Heat,OTHER,unknown,unknown,D
2020,Excessive Heat,OTHER,unknown,unknown,D
2020,Excessive Heat,OTHER,unknown,unknown,D
2020,Excessive Heat,OTHER,unknown,unknown,D
2020,Excessive Heat,OTHER,unknown,unknown,D
2020,Excessive Heat,OTHER,unknown,unknown,D
2020,Excessive Heat,OTHER,unknown,unknown,D
2020,Excessive Heat,OTHER,unknown,unknown,D
2020,Excessive Heat,OUTDOOR,18-39,M,D
2020,Excessive Heat,OTHER,unknown,unknown,D
2020,Excessive Heat,OTHER,unknown,unknown,D
2020,Excessive Heat,OUTDOOR,40-64,M,D
2020,Excessive Heat,OTHER,unknown,unknown,D
2020,Excessive Heat,OTHER,unknown,unknown,D
2020,Excessive Heat,OTHER,unknown,unknown,D
2020,Excessive Heat,OTHER,unknown,unknown,D
2020,Excessive Heat,OTHER,unknown,unknown,D
2020,Excessive Heat,OTHER,unknown,unknown,D
2020,Excessive Heat,OTHER,unknown,unknown,D
2020,Excessive Heat,OTHER,unknown,unknown,D
2020,Excessive Heat,OTHER,unknown,unknown,D
2020,Excessive Heat,OTHER,unknown,unknown,D
2020,Excessive Heat,OTHER,unknown,unknown,D
2020,Excessive Heat,OTHER,unknown,unknown,D
2020,Excessive Heat,OTHER,unknown,unknown,D
2020,Excessive Heat,OTHER,unknown,unknown,D
2020,Excessive Heat,OTHER,unknown,unknown,D
2020,Excessive Heat,OTHER,unknown,unknown,D
2020,Excessive Heat,OUTDOOR,18-39,M,D
2020,Excessive Heat,OUTDOOR,40-64,M,D
2020,Excessive Heat,OTHER,unknown,unknown,D
2020,Excessive Heat,OTHER,unknown,unknown,D
2020,Excessive Heat,OTHER,unknown,unknown,D
2020,Excessive Heat,OTHER,unknown,unknown,D
2020,Excessive Heat,OTHER,unknown,unknown,D
2020,Excessive Heat,OTHER,unknown,unknown,D
2020,Excessive Heat,OTHER,unknown,unknown,D
2020,Excessive Heat,OTHER,unknown,unknown,D
2020,Excessive Heat,OTHER,unknown,unknown,D
2020,Excessive Heat,OTHER,unknown,unknown,D
2020,Excessive Heat,OTHER,unknown,unknown,D
2020,Excessive Heat,OTHER,unknown,unknown,D
2020,Excessive Heat,OTHER,unknown,unknown,D
2020,Excessive Heat,OTHER,unknown,unknown,D
2020,Excessive Heat,OTHER,unknown,unknown,D
2020,Excessive Heat,OTHER,unknown,unknown,D
2020,Excessive Heat,OTHER,unknown,unknown,D
2020,Excessive Heat,OTHER,unknown,unknown,D
2020,Excessive Heat,OTHER,unknown,unknown,D
2020,Excessive Heat,OTHER,unknown,unknown,D
2020,Excessive Heat,OTHER,unknown,unknown,D
2020,Excessive Heat,OTHER,unknown,unknown,D
2020,Excessive Heat,OTHER,unknown,unknown,D
2020,Excessive Heat,OTHER,unknown,unknown,D
2020,Excessive Heat,OTHER,unknown,unknown,D
2020,Excessive Heat,OTHER,unknown,unknown,D
2020,Excessive Heat,OTHER,unknown,unknown,D
2020,Excessive Heat,OTHER,unknown,unknown,D
2020,Excessive Heat,OTHER,unknown,unknown,D
2020,Excessive Heat,OTHER,unknown,unknown,D
2020,Excessive Heat,OTHER,unknown,unknown,D
2020,Excessive Heat,OTHER,unknown,unknown,D
2020,Excessive Heat,OTHER,unknown,unknown,D
2020,Excessive Heat,OTHER,unknown,unknown,D
2020,Excessive Heat,OTHER,unknown,unknown,D
2020,Excessive Heat,OTHER,unknown,unknown,D
2020,Excessive Heat,OUTDOOR,18-39,M,D
2020,Excessive Heat,OTHER,unknown,unknown,D
2020,Excessive Heat,OTHER,unknown,unknown,D
2020,Excessive Heat,OTHER,unknown,unknown,D
2020,Excessive Heat,OTHER,unknown,unknown,D
2020,Excessive Heat,OTHER,unknown,unknown,D
2020,Excessive Heat,OTHER,unknown,unknown,D
2020,Excessive Heat,OTHER,unknown,unknown,D
2020,Excessive Heat,OTHER,unknown,unknown,D
2020,Excessive Heat,OTHER,unknown,unknown,D
2020,Excessive Heat,OTHER,unknown,unknown,D
2020,Excessive Heat,OTHER,unknown,unknown,D
2020,Excessive Heat,OTHER,unknown,unknown,D
2020,Excessive Heat,OTHER,unknown,unknown,D
2020,Excessive Heat,OTHER,unknown,unknown,D
2020,Excessive Heat,OTHER,unknown,unknown,D
2020,Excessive Heat,OTHER,unknown,unknown,D
2020,Excessive Heat,OTHER,unknown,unknown,D
2020,Excessive Heat,OTHER,unknown,unknown,D
2020,Excessive Heat,OTHER,unknown,unknown,D
2020,Excessive Heat,OTHER,unknown,unknown,D
2020,Excessive Heat,OTHER,unknown,unknown,D
2020,Excessive Heat,OTHER,unknown,unknown,D
2020,Excessive Heat,OTHER,unknown,unknown,D
2020,Excessive Heat,OTHER,unknown,unknown,D
2020,Excessive Heat,OTHER,unknown,unknown,D
2020,Excessive Heat,OTHER,unknown,unknown,D
2020,Excessive Heat,OTHER,unknown,unknown,D
2020,Excessive Heat,OTHER,unknown,unknown,D
2020,Excessive Heat,OTHER,unknown,unknown,D
2020,Excessive Heat,OTHER,unknown,unknown,D
2020,Excessive Heat,OTHER,unknown,unknown,D
2020,Excessive Heat,OTHER,unknown,unknown,D
2020,Excessive Heat,OTHER,unknown,unknown,D
2020,Excessive Heat,OTHER,unknown,unknown,D
2020,Excessive Heat,OTHER,unknown,unknown,D
2020,Excessive Heat,OTHER,unknown,unknown,D
2020,Excessive Heat,OTHER,unknown,unknown,D
2020,Excessive Heat,OTHER,unknown,unknown,D
2020,Excessive Heat,OTHER,unknown,unknown,D
2020,Excessive Heat,OTHER,unknown,unknown,D
2020,Excessive Heat,OTHER,unknown,unknown,D
2020,Excessive Heat,OTHER,unknown,unknown,D
2020,Excessive Heat,OTHER,unknown,unknown,D
2020,Excessive Heat,OTHER,unknown,unknown,D
2020,Excessive Heat,OTHER,unknown,unknown,D
2020,Excessive Heat,OTHER,unknown,unknown,D
2020,Excessive Heat,OTHER,unknown,unknown,D
2020,Excessive Heat,OTHER,unknown,unknown,D
2020,Excessive Heat,OTHER,unknown,unknown,D
2020,Excessive Heat,OTHER,unknown,unknown,D
2020,Excessive Heat,OTHER,unknown,unknown,D
2020,Excessive Heat,OTHER,unknown,unknown,D
2020,Excessive Heat,OTHER,unknown,unknown,D
2020,Excessive Heat,OTHER,unknown,unknown,D
2020,Excessive Heat,OTHER,unknown,unknown,D
2020,Excessive Heat,OTHER,unknown,unknown,D
2020,Excessive Heat,OTHER,unknown,unknown,D
2020,Excessive Heat,OTHER,unknown,unknown,D
2020,Excessive Heat,OTHER,unknown,unknown,D
2020,Excessive Heat,OTHER,unknown,unknown,D
2020,Excessive Heat,OTHER,unknown,unknown,D
2020,Excessive Heat,OTHER,unknown,unknown,D
2020,Excessive Heat,OTHER,unknown,unknown,D
2020,Excessive Heat,OTHER,unknown,unknown,D
2020,Excessive Heat,OTHER,unknown,unknown,D
2020,Excessive Heat,OTHER,unknown,unknown,D
2020,Excessive Heat,OTHER,unknown,unknown,D
2020,Excessive Heat,OTHER,unknown,unknown,D
2020,Excessive Heat,OTHER,unknown,unknown,D
2020,Excessive Heat,OTHER,unknown,unknown,D
2020,Excessive Heat,OTHER,unknown,unknown,D
2020,Excessive Heat,OTHER,unknown,unknown,D
2020,Excessive Heat,OTHER,unknown,unknown,D
2020,Excessive Heat,OTHER,unknown,unknown,D
2020,Excessive Heat,OTHER,unknown,unknown,D
2020,Excessive Heat,OTHER,unknown,unknown,D
2020,Excessive Heat,OTHER,unknown,unknown,D
2020,Excessive Heat,OTHER,unknown,unknown,D
2020,Excessive Heat,OTHER,unknown,unknown,D
2020,Excessive Heat,OTHER,unknown,unknown,D
2020,Excessive Heat,OTHER,unknown,unknown,D
2020,Excessive Heat,OTHER,unknown,unknown,D
2020,Extreme Cold/Wind Chill,OUTDOOR,40-64,M,D
2020,Extreme Cold/Wind Chill,OUTDOOR,18-39,M,D
2020,Flash Flood,WATER,0-17,F,D
2020,Flash Flood,WATER,0-17,M,D
2020,Flash Flood,VEHICLE,0-17,F,D
2020,Flash Flood,WATER,40-64,M,D
2020,Flash Flood,WATER,40-64,M,D
2020,Flash Flood,VEHICLE,65+,M,D
2020,Flash Flood,OUTDOOR,40-64,F,D
2020,Flash Flood,OUTDOOR,40-64,M,D
2020,Flash Flood,OTHER,40-64,M,D
2020,Flash Flood,WATER,18-39,F,D
2020,Flash Flood,WATER,unknown,F,D
2020,Flash Flood,WATER,0-17,M,D
2020,Flash Flood,WATER,18-39,M,D
2020,Flash Flood,VEHICLE,40-64,M,D
2020,Flash Flood,WATER,65+,M,D
2020,Flash Flood,WATER,40-64,F,D
2020,Flash Flood,VEHICLE,65+,M,D
2020,Flash Flood,VEHICLE,40-64,M,D
2020,Flash Flood,VEHICLE,40-64,M,D
2020,Flash Flood,VEHICLE,40-64,F,D
2020,Flash Flood,VEHICLE,18-39,F,D
2020,Flash Flood,VEHICLE,40-64,M,D
2020,Flash Flood,VEHICLE,0-17,M,D
2020,Flash Flood,VEHICLE,0-17,F,D
2020,Flash Flood,VEHICLE,0-17,F,D
2020,Flash Flood,WATER,18-39,F,D
2020,Flash Flood,WATER,0-17,M,D
2020,Flash Flood,VEHICLE,40-64,F,D
2020,Flash Flood,OUTDOOR,0-17,F,D
2020,Flash Flood,WATER,0-17,F,D
2020,Flash Flood,OTHER,40-64,F,D
2020,Flash Flood,OUTDOOR,0-17,M,D
2020,Flash Flood,VEHICLE,18-39,M,I
2020,Flash Flood,OUTDOOR,40-64,F,D
2020,Flash Flood,OUTDOOR,18-39,M,D
2020,Flash Flood,WATER,0-17,F,D
2020,Flash Flood,OUTDOOR,65+,M,D
2020,Flash Flood,OUTDOOR,40-64,F,D
2020,Flood,VEHICLE,65+,M,D
2020,Flood,OUTDOOR,18-39,F,D
2020,Flood,VEHICLE,0-17,F,D
2020,Flood,VEHICLE,65+,M,D
2020,Flood,VEHICLE,40-64,M,D
2020,Flood,WATER,0-17,M,D
2020,Flood,OUTDOOR,65+,F,I
2020,Flood,VEHICLE,65+,M,D
2020,Flood,VEHICLE,0-17,unknown,D
2020,Flood,VEHICLE,40-64,M,D
2020,Flood,WATER,18-39,F,D
2020,Flood,VEHICLE,18-39,M,I
2020,Flood,WATER,40-64,F,D
2020,Flood,VEHICLE,18-39,F,D
2020,Flood,VEHICLE,65+,M,D
2020,Flood,OTHER,40-64,F,D
2020,Flood,WATER,65+,F,I
2020,Flood,VEHICLE,0-17,M,D
2020,Flood,VEHICLE,0-17,M,D
2020,Flood,VEHICLE,0-17,F,D
2020,Flood,VEHICLE,0-17,F,D
2020,Freezing Fog,VEHICLE,65+,M,I
2020,Hail,OTHER,unknown,unknown,D
2020,Heat,OUTDOOR,18-39,M,D
2020,Heat,OTHER,unknown,unknown,D
2020,Heat,OUTDOOR,40-64,M,D
2020,Heat,OUTDOOR,18-39,M,D
2020,Heat,OUTDOOR,18-39,M,D
2020,Heat,OUTDOOR,40-64,M,D
2020,Heat,OTHER,unknown,unknown,D
2020,Heat,OTHER,unknown,unknown,D
2020,Heat,OUTDOOR,18-39,M,D
2020,Heat,OUTDOOR,18-39,M,D
2020,Heat,OUTDOOR,18-39,M,D
2020,Heat,OUTDOOR,unknown,M,D
2020,Heat,OUTDOOR,40-64,M,D
2020,Heat,OUTDOOR,18-39,M,D
2020,Heat,OUTDOOR,0-17,M,D
2020,Heat,OUTDOOR,18-39,M,D
2020,Heat,OTHER,unknown,unknown,D
2020,Heat,OUTDOOR,18-39,M,D
2020,Heat,OTHER,unknown,unknown,D
2020,Heat,OTHER,unknown,unknown,D
2020,Heat,OTHER,unknown,unknown,D
2020,Heat,OTHER,unknown,unknown,D
2020,Heat,OTHER,unknown,unknown,D
2020,Heat,OTHER,unknown,unknown,D
2020,Heat,OUTDOOR,18-39,M,D
2020,Heat,OTHER,unknown,unknown,D
2020,Heat,OTHER,unknown,unknown,D
2020,Heat,OTHER,unknown,unknown,D
2020,Heat,OTHER,unknown,unknown,D
2020,Heat,OTHER,unknown,unknown,D
2020,Heat,OTHER,unknown,unknown,D
2020,Heat,OTHER,unknown,unknown,D
2020,Heat,OTHER,unknown,unknown,D
2020,Heat,OTHER,unknown,unknown,D
2020,Heat,OTHER,unknown,unknown,D
2020,Heat,OTHER,unknown,unknown,D
2020,Heat,OTHER,unknown,unknown,D
2020,Heat,OTHER,unknown,unknown,D
2020,Heat,OTHER,unknown,unknown,D
2020,Heat,OTHER,unknown,unknown,D
2020,Heat,OTHER,unknown,unknown,D
2020,Heat,OTHER,unknown,unknown,D
2020,Heat,OTHER,unknown,unknown,D
2020,Heat,OTHER,unknown,unknown,D
2020,Heat,OTHER,unknown,unknown,D
2020,Heat,OTHER,unknown,unknown,D
2020,Heat,OTHER,unknown,unknown,D
2020,Heat,OUTDOOR,18-39,M,D
2020,Heat,VEHICLE,0-17,M,D
2020,Heat,OTHER,unknown,unknown,D
2020,Heat,OTHER,unknown,unknown,D
2020,Heat,OTHER,unknown,unknown,D
2020,Heat,OTHER,unknown,unknown,D
2020,Heat,WATER,unknown,M,I
2020,Heat,OTHER,unknown,unknown,D
2020,Heat,OUTDOOR,18-39,M,D
2020,Heat,OTHER,unknown,unknown,D
2020,Heat,OTHER,unknown,unknown,D
2020,Heat,OTHER,unknown,unknown,D
2020,Heat,OTHER,unknown,unknown,D
2020,Heat,OTHER,unknown,unknown,D
2020,Heat,OUTDOOR,65+,M,D
2020,Heat,OUTDOOR,unknown,M,D
2020,Heat,OTHER,unknown,unknown,D
2020,Heat,OTHER,unknown,unknown,D
2020,Heat,OTHER,unknown,unknown,D
2020,Heat,OTHER,unknown,unknown,D
2020,Heat,WATER,unknown,F,I
2020,Heat,OUTDOOR,18-39,M,D
2020,Heat,OTHER,unknown,unknown,D
2020,Heat,OUTDOOR,18-39,M,D
2020,Heat,VEHICLE,0-17,F,D
2020,Heat,VEHICLE,0-17,F,D
2020,Heat,OTHER,unknown,unknown,D
2020,Heat,OTHER,unknown,unknown,D
2020,Heat,OUTDOOR,18-39,M,D
2020,Heat,OUTDOOR,40-64,M,D
2020,Heat,OTHER,unknown,unknown,D
2020,Heat,OTHER,unknown,unknown,D
2020,Heat,OTHER,unknown,unknown,D
2020,Heat,OTHER,unknown,unknown,D
2020,Heat,OTHER,unknown,unknown,D
2020,Heat,OTHER,unknown,unknown,D
2020,Heat,OTHER,unknown,unknown,D
2020,Heat,OTHER,unknown,unknown,D
2020,Heat,OTHER,unknown,unknown,D
2020,Heat,OTHER,unknown,unknown,D
2020,Heat,OTHER,unknown,unknown,D
2020,Heat,OTHER,unknown,unknown,D
2020,Heat,OTHER,unknown,unknown,D
2020,Heat,OTHER,unknown,unknown,D
2020,Heat,OTHER,unknown,unknown,D
2020,Heat,OTHER,unknown,unknown,D
2020,Heat,OTHER,unknown,unknown,D
2020,Heat,VEHICLE,0-17,M,D
2020,Heat,OTHER,unknown,unknown,D
2020,Heat,OTHER,unknown,unknown,D
2020,Heat,OUTDOOR,40-64,M,D
2020,Heat,OUTDOOR,18-39,M,D
2020,Heat,OTHER,unknown,unknown,D
2020,Heat,VEHICLE,0-17,M,D
2020,Heat,OTHER,unknown,unknown,D
2020,Heat,OTHER,unknown,unknown,D
2020,Heat,OTHER,unknown,unknown,D
2020,Heat,OTHER,unknown,unknown,D
2020,Heat,VEHICLE,0-17,F,D
2020,Heat,OTHER,unknown,unknown,D
2020,Heat,OTHER,unknown,unknown,D
2020,Heat,OTHER,unknown,unknown,D
2020,Heat,OTHER,unknown,unknown,D
2020,Heat,OTHER,unknown,unknown,D
2020,Heat,OTHER,unknown,unknown,D
2020,Heat,OTHER,unknown,unknown,D
2020,Heat,OTHER,unknown,unknown,D
2020,Heat,OTHER,unknown,unknown,D
2020,Heat,OTHER,unknown,unknown,D
2020,Heat,OTHER,unknown,unknown,D
2020,Heat,OTHER,unknown,unknown,D
2020,Heat,OTHER,unknown,unknown,D
2020,Heat,OTHER,unknown,unknown,D
2020,Heat,OTHER,unknown,unknown,D
2020,Heat,OTHER,unknown,unknown,D
2020,Heat,OTHER,unknown,unknown,D
2020,Heat,OTHER,unknown,unknown,D
2020,Heat,OTHER,unknown,unknown,D
2020,Heavy Rain,VEHICLE,40-64,M,I
2020,Heavy Rain,WATER,unknown,M,I
2020,Heavy Snow,VEHICLE,65+,M,I
2020,Heavy Snow,VEHICLE,40-64,M,I
2020,Heavy Snow,VEHICLE,18-39,F,D
2020,Heavy Snow,VEHICLE,18-39,M,I
2020,High Surf,OTHER,18-39,M,D
2020,High Surf,WATER,unknown,unknown,D
2020,High Surf,OUTDOOR,65+,F,D
2020,High Surf,WATER,0-17,F,D
2020,High Surf,WATER,40-64,M,D
2020,High Wind,OTHER,unknown,unknown,D
2020,High Wind,OUTDOOR,40-64,M,D
2020,High Wind,OUTDOOR,40-64,F,D
2020,High Wind,OTHER,unknown,unknown,D
2020,High Wind,OTHER,unknown,unknown,D
2020,High Wind,OTHER,unknown,unknown,D
2020,High Wind,OTHER,unknown,unknown,D
2020,High Wind,OTHER,unknown,unknown,D
2020,Hurricane (Typhoon),RES,65+,M,I
2020,Hurricane (Typhoon),RES,65+,F,I
2020,Hurricane (Typhoon),RES,40-64,F,D
2020,Hurricane (Typhoon),RES,65+,M,I
2020,Hurricane (Typhoon),PUBLIC,unknown,unknown,I
2020,Hurricane (Typhoon),RES,65+,M,I
2020,Hurricane (Typhoon),PUBLIC,unknown,M,I
2020,Hurricane (Typhoon),PUBLIC,40-64,M,I
2020,Hurricane (Typhoon),PUBLIC,40-64,M,I
2020,Hurricane (Typhoon),RES,40-64,M,I
2020,Hurricane (Typhoon),RES,65+,M,I
2020,Hurricane (Typhoon),RES,65+,M,D
2020,Hurricane (Typhoon),MH,40-64,M,I
2020,Hurricane (Typhoon),RES,65+,M,D
2020,Hurricane (Typhoon),RES,65+,F,I
2020,Hurricane (Typhoon),RES,18-39,M,I
2020,Hurricane (Typhoon),MH,40-64,M,D
2020,Hurricane (Typhoon),RES,0-17,F,D
2020,Hurricane (Typhoon),RES,40-64,M,I
2020,Hurricane (Typhoon),OUTDOOR,18-39,M,I
2020,Hurricane (Typhoon),RES,40-64,F,I
2020,Hurricane (Typhoon),RES,18-39,M,I
2020,Hurricane (Typhoon),OUTDOOR,40-64,M,I
2020,Hurricane (Typhoon),OTHER,18-39,M,I
2020,Hurricane (Typhoon),PUBLIC,unknown,unknown,I
2020,Hurricane (Typhoon),WATER,unknown,M,D
2020,Hurricane (Typhoon),RES,65+,F,D
2020,Hurricane (Typhoon),VEHICLE,18-39,M,I
2020,Hurricane (Typhoon),MH,40-64,M,D
2020,Hurricane (Typhoon),OUTDOOR,40-64,M,I
2020,Hurricane (Typhoon),RES,40-64,M,I
2020,Hurricane (Typhoon),RES,65+,M,I
2020,Hurricane (Typhoon),OTHER,unknown,unknown,D
2020,Hurricane (Typhoon),OUTDOOR,18-39,M,I
2020,Hurricane (Typhoon),RES,unknown,unknown,I
2020,Hurricane (Typhoon),OUTDOOR,unknown,M,I
2020,Ice Storm,VEHICLE,18-39,M,I
2020,Ice Storm,VEHICLE,40-64,M,I
2020,Ice Storm,VEHICLE,40-64,M,I
2020,Ice Storm,OTHER,65+,F,I
2020,Lightning,OTHER,40-64,M,D
2020,Lightning,OUTDOOR,18-39,M,D
2020,Lightning,OUTDOOR,0-17,M,D
2020,Lightning,OUTDOOR,0-17,M,D
2020,Lightning,OUTDOOR,18-39,M,D
2020,Lightning,OUTDOOR,0-17,M,D
2020,Lightning,OUTDOOR,0-17,F,D
2020,Lightning,OUTDOOR,40-64,M,D
2020,Lightning,OUTDOOR,65+,M,D
2020,Lightning,OTHER,18-39,M,D
2020,Lightning,OUTDOOR,unknown,unknown,D
2020,Lightning,OUTDOOR,40-64,F,D
2020,Lightning,WATER,40-64,M,D
2020,Lightning,RES,65+,F,I
2020,Lightning,OUTDOOR,18-39,M,D
2020,Lightning,OTHER,40-64,F,D
2020,Lightning,OUTDOOR,65+,F,D
2020,Lightning,RES,65+,M,I
2020,Lightning,OUTDOOR,40-64,M,D
2020,Lightning,OUTDOOR,65+,F,D
2020,Lightning,OUTDOOR,40-64,M,D
2020,Lightning,OUTDOOR,18-39,M,D
2020,Lightning,OUTDOOR,40-64,M,D
2020,Rip Current,WATER,0-17,M,D
2020,Rip Current,WATER,unknown,unknown,I
2020,Rip Current,WATER,65+,M,D
2020,Rip Current,WATER,0-17,M,D
2020,Rip Current,WATER,18-39,M,D
2020,Rip Current,WATER,18-39,M,D
2020,Rip Current,WATER,40-64,M,D
2020,Rip Current,WATER,0-17,M,D
2020,Rip Current,WATER,unknown,M,D
2020,Rip Current,WATER,18-39,M,D
2020,Rip Current,WATER,40-64,M,D
2020,Rip Current,WATER,18-39,M,D
2020,Rip Current,WATER,unknown,M,D
2020,Rip Current,WATER,18-39,M,D
2020,Rip Current,WATER,18-39,M,D
2020,Rip Current,WATER,65+,M,D
2020,Rip Current,WATER,40-64,M,D
2020,Rip Current,WATER,18-39,M,D
2020,Rip Current,WATER,40-64,M,D
2020,Rip Current,WATER,40-64,M,D
2020,Rip Current,WATER,18-39,M,D
2020,Rip Current,WATER,18-39,M,D
2020,Rip Current,WATER,unknown,M,D
2020,Rip Current,WATER,40-64,F,D
2020,Rip Current,WATER,40-64,M,D
2020,Rip Current,WATER,0-17,F,D
2020,Rip Current,WATER,18-39,F,D
2020,Rip Current,WATER,18-39,M,D
2020,Rip Current,WATER,18-39,M,D
2020,Rip Current,WATER,40-64,M,D
2020,Rip Current,WATER,40-64,M,D
2020,Rip Current,WATER,40-64,M,D
2020,Rip Current,WATER,18-39,F,D
2020,Rip Current,WATER,65+,M,D
2020,Rip Current,WATER,18-39,M,D
2020,Rip Current,WATER,18-39,M,D
2020,Rip Current,WATER,0-17,M,D
2020,Rip Current,WATER,40-64,M,D
2020,Rip Current,WATER,18-39,M,D
2020,Rip Current,WATER,0-17,M,D
2020,Rip Current,WATER,0-17,M,D
2020,Rip Current,WATER,18-39,M,D
2020,Rip Current,WATER,18-39,M,D
2020,Rip Current,WATER,0-17,M,D
2020,Rip Current,WATER,65+,M,D
2020,Rip Current,WATER,0-17,M,D
2020,Rip Current,WATER,18-39,M,D
2020,Rip Current,WATER,18-39,M,D
2020,Rip Current,WATER,65+,M,D
2020,Rip Current,WATER,65+,M,D
2020,Rip Current,WATER,0-17,M,D
2020,Rip Current,WATER,18-39,M,D
2020,Rip Current,WATER,18-39,M,D
2020,Rip Current,WATER,40-64,M,D
2020,Rip Current,WATER,18-39,M,D
2020,Rip Current,WATER,0-17,M,D
2020,Rip Current,WATER,18-39,M,D
2020,Storm Surge/Tide,VEHICLE,40-64,F,D
2020,Storm Surge/Tide,RES,unknown,M,I
2020,Storm Surge/Tide,WATER,unknown,unknown,D
2020,Storm Surge/Tide,WATER,unknown,M,D
2020,Storm Surge/Tide,WATER,40-64,M,D
2020,Storm Surge/Tide,WATER,18-39,M,D
2020,Strong Wind,RES,unknown,unknown,D
2020,Strong Wind,OUTDOOR,unknown,M,D
2020,Strong Wind,WATER,40-64,M,I
2020,Strong Wind,OUTDOOR,65+,M,I
2020,Strong Wind,OUTDOOR,40-64,M,D
2020,Strong Wind,VEHICLE,0-17,M,D
2020,Strong Wind,MH,18-39,M,D
2020,Strong Wind,OUTDOOR,65+,F,D
2020,Strong Wind,RES,40-64,F,D
2020,Strong Wind,RES,18-39,M,D
2020,Strong Wind,WATER,18-39,M,D
2020,Strong Wind,VEHICLE,18-39,F,D
2020,Strong Wind,VEHICLE,18-39,M,D
2020,Thunderstorm Wind,PUBLIC,unknown,unknown,D
2020,Thunderstorm Wind,OUTDOOR,40-64,M,I
2020,Thunderstorm Wind,OUTDOOR,40-64,M,D
2020,Thunderstorm Wind,PUBLIC,unknown,unknown,D
2020,Thunderstorm Wind,MH,65+,M,D
2020,Thunderstorm Wind,VEHICLE,65+,F,D
2020,Thunderstorm Wind,MH,40-64,F,D
2020,Thunderstorm Wind,VEHICLE,40-64,F,D
2020,Thunderstorm Wind,RES,40-64,F,D
2020,Thunderstorm Wind,MH,40-64,M,D
2020,Thunderstorm Wind,RES,65+,M,D
2020,Thunderstorm Wind,WATER,40-64,M,D
2020,Thunderstorm Wind,VEHICLE,unknown,M,I
2020,Thunderstorm Wind,VEHICLE,40-64,M,D
2020,Thunderstorm Wind,OUTDOOR,18-39,F,D
2020,Thunderstorm Wind,OUTDOOR,40-64,M,D
2020,Thunderstorm Wind,WATER,unknown,M,D
2020,Thunderstorm Wind,PUBLIC,65+,F,D
2020,Thunderstorm Wind,PUBLIC,40-64,M,D
2020,Thunderstorm Wind,WATER,unknown,unknown,D
2020,Thunderstorm Wind,RES,unknown,M,D
2020,Thunderstorm Wind,VEHICLE,65+,M,D
2020,Thunderstorm Wind,OUTDOOR,40-64,F,D
2020,Thunderstorm Wind,MH,40-64,F,D
2020,Thunderstorm Wind,OUTDOOR,65+,M,D
2020,Thunderstorm Wind,OUTDOOR,18-39,M,D
2020,Thunderstorm Wind,RES,40-64,F,D
2020,Thunderstorm Wind,MH,40-64,F,D
2020,Thunderstorm Wind,OUTDOOR,40-64,M,I
2020,Thunderstorm Wind,VEHICLE,unknown,M,D
2020,Thunderstorm Wind,RES,unknown,M,I
2020,Thunderstorm Wind,PUBLIC,unknown,unknown,D
2020,Thunderstorm Wind,VEHICLE,unknown,M,D
2020,Thunderstorm Wind,VEHICLE,40-64,F,D
2020,Thunderstorm Wind,PUBLIC,18-39,M,D
2020,Thunderstorm Wind,WATER,40-64,M,D
2020,Thunderstorm Wind,OUTDOOR,unknown,M,D
2020,Thunderstorm Wind,WATER,40-64,M,D
2020,Thunderstorm Wind,RES,18-39,M,D
2020,Thunderstorm Wind,OTHER,0-17,M,D
2020,Tornado,RES,0-17,M,D
2020,Tornado,MH,18-39,F,D
2020,Tornado,RES,65+,F,D
2020,Tornado,MH,40-64,F,D
2020,Tornado,MH,40-64,M,D
2020,Tornado,MH,40-64,F,D
2020,Tornado,VEHICLE,40-64,M,D
2020,Tornado,RES,0-17,M,D
2020,Tornado,MH,40-64,M,D
2020,Tornado,MH,65+,M,D
2020,Tornado,MH,40-64,M,D
2020,Tornado,OTHER,unknown,M,I
2020,Tornado,MH,18-39,F,D
2020,Tornado,OTHER,65+,F,D
2020,Tornado,MH,18-39,M,D
2020,Tornado,VEHICLE,65+,M,D
2020,Tornado,PUBLIC,40-64,F,D
2020,Tornado,PUBLIC,40-64,F,D
2020,Tornado,PUBLIC,40-64,M,D
2020,Tornado,PUBLIC,40-64,M,D
2020,Tornado,MH,40-64,M,D
2020,Tornado,MH,40-64,F,D
2020,Tornado,OTHER,unknown,unknown,D
2020,Tornado,MH,40-64,M,D
2020,Tornado,PUBLIC,18-39,M,D
2020,Tornado,PUBLIC,65+,M,D
2020,Tornado,RES,18-39,M,D
2020,Tornado,MH,40-64,M,D
2020,Tornado,MH,40-64,M,D
2020,Tornado,RES,18-39,F,D
2020,Tornado,MH,40-64,F,D
2020,Tornado,MH,65+,M,D
2020,Tornado,RES,0-17,F,D
2020,Tornado,PUBLIC,18-39,F,D
2020,Tornado,PUBLIC,65+,F,D
2020,Tornado,RES,40-64,F,D
2020,Tornado,RES,40-64,M,D
2020,Tornado,RES,0-17,M,D
2020,Tornado,RES,18-39,F,D
2020,Tornado,RES,18-39,M,D
2020,Tornado,MH,65+,F,D
2020,Tornado,MH,65+,M,D
2020,Tornado,MH,40-64,M,D
2020,Tornado,RES,18-39,F,D
2020,Tornado,MH,40-64,M,D
2020,Tornado,MH,0-17,M,D
2020,Tornado,RES,0-17,F,D
2020,Tornado,RES,18-39,F,D
2020,Tornado,PUBLIC,18-39,F,D
2020,Tornado,RES,65+,F,D
2020,Tornado,RES,65+,M,D
2020,Tornado,OUTDOOR,18-39,F,D
2020,Tornado,OUTDOOR,18-39,M,D
2020,Tornado,MH,40-64,F,D
2020,Tornado,MH,18-39,F,D
2020,Tornado,MH,40-64,F,D
2020,Tornado,MH,40-64,M,D
2020,Tornado,OUTDOOR,40-64,M,D
2020,Tornado,MH,65+,M,D
2020,Tornado,MH,40-64,F,D
2020,Tornado,MH,40-64,M,D
2020,Tornado,MH,65+,F,D
2020,Tornado,MH,65+,M,D
2020,Tornado,OTHER,unknown,unknown,D
2020,Tornado,MH,40-64,M,D
2020,Tornado,MH,65+,M,D
2020,Tornado,MH,65+,F,D
2020,Tornado,OTHER,18-39,M,D
2020,Tornado,OTHER,18-39,F,D
2020,Tornado,MH,65+,F,D
2020,Tornado,MH,unknown,M,D
2020,Tornado,OTHER,unknown,M,D
2020,Tornado,RES,65+,M,D
2020,Tornado,MH,40-64,F,D
2020,Tornado,OTHER,unknown,unknown,D
2020,Tornado,MH,18-39,F,D
2020,Tornado,MH,65+,M,D
2020,Tropical Storm,RES,unknown,M,I
2020,Tropical Storm,RES,0-17,F,I
2020,Tropical Storm,RES,18-39,M,I
2020,Tropical Storm,RES,18-39,F,I
2020,Tropical Storm,RES,0-17,M,I
2020,Tropical Storm,OUTDOOR,65+,M,I
2020,Tropical Storm,OUTDOOR,40-64,M,D
2020,Tropical Storm,WATER,unknown,unknown,D
2020,Tropical Storm,PUBLIC,65+,M,D
2020,Tropical Storm,OUTDOOR,40-64,M,D
2020,Tropical Storm,RES,18-39,M,D
2020,Tropical Storm,RES,18-39,F,D
2020,Tropical Storm,MH,18-39,M,D
2020,Tropical Storm,OUTDOOR,40-64,M,D
2020,Tropical Storm,OUTDOOR,40-64,M,D
2020,Tropical Storm,OUTDOOR,40-64,M,D
2020,Tropical Storm,OUTDOOR,40-64,M,D
2020,Tropical Storm,OUTDOOR,40-64,M,D
2020,Tropical Storm,OUTDOOR,unknown,M,D
2020,Tropical Storm,VEHICLE,unknown,unknown,D
2020,Tropical Storm,RES,40-64,F,D
2020,Wildfire,OUTDOOR,40-64,M,I
2020,Wildfire,OUTDOOR,65+,M,D
2020,Wildfire,OUTDOOR,unknown,F,D
2020,Wildfire,OTHER,unknown,unknown,D
2020,Wildfire,OTHER,unknown,unknown,D
2020,Wildfire,OTHER,unknown,unknown,D
2020,Wildfire,OTHER,unknown,unknown,D
2020,Wildfire,OTHER,unknown,unknown,D
2020,Wildfire,OTHER,unknown,unknown,D
2020,Wildfire,OTHER,unknown,unknown,D
2020,Wildfire,OTHER,0-17,M,D
2020,Wildfire,OTHER,unknown,unknown,D
2020,Wildfire,OTHER,65+,F,D
2020,Wildfire,OTHER,65+,unknown,D
2020,Wildfire,OTHER,40-64,unknown,D
2020,Wildfire,OTHER,65+,M,D
2020,Wildfire,OTHER,18-39,M,D
2020,Wildfire,OTHER,18-39,M,I
2020,Wildfire,OTHER,65+,M,D
2020,Wildfire,OTHER,unknown,unknown,D
2020,Wildfire,OTHER,65+,F,D
2020,Wildfire,OTHER,40-64,F,D
2020,Wildfire,PUBLIC,40-64,M,D
2020,Wildfire,OTHER,0-17,F,D
2020,Wildfire,OUTDOOR,18-39,M,D
2020,Wildfire,OUTDOOR,65+,M,I
2020,Wildfire,OTHER,65+,M,D
2020,Wildfire,RES,65+,F,D
2020,Wildfire,RES,unknown,M,D
2020,Wildfire,RES,unknown,M,D
2020,Wildfire,OTHER,40-64,M,D
2020,Wildfire,OTHER,unknown,unknown,D
2020,Wildfire,RES,65+,F,D
2020,Wildfire,RES,65+,M,D
2020,Wildfire,OTHER,unknown,unknown,D
2020,Wildfire,OTHER,unknown,unknown,D
2020,Wildfire,RES,40-64,M,D
2020,Wildfire,VEHICLE,65+,F,D
2020,Wildfire,VEHICLE,0-17,M,D
2020,Wildfire,RES,65+,M,D
2020,Wildfire,OUTDOOR,0-17,M,D
2020,Wildfire,OUTDOOR,40-64,M,D
2020,Wildfire,OUTDOOR,65+,F,D
2020,Wildfire,MH,40-64,M,D
2020,Wildfire,RES,65+,M,D
2020,Wildfire,RES,40-64,M,D
2020,Wildfire,OTHER,unknown,unknown,D
2020,Wildfire,OTHER,unknown,unknown,D
2020,Winter Storm,VEHICLE,65+,M,I
2020,Winter Storm,VEHICLE,65+,M,I
2020,Winter Storm,VEHICLE,18-39,M,I
2020,Winter Storm,VEHICLE,0-17,F,I
2020,Winter Storm,VEHICLE,18-39,F,I
2020,Winter Storm,VEHICLE,unknown,M,I
2020,Winter Storm,OTHER,40-64,M,I
2020,Winter Storm,VEHICLE,unknown,unknown,D
2020,Winter Storm,VEHICLE,18-39,M,I
2020,Winter Storm,VEHICLE,unknown,unknown,I
2020,Winter Storm,VEHICLE,65+,M,I
2020,Winter Storm,VEHICLE,40-64,F,I
2020,Winter Storm,VEHICLE,65+,M,I
2020,Winter Weather,VEHICLE,65+,M,I
2020,Winter Weather,VEHICLE,18-39,M,I
2020,Winter Weather,VEHICLE,unknown,F,I
2020,Winter Weather,VEHICLE,40-64,M,I
2020,Winter Weather,VEHICLE,18-39,F,D
2020,Winter Weather,OUTDOOR,18-39,M,I
2020,Winter Weather,OUTDOOR,18-39,M,I
2020,Winter Weather,VEHICLE,40-64,M,I
2020,Winter Weather,VEHICLE,18-39,F,I
2020,Winter Weather,VEHICLE,18-39,F,I
2020,Winter Weather,VEHICLE,unknown,M,I
2020,Winter Weather,VEHICLE,40-64,M,I
2020,Winter Weather,OUTDOOR,18-39,F,I
2020,Winter Weather,VEHICLE,unknown,M,I
2020,Winter Weather,VEHICLE,40-64,M,I
2020,Winter Weather,VEHICLE,65+,M,I
2020,Winter Weather,VEHICLE,40-64,M,I
2020,Winter Weather,VEHICLE,0-17,M,I
2020,Winter Weather,VEHICLE,40-64,M,I
2020,Winter Weather,VEHICLE,65+,F,I
2020,Winter Weather,VEHICLE,40-64,M,D
2020,Winter Weather,VEHICLE,18-39,M,I
2020,Winter Weather,VEHICLE,18-39,F,I
2020,Winter Weather,VEHICLE,0-17,M,I
2020,Winter Weather,VEHICLE,40-64,M,I
2020,Winter Weather,VEHICLE,18-39,M,I
2020,Winter Weather,VEHICLE,unknown,unknown,I
2020,Winter Weather,VEHICLE,18-39,M,I
2020,Winter Weather,VEHICLE,18-39,F,I
2020,Winter Weather,VEHICLE,65+,M,I
2020,Winter Weather,VEHICLE,18-39,F,I
2020,Winter Weather,VEHICLE,18-39,F,I
2020,Winter Weather,VEHICLE,18-39,M,I
2020,Winter Weather,VEHICLE,40-64,F,I
2020,Winter Weather,VEHICLE,18-39,M,I
2020,Winter Weather,VEHICLE,18-39,M,I
2020,Winter Weather,VEHICLE,18-39,F,D
2020,Winter Weather,VEHICLE,unknown,M,I
2020,Winter Weather,VEHICLE,40-64,M,I
2020,Winter Weather,VEHICLE,40-64,M,I
2020,Winter Weather,VEHICLE,18-39,M,I
2020,Winter Weather,VEHICLE,40-64,M,D
2021,Astronomical Low Tide,OTHER,unknown,unknown,D
2021,Avalanche,OUTDOOR,40-64,M,I
2021,Avalanche,OUTDOOR,18-39,F,D
2021,Avalanche,OUTDOOR,40-64,M,D
2021,Avalanche,OUTDOOR,unknown,unknown,I
2021,Avalanche,OUTDOOR,40-64,M,D
2021,Avalanche,OUTDOOR,40-64,M,D
2021,Avalanche,OUTDOOR,18-39,M,D
2021,Avalanche,OUTDOOR,0-17,M,D
2021,Avalanche,OUTDOOR,0-17,M,D
2021,Avalanche,OUTDOOR,unknown,M,D
2021,Avalanche,OUTDOOR,40-64,M,D
2021,Avalanche,OUTDOOR,18-39,M,D
2021,Avalanche,OTHER,18-39,M,I
2021,Avalanche,OUTDOOR,40-64,M,D
2021,Avalanche,OUTDOOR,18-39,M,D
2021,Avalanche,OUTDOOR,18-39,M,D
2021,Avalanche,OUTDOOR,unknown,M,D
2021,Avalanche,OUTDOOR,40-64,M,D
2021,Avalanche,OUTDOOR,40-64,M,D
2021,Avalanche,OUTDOOR,40-64,M,D
2021,Avalanche,OUTDOOR,18-39,M,D
2021,Avalanche,OUTDOOR,18-39,M,D
2021,Avalanche,OUTDOOR,40-64,M,D
2021,Avalanche,OUTDOOR,18-39,M,D
2021,Avalanche,OUTDOOR,18-39,F,D
2021,Avalanche,OUTDOOR,18-39,M,D
2021,Avalanche,OUTDOOR,unknown,unknown,D
2021,Blizzard,VEHICLE,40-64,M,I
2021,Blizzard,VEHICLE,18-39,M,I
2021,Blizzard,PUBLIC,unknown,unknown,D
2021,Cold/Wind Chill,RES,40-64,M,D
2021,Cold/Wind Chill,OUTDOOR,18-39,M,D
2021,Cold/Wind Chill,RES,40-64,M,D
2021,Cold/Wind Chill,RES,65+,M,D
2021,Cold/Wind Chill,RES,65+,F,D
2021,Cold/Wind Chill,OTHER,40-64,M,D
2021,Cold/Wind Chill,OTHER,65+,F,D
2021,Cold/Wind Chill,OTHER,65+,F,D
2021,Cold/Wind Chill,OTHER,65+,M,D
2021,Cold/Wind Chill,OTHER,65+,F,D
2021,Cold/Wind Chill,OTHER,40-64,M,D
2021,Cold/Wind Chill,OTHER,65+,F,D
2021,Cold/Wind Chill,OTHER,65+,M,I
2021,Cold/Wind Chill,OTHER,40-64,M,D
2021,Cold/Wind Chill,MH,65+,M,D
2021,Cold/Wind Chill,OUTDOOR,40-64,M,D
2021,Cold/Wind Chill,OUTDOOR,40-64,M,D
2021,Cold/Wind Chill,WATER,0-17,M,D
2021,Cold/Wind Chill,WATER,unknown,M,D
2021,Cold/Wind Chill,WATER,unknown,M,D
2021,Cold/Wind Chill,WATER,18-39,M,D
2021,Cold/Wind Chill,WATER,0-17,M,D
2021,Cold/Wind Chill,OUTDOOR,65+,M,I
2021,Cold/Wind Chill,OUTDOOR,18-39,M,D
2021,Cold/Wind Chill,OUTDOOR,40-64,M,D
2021,Cold/Wind Chill,OUTDOOR,65+,F,D
2021,Cold/Wind Chill,OUTDOOR,40-64,M,D
2021,Cold/Wind Chill,OUTDOOR,65+,M,I
2021,Cold/Wind Chill,RES,65+,F,D
2021,Cold/Wind Chill,RES,65+,F,D
2021,Cold/Wind Chill,WATER,0-17,M,I
2021,Cold/Wind Chill,RES,65+,F,D
2021,Cold/Wind Chill,RES,40-64,M,D
2021,Cold/Wind Chill,OUTDOOR,unknown,M,D
2021,Cold/Wind Chill,RES,40-64,F,D
2021,Cold/Wind Chill,RES,40-64,M,D
2021,Cold/Wind Chill,RES,65+,F,D
2021,Cold/Wind Chill,RES,40-64,M,D
2021,Cold/Wind Chill,OUTDOOR,40-64,M,D
2021,Cold/Wind Chill,RES,65+,M,D
2021,Cold/Wind Chill,RES,0-17,F,D
2021,Cold/Wind Chill,RES,40-64,F,D
2021,Cold/Wind Chill,OUTDOOR,unknown,M,I
2021,Cold/Wind Chill,RES,40-64,F,I
2021,Cold/Wind Chill,RES,0-17,F,I
2021,Cold/Wind Chill,RES,65+,F,D
2021,Cold/Wind Chill,WATER,0-17,F,I
2021,Cold/Wind Chill,VEHICLE,65+,F,D
2021,Cold/Wind Chill,RES,40-64,F,D
2021,Cold/Wind Chill,RES,65+,M,D
2021,Cold/Wind Chill,RES,40-64,M,D
2021,Cold/Wind Chill,RES,65+,F,D
2021,Cold/Wind Chill,RES,40-64,M,D
2021,Cold/Wind Chill,RES,65+,M,D
2021,Cold/Wind Chill,RES,65+,M,D
2021,Cold/Wind Chill,RES,65+,F,D
2021,Cold/Wind Chill,RES,0-17,F,I
2021,Cold/Wind Chill,RES,65+,M,D
2021,Cold/Wind Chill,RES,65+,F,D
2021,Cold/Wind Chill,RES,65+,M,D
2021,Cold/Wind Chill,RES,65+,M,D
2021,Cold/Wind Chill,RES,65+,F,D
2021,Cold/Wind Chill,RES,40-64,M,D
2021,Cold/Wind Chill,RES,18-39,M,I
2021,Cold/Wind Chill,RES,65+,M,I
2021,Cold/Wind Chill,VEHICLE,40-64,M,D
2021,Cold/Wind Chill,OTHER,unknown,unknown,D
2021,Cold/Wind Chill,OTHER,unknown,unknown,D
2021,Cold/Wind Chill,OTHER,unknown,unknown,D
2021,Cold/Wind Chill,OTHER,unknown,unknown,D
2021,Cold/Wind Chill,OUTDOOR,unknown,M,D
2021,Cold/Wind Chill,OTHER,40-64,M,D
2021,Cold/Wind Chill,OUTDOOR,unknown,M,D
2021,Cold/Wind Chill,OUTDOOR,65+,M,D
2021,Cold/Wind Chill,OTHER,unknown,unknown,D
2021,Cold/Wind Chill,RES,65+,F,D
2021,Cold/Wind Chill,RES,40-64,M,I
2021,Cold/Wind Chill,RES,40-64,M,D
2021,Cold/Wind Chill,OUTDOOR,40-64,M,D
2021,Cold/Wind Chill,OTHER,18-39,M,D
2021,Cold/Wind Chill,RES,65+,M,D
2021,Cold/Wind Chill,RES,65+,F,D
2021,Cold/Wind Chill,RES,40-64,M,D
2021,Debris Flow,VEHICLE,40-64,F,D
2021,Debris Flow,OUTDOOR,65+,M,D
2021,Dense Fog,VEHICLE,40-64,M,I
2021,Dense Fog,OTHER,unknown,unknown,I
2021,Dense Fog,VEHICLE,unknown,unknown,I
2021,Dense Fog,OTHER,unknown,M,I
2021,Dense Fog,WATER,65+,M,I
2021,Dense Fog,VEHICLE,18-39,M,I
2021,Dense Fog,VEHICLE,18-39,F,I
2021,Dense Fog,VEHICLE,40-64,M,I
2021,Dense Fog,VEHICLE,40-64,F,I
2021,Dense Fog,VEHICLE,40-64,M,I
2021,Dense Fog,OTHER,18-39,M,I
2021,Dense Fog,VEHICLE,0-17,F,I
2021,Dense Fog,VEHICLE,65+,F,I
2021,Dust Storm,VEHICLE,18-39,F,D
2021,Dust Storm,VEHICLE,0-17,F,D
2021,Dust Storm,VEHICLE,0-17,M,D
2021,Dust Storm,VEHICLE,0-17,M,D
2021,Dust Storm,OUTDOOR,18-39,M,I
2021,Dust Storm,VEHICLE,40-64,M,D
2021,Dust Storm,VEHICLE,0-17,M,D
2021,Dust Storm,VEHICLE,0-17,M,D
2021,Dust Storm,VEHICLE,40-64,F,D
2021,Dust Storm,VEHICLE,18-39,M,D
2021,Excessive Heat,OTHER,unknown,unknown,D
2021,Excessive Heat,OTHER,65+,F,D
2021,Excessive Heat,OTHER,unknown,unknown,D
2021,Excessive Heat,OTHER,unknown,unknown,D
2021,Excessive Heat,OTHER,unknown,unknown,D
2021,Excessive Heat,OTHER,unknown,unknown,D
2021,Excessive Heat,VEHICLE,0-17,M,D
2021,Excessive Heat,OTHER,unknown,unknown,D
2021,Excessive Heat,OTHER,unknown,unknown,D
2021,Excessive Heat,OTHER,unknown,unknown,D
2021,Excessive Heat,OTHER,unknown,unknown,D
2021,Excessive Heat,OTHER,unknown,unknown,D
2021,Excessive Heat,OTHER,unknown,unknown,D
2021,Excessive Heat,OTHER,unknown,unknown,D
2021,Excessive Heat,OTHER,unknown,unknown,D
2021,Excessive Heat,OTHER,unknown,unknown,D
2021,Excessive Heat,OTHER,unknown,unknown,D
2021,Excessive Heat,OTHER,unknown,unknown,D
2021,Excessive Heat,OTHER,unknown,unknown,D
2021,Excessive Heat,OTHER,unknown,unknown,D
2021,Excessive Heat,OTHER,unknown,unknown,D
2021,Excessive Heat,OUTDOOR,unknown,unknown,D
2021,Excessive Heat,OUTDOOR,unknown,unknown,D
2021,Excessive Heat,OTHER,65+,F,D
2021,Excessive Heat,OTHER,65+,F,D
2021,Excessive Heat,OTHER,unknown,unknown,D
2021,Excessive Heat,OUTDOOR,40-64,M,D
2021,Excessive Heat,OTHER,unknown,M,D
2021,Excessive Heat,OTHER,unknown,F,D
2021,Excessive Heat,OTHER,65+,M,D
2021,Excessive Heat,OTHER,unknown,M,D
2021,Excessive Heat,OTHER,65+,M,D
2021,Excessive Heat,OTHER,unknown,M,D
2021,Excessive Heat,OTHER,40-64,M,D
2021,Excessive Heat,OTHER,65+,M,D
2021,Excessive Heat,OTHER,65+,F,D
2021,Excessive Heat,OTHER,unknown,M,D
2021,Excessive Heat,OTHER,unknown,F,D
2021,Excessive Heat,OTHER,unknown,M,D
2021,Excessive Heat,OTHER,unknown,M,D
2021,Excessive Heat,OTHER,unknown,F,D
2021,Excessive Heat,OTHER,unknown,M,D
2021,Excessive Heat,OTHER,unknown,M,D
2021,Excessive Heat,OTHER,unknown,M,D
2021,Excessive Heat,OTHER,unknown,M,D
2021,Excessive Heat,OTHER,65+,M,D
2021,Excessive Heat,OTHER,65+,M,D
2021,Excessive Heat,OTHER,unknown,M,D
2021,Excessive Heat,OTHER,18-39,F,D
2021,Excessive Heat,OTHER,65+,F,D
2021,Excessive Heat,OTHER,unknown,unknown,D
2021,Excessive Heat,OTHER,unknown,unknown,D
2021,Excessive Heat,OTHER,unknown,unknown,D
2021,Excessive Heat,OTHER,unknown,F,D
2021,Excessive Heat,OTHER,65+,F,D
2021,Excessive Heat,OTHER,40-64,M,D
2021,Excessive Heat,OTHER,unknown,M,D
2021,Excessive Heat,OTHER,unknown,F,D
2021,Excessive Heat,OTHER,unknown,unknown,D
2021,Excessive Heat,OTHER,unknown,unknown,D
2021,Excessive Heat,OTHER,unknown,unknown,D
2021,Excessive Heat,OTHER,unknown,unknown,D
2021,Excessive Heat,OTHER,unknown,unknown,D
2021,Excessive Heat,OTHER,65+,F,D
2021,Excessive Heat,OTHER,unknown,unknown,D
2021,Excessive Heat,OTHER,unknown,unknown,D
2021,Excessive Heat,OTHER,unknown,unknown,D
2021,Excessive Heat,OTHER,unknown,unknown,D
2021,Excessive Heat,OUTDOOR,40-64,M,D
2021,Excessive Heat,OTHER,65+,M,D
2021,Excessive Heat,OTHER,unknown,unknown,D
2021,Excessive Heat,OTHER,unknown,unknown,D
2021,Excessive Heat,OTHER,unknown,unknown,D
2021,Excessive Heat,OTHER,65+,F,D
2021,Excessive Heat,WATER,40-64,M,I
2021,Excessive Heat,OUTDOOR,18-39,M,D
2021,Excessive Heat,OTHER,40-64,M,D
2021,Excessive Heat,OTHER,65+,M,D
2021,Excessive Heat,OTHER,unknown,M,D
2021,Excessive Heat,OTHER,unknown,unknown,D
2021,Excessive Heat,OTHER,unknown,unknown,D
2021,Excessive Heat,OTHER,40-64,M,D
2021,Excessive Heat,WATER,40-64,M,I
2021,Excessive Heat,OTHER,unknown,F,D
2021,Excessive Heat,OTHER,unknown,F,D
2021,Excessive Heat,WATER,0-17,F,I
2021,Excessive Heat,WATER,40-64,F,I
2021,Excessive Heat,OTHER,40-64,M,D
2021,Excessive Heat,OTHER,40-64,F,D
2021,Excessive Heat,OTHER,unknown,M,D
2021,Excessive Heat,OTHER,65+,M,D
2021,Excessive Heat,OTHER,65+,M,D
2021,Excessive Heat,OTHER,65+,F,D
2021,Excessive Heat,OTHER,unknown,M,D
2021,Excessive Heat,WATER,18-39,M,I
2021,Excessive Heat,WATER,18-39,F,I
2021,Excessive Heat,WATER,40-64,M,I
2021,Excessive Heat,OTHER,unknown,unknown,D
2021,Excessive Heat,OTHER,unknown,unknown,D
2021,Excessive Heat,OTHER,unknown,unknown,D
2021,Excessive Heat,OTHER,unknown,unknown,D
2021,Excessive Heat,WATER,18-39,M,I
2021,Excessive Heat,OTHER,65+,M,D
2021,Excessive Heat,OTHER,65+,M,D
2021,Excessive Heat,OTHER,unknown,F,D
2021,Excessive Heat,OTHER,65+,M,D
2021,Excessive Heat,OTHER,unknown,unknown,D
2021,Excessive Heat,OTHER,unknown,F,D
2021,Excessive Heat,OTHER,40-64,F,D
2021,Excessive Heat,OTHER,unknown,M,D
2021,Excessive Heat,OTHER,unknown,M,D
2021,Excessive Heat,OTHER,65+,F,D
2021,Excessive Heat,OTHER,unknown,unknown,D
2021,Excessive Heat,OTHER,65+,F,D
2021,Excessive Heat,OTHER,unknown,M,D
2021,Excessive Heat,OTHER,unknown,unknown,D
2021,Excessive Heat,OTHER,unknown,unknown,D
2021,Excessive Heat,OTHER,unknown,unknown,D
2021,Excessive Heat,OTHER,unknown,unknown,D
2021,Excessive Heat,OTHER,unknown,unknown,D
2021,Excessive Heat,OTHER,unknown,unknown,D
2021,Excessive Heat,OTHER,unknown,unknown,D
2021,Excessive Heat,OTHER,unknown,unknown,D
2021,Excessive Heat,OTHER,unknown,unknown,I
2021,Excessive Heat,OTHER,unknown,unknown,D
2021,Excessive Heat,OTHER,unknown,unknown,D
2021,Excessive Heat,OTHER,unknown,unknown,D
2021,Excessive Heat,OTHER,unknown,unknown,I
2021,Excessive Heat,OTHER,unknown,unknown,D
2021,Excessive Heat,OTHER,unknown,unknown,D
2021,Excessive Heat,OTHER,unknown,unknown,D
2021,Excessive Heat,OTHER,unknown,unknown,D
2021,Excessive Heat,OTHER,unknown,unknown,D
2021,Excessive Heat,OTHER,unknown,unknown,D
2021,Excessive Heat,OTHER,65+,F,D
2021,Excessive Heat,OTHER,40-64,F,D
2021,Excessive Heat,OTHER,unknown,unknown,D
2021,Excessive Heat,OTHER,65+,M,D
2021,Excessive Heat,OTHER,65+,F,D
2021,Excessive Heat,OTHER,unknown,M,D
2021,Excessive Heat,OTHER,unknown,F,D
2021,Excessive Heat,OTHER,65+,F,D
2021,Excessive Heat,OTHER,65+,F,D
2021,Excessive Heat,OTHER,unknown,M,D
2021,Excessive Heat,OTHER,unknown,M,D
2021,Excessive Heat,OTHER,unknown,F,D
2021,Excessive Heat,OTHER,unknown,M,D
2021,Excessive Heat,OTHER,65+,M,D
2021,Excessive Heat,OTHER,unknown,unknown,D
2021,Excessive Heat,OTHER,unknown,unknown,D
2021,Excessive Heat,OTHER,unknown,unknown,D
2021,Excessive Heat,OTHER,unknown,unknown,D
2021,Excessive Heat,OTHER,unknown,unknown,D
2021,Excessive Heat,OTHER,40-64,F,D
2021,Excessive Heat,OTHER,65+,M,D
2021,Excessive Heat,OTHER,unknown,unknown,D
2021,Excessive Heat,OTHER,unknown,unknown,D
2021,Excessive Heat,OTHER,40-64,M,D
2021,Excessive Heat,OTHER,65+,M,D
2021,Excessive Heat,OTHER,65+,F,D
2021,Excessive Heat,OTHER,65+,M,D
2021,Excessive Heat,OTHER,unknown,M,D
2021,Excessive Heat,OTHER,unknown,M,D
2021,Excessive Heat,OTHER,unknown,M,D
2021,Excessive Heat,OUTDOOR,18-39,M,D
2021,Excessive Heat,OUTDOOR,18-39,F,D
2021,Excessive Heat,OUTDOOR,40-64,M,D
2021,Excessive Heat,OUTDOOR,18-39,M,D
2021,Excessive Heat,OUTDOOR,18-39,F,D
2021,Excessive Heat,OUTDOOR,18-39,M,D
2021,Excessive Heat,OUTDOOR,18-39,M,D
2021,Excessive Heat,OUTDOOR,18-39,M,D
2021,Excessive Heat,OUTDOOR,40-64,M,D
2021,Excessive Heat,OUTDOOR,18-39,M,D
2021,Excessive Heat,OUTDOOR,18-39,M,D
2021,Excessive Heat,OUTDOOR,40-64,M,D
2021,Excessive Heat,OUTDOOR,18-39,F,D
2021,Excessive Heat,OUTDOOR,18-39,M,D
2021,Excessive Heat,OUTDOOR,18-39,M,D
2021,Excessive Heat,OTHER,65+,F,D
2021,Excessive Heat,OTHER,65+,F,D
2021,Excessive Heat,OTHER,unknown,M,D
2021,Excessive Heat,OTHER,unknown,M,D
2021,Excessive Heat,OTHER,unknown,M,D
2021,Excessive Heat,OTHER,unknown,M,D
2021,Excessive Heat,OTHER,65+,M,D
2021,Excessive Heat,OTHER,40-64,F,D
2021,Excessive Heat,OTHER,unknown,F,D
2021,Excessive Heat,OTHER,unknown,M,D
2021,Excessive Heat,OTHER,65+,F,D
2021,Excessive Heat,OUTDOOR,40-64,F,D
2021,Excessive Heat,OTHER,unknown,unknown,D
2021,Excessive Heat,OTHER,unknown,unknown,D
2021,Excessive Heat,OTHER,unknown,unknown,D
2021,Excessive Heat,OTHER,unknown,unknown,D
2021,Excessive Heat,OTHER,65+,F,D
2021,Excessive Heat,OTHER,unknown,F,D
2021,Excessive Heat,OTHER,unknown,M,D
2021,Excessive Heat,OTHER,65+,M,D
2021,Excessive Heat,OTHER,unknown,unknown,D
2021,Excessive Heat,OUTDOOR,40-64,F,D
2021,Excessive Heat,PUBLIC,65+,M,D
2021,Excessive Heat,RES,65+,M,I
2021,Excessive Heat,OUTDOOR,40-64,M,I
2021,Excessive Heat,OUTDOOR,40-64,M,D
2021,Excessive Heat,OUTDOOR,40-64,M,D
2021,Excessive Heat,OUTDOOR,65+,M,D
2021,Excessive Heat,OTHER,40-64,M,D
2021,Excessive Heat,OTHER,65+,F,D
2021,Excessive Heat,OUTDOOR,18-39,M,D
2021,Excessive Heat,OUTDOOR,18-39,F,D
2021,Excessive Heat,OUTDOOR,18-39,F,D
2021,Excessive Heat,OUTDOOR,unknown,F,D
2021,Excessive Heat,OUTDOOR,65+,M,D
2021,Excessive Heat,OUTDOOR,40-64,M,D
2021,Excessive Heat,OTHER,unknown,unknown,D
2021,Excessive Heat,OTHER,unknown,unknown,D
2021,Excessive Heat,OTHER,unknown,unknown,D
2021,Excessive Heat,OTHER,unknown,unknown,D
2021,Excessive Heat,OTHER,unknown,unknown,D
2021,Excessive Heat,OTHER,unknown,unknown,D
2021,Excessive Heat,OTHER,unknown,unknown,D
2021,Excessive Heat,OTHER,unknown,unknown,D
2021,Excessive Heat,OTHER,unknown,unknown,D
2021,Excessive Heat,OTHER,unknown,unknown,D
2021,Excessive Heat,OTHER,unknown,unknown,D
2021,Excessive Heat,OTHER,unknown,unknown,D
2021,Excessive Heat,OTHER,unknown,unknown,D
2021,Excessive Heat,OTHER,unknown,unknown,D
2021,Excessive Heat,OTHER,unknown,unknown,D
2021,Excessive Heat,OTHER,unknown,unknown,D
2021,Excessive Heat,OTHER,unknown,unknown,D
2021,Excessive Heat,OTHER,unknown,unknown,I
2021,Excessive Heat,OTHER,unknown,unknown,I
2021,Excessive Heat,OTHER,unknown,unknown,D
2021,Excessive Heat,OTHER,unknown,unknown,I
2021,Excessive Heat,OTHER,unknown,unknown,D
2021,Excessive Heat,OTHER,unknown,unknown,D
2021,Excessive Heat,OTHER,unknown,unknown,I
2021,Excessive Heat,OTHER,unknown,unknown,D
2021,Excessive Heat,OTHER,unknown,unknown,D
2021,Excessive Heat,OTHER,unknown,unknown,D
2021,Excessive Heat,OTHER,unknown,unknown,D
2021,Excessive Heat,OTHER,unknown,unknown,D
2021,Excessive Heat,OTHER,unknown,unknown,D
2021,Excessive Heat,OTHER,unknown,unknown,D
2021,Excessive Heat,OTHER,unknown,unknown,D
2021,Excessive Heat,OTHER,unknown,unknown,D
2021,Excessive Heat,OTHER,unknown,unknown,D
2021,Excessive Heat,OTHER,unknown,unknown,D
2021,Excessive Heat,OTHER,unknown,unknown,D
2021,Excessive Heat,OTHER,unknown,unknown,D
2021,Excessive Heat,OTHER,unknown,unknown,D
2021,Excessive Heat,OTHER,unknown,unknown,D
2021,Excessive Heat,OTHER,unknown,unknown,D
2021,Excessive Heat,OTHER,unknown,unknown,D
2021,Excessive Heat,OTHER,unknown,unknown,D
2021,Excessive Heat,OTHER,unknown,unknown,D
2021,Excessive Heat,OTHER,unknown,unknown,D
2021,Excessive Heat,OTHER,unknown,unknown,D
2021,Excessive Heat,OTHER,unknown,unknown,D
2021,Excessive Heat,OTHER,unknown,unknown,D
2021,Excessive Heat,OTHER,unknown,unknown,D
2021,Excessive Heat,OTHER,unknown,unknown,D
2021,Excessive Heat,OTHER,unknown,unknown,D
2021,Excessive Heat,OTHER,unknown,unknown,I
2021,Excessive Heat,OTHER,unknown,unknown,I
2021,Excessive Heat,OTHER,unknown,unknown,I
2021,Excessive Heat,OTHER,unknown,unknown,I
2021,Excessive Heat,OTHER,unknown,unknown,I
2021,Excessive Heat,OTHER,unknown,unknown,D
2021,Excessive Heat,OTHER,unknown,unknown,D
2021,Excessive Heat,OTHER,unknown,unknown,D
2021,Excessive Heat,OTHER,unknown,unknown,I
2021,Excessive Heat,OTHER,unknown,unknown,D
2021,Excessive Heat,OTHER,unknown,unknown,D
2021,Excessive Heat,OTHER,unknown,unknown,D
2021,Excessive Heat,OTHER,unknown,unknown,I
2021,Excessive Heat,OTHER,unknown,unknown,D
2021,Excessive Heat,OTHER,unknown,unknown,D
2021,Excessive Heat,OTHER,unknown,unknown,I
2021,Excessive Heat,OTHER,unknown,unknown,I
2021,Excessive Heat,OTHER,unknown,unknown,I
2021,Excessive Heat,OTHER,unknown,unknown,I
2021,Excessive Heat,OTHER,unknown,unknown,I
2021,Excessive Heat,OTHER,unknown,unknown,I
2021,Excessive Heat,OTHER,unknown,unknown,D
2021,Excessive Heat,OTHER,unknown,unknown,I
2021,Excessive Heat,OTHER,unknown,unknown,D
2021,Excessive Heat,OTHER,unknown,unknown,D
2021,Excessive Heat,OTHER,unknown,unknown,D
2021,Excessive Heat,OTHER,unknown,unknown,D
2021,Excessive Heat,OTHER,unknown,unknown,D
2021,Excessive Heat,OTHER,unknown,unknown,D
2021,Extreme Cold/Wind Chill,OTHER,unknown,unknown,I
2021,Extreme Cold/Wind Chill,OTHER,unknown,unknown,I
2021,Extreme Cold/Wind Chill,OTHER,unknown,unknown,I
2021,Extreme Cold/Wind Chill,OTHER,unknown,unknown,I
2021,Extreme Cold/Wind Chill,OTHER,unknown,unknown,D
2021,Extreme Cold/Wind Chill,OTHER,unknown,unknown,I
2021,Extreme Cold/Wind Chill,OTHER,unknown,unknown,I
2021,Extreme Cold/Wind Chill,OTHER,unknown,unknown,I
2021,Extreme Cold/Wind Chill,OTHER,unknown,unknown,I
2021,Extreme Cold/Wind Chill,OTHER,unknown,unknown,D
2021,Extreme Cold/Wind Chill,OTHER,unknown,unknown,I
2021,Extreme Cold/Wind Chill,OTHER,unknown,unknown,I
2021,Extreme Cold/Wind Chill,OTHER,unknown,unknown,I
2021,Extreme Cold/Wind Chill,OTHER,65+,M,I
2021,Extreme Cold/Wind Chill,OTHER,unknown,unknown,I
2021,Extreme Cold/Wind Chill,RES,unknown,unknown,I
2021,Extreme Cold/Wind Chill,OTHER,unknown,unknown,I
2021,Extreme Cold/Wind Chill,RES,18-39,M,I
2021,Extreme Cold/Wind Chill,OUTDOOR,65+,F,D
2021,Extreme Cold/Wind Chill,OTHER,unknown,unknown,D
2021,Extreme Cold/Wind Chill,OTHER,unknown,unknown,D
2021,Extreme Cold/Wind Chill,OTHER,unknown,unknown,D
2021,Extreme Cold/Wind Chill,OTHER,unknown,unknown,D
2021,Extreme Cold/Wind Chill,OTHER,unknown,unknown,I
2021,Extreme Cold/Wind Chill,OTHER,unknown,unknown,D
2021,Extreme Cold/Wind Chill,RES,65+,M,I
2021,Extreme Cold/Wind Chill,RES,unknown,unknown,I
2021,Extreme Cold/Wind Chill,OUTDOOR,65+,M,D
2021,Extreme Cold/Wind Chill,RES,unknown,unknown,I
2021,Extreme Cold/Wind Chill,OUTDOOR,40-64,M,D
2021,Extreme Cold/Wind Chill,OTHER,unknown,unknown,D
2021,Extreme Cold/Wind Chill,RES,18-39,M,I
2021,Extreme Cold/Wind Chill,OTHER,unknown,unknown,D
2021,Extreme Cold/Wind Chill,RES,0-17,M,I
2021,Extreme Cold/Wind Chill,RES,40-64,M,D
2021,Extreme Cold/Wind Chill,RES,65+,F,D
2021,Extreme Cold/Wind Chill,OTHER,65+,M,D
2021,Extreme Cold/Wind Chill,OTHER,40-64,M,D
2021,Extreme Cold/Wind Chill,OTHER,40-64,M,D
2021,Extreme Cold/Wind Chill,OTHER,unknown,unknown,I
2021,Extreme Cold/Wind Chill,OTHER,unknown,unknown,D
2021,Extreme Cold/Wind Chill,OTHER,unknown,unknown,I
2021,Extreme Cold/Wind Chill,MH,65+,F,D
2021,Extreme Cold/Wind Chill,OTHER,unknown,unknown,D
2021,Extreme Cold/Wind Chill,RES,40-64,M,I
2021,Extreme Cold/Wind Chill,RES,65+,M,D
2021,Extreme Cold/Wind Chill,OTHER,unknown,unknown,I
2021,Extreme Cold/Wind Chill,OTHER,65+,M,D
2021,Extreme Cold/Wind Chill,OTHER,40-64,M,D
2021,Extreme Cold/Wind Chill,OTHER,65+,M,D
2021,Extreme Cold/Wind Chill,OTHER,40-64,M,D
2021,Extreme Cold/Wind Chill,OTHER,65+,M,D
2021,Extreme Cold/Wind Chill,OTHER,unknown,unknown,D
2021,Extreme Cold/Wind Chill,OTHER,unknown,unknown,D
2021,Extreme Cold/Wind Chill,OTHER,unknown,unknown,I
2021,Extreme Cold/Wind Chill,OTHER,unknown,unknown,D
2021,Extreme Cold/Wind Chill,OTHER,unknown,unknown,D
2021,Extreme Cold/Wind Chill,OTHER,unknown,unknown,D
2021,Extreme Cold/Wind Chill,OTHER,unknown,unknown,D
2021,Extreme Cold/Wind Chill,OTHER,unknown,unknown,D
2021,Flash Flood,VEHICLE,18-39,F,D
2021,Flash Flood,OTHER,40-64,F,D
2021,Flash Flood,WATER,18-39,M,D
2021,Flash Flood,OTHER,unknown,F,D
2021,Flash Flood,WATER,0-17,M,D
2021,Flash Flood,VEHICLE,0-17,F,D
2021,Flash Flood,WATER,40-64,M,D
2021,Flash Flood,VEHICLE,40-64,M,D
2021,Flash Flood,VEHICLE,18-39,M,D
2021,Flash Flood,WATER,unknown,F,D
2021,Flash Flood,WATER,40-64,M,D
2021,Flash Flood,OTHER,18-39,M,D
2021,Flash Flood,RES,65+,F,D
2021,Flash Flood,VEHICLE,40-64,M,D
2021,Flash Flood,VEHICLE,65+,M,D
2021,Flash Flood,WATER,40-64,F,D
2021,Flash Flood,OUTDOOR,18-39,M,D
2021,Flash Flood,OUTDOOR,65+,M,D
2021,Flash Flood,RES,40-64,F,D
2021,Flash Flood,RES,40-64,F,D
2021,Flash Flood,RES,40-64,F,D
2021,Flash Flood,RES,0-17,F,D
2021,Flash Flood,RES,65+,F,D
2021,Flash Flood,RES,0-17,M,D
2021,Flash Flood,OUTDOOR,0-17,F,D
2021,Flash Flood,VEHICLE,18-39,M,D
2021,Flash Flood,RES,40-64,F,D
2021,Flash Flood,OUTDOOR,0-17,M,D
2021,Flash Flood,VEHICLE,40-64,M,D
2021,Flash Flood,VEHICLE,40-64,F,D
2021,Flash Flood,PUBLIC,18-39,F,D
2021,Flash Flood,VEHICLE,0-17,F,D
2021,Flash Flood,VEHICLE,40-64,F,D
2021,Flash Flood,OTHER,65+,M,D
2021,Flash Flood,VEHICLE,40-64,M,D
2021,Flash Flood,VEHICLE,65+,M,D
2021,Flash Flood,OTHER,65+,M,D
2021,Flash Flood,OTHER,40-64,F,D
2021,Flash Flood,VEHICLE,40-64,M,D
2021,Flash Flood,OTHER,40-64,F,D
2021,Flash Flood,VEHICLE,18-39,F,D
2021,Flash Flood,OUTDOOR,40-64,M,D
2021,Flash Flood,VEHICLE,40-64,M,D
2021,Flash Flood,VEHICLE,40-64,M,D
2021,Flash Flood,VEHICLE,18-39,F,D
2021,Flash Flood,OUTDOOR,65+,M,D
2021,Flash Flood,OUTDOOR,65+,M,D
2021,Flash Flood,VEHICLE,65+,M,D
2021,Flash Flood,RES,40-64,F,D
2021,Flash Flood,RES,40-64,F,D
2021,Flash Flood,VEHICLE,0-17,F,D
2021,Flash Flood,RES,65+,M,D
2021,Flash Flood,OTHER,unknown,M,D
2021,Flash Flood,MH,65+,F,D
2021,Flash Flood,RES,18-39,M,D
2021,Flash Flood,VEHICLE,65+,M,D
2021,Flash Flood,VEHICLE,unknown,M,D
2021,Flash Flood,VEHICLE,18-39,F,D
2021,Flash Flood,VEHICLE,0-17,F,D
2021,Flash Flood,VEHICLE,65+,M,D
2021,Flash Flood,VEHICLE,65+,F,D
2021,Flash Flood,OUTDOOR,unknown,M,D
2021,Flash Flood,WATER,unknown,M,I
2021,Flash Flood,VEHICLE,unknown,unknown,I
2021,Flash Flood,WATER,40-64,M,D
2021,Flash Flood,RES,65+,M,D
2021,Flash Flood,RES,40-64,F,D
2021,Flash Flood,VEHICLE,18-39,M,D
2021,Flash Flood,VEHICLE,18-39,F,D
2021,Flash Flood,OTHER,unknown,unknown,I
2021,Flash Flood,VEHICLE,unknown,unknown,D
2021,Flash Flood,WATER,40-64,F,D
2021,Flash Flood,VEHICLE,65+,F,D
2021,Flash Flood,VEHICLE,18-39,M,D
2021,Flash Flood,VEHICLE,18-39,F,D
2021,Flash Flood,VEHICLE,65+,F,D
2021,Flash Flood,OTHER,40-64,F,D
2021,Flash Flood,RES,40-64,M,D
2021,Flash Flood,OTHER,0-17,F,D
2021,Flash Flood,OTHER,0-17,F,D
2021,Flash Flood,OTHER,0-17,M,D
2021,Flash Flood,OUTDOOR,40-64,F,D
2021,Flash Flood,OUTDOOR,unknown,M,D
2021,Flash Flood,VEHICLE,65+,M,D
2021,Flash Flood,OUTDOOR,65+,M,D
2021,Flash Flood,OTHER,18-39,M,D
2021,Flash Flood,OUTDOOR,40-64,F,D
2021,Flash Flood,OTHER,40-64,M,D
2021,Flash Flood,VEHICLE,unknown,unknown,D
2021,Flash Flood,VEHICLE,40-64,M,D
2021,Flash Flood,VEHICLE,18-39,M,D
2021,Flash Flood,OTHER,18-39,M,D
2021,Flash Flood,RES,40-64,F,D
2021,Flash Flood,VEHICLE,unknown,M,D
2021,Flash Flood,VEHICLE,18-39,F,D
2021,Flash Flood,VEHICLE,unknown,M,D
2021,Flash Flood,RES,0-17,M,D
2021,Flash Flood,OUTDOOR,40-64,F,I
2021,Flash Flood,OUTDOOR,18-39,F,D
2021,Flash Flood,OTHER,18-39,M,D
2021,Flash Flood,VEHICLE,unknown,M,D
2021,Flash Flood,VEHICLE,40-64,F,D
2021,Flash Flood,MH,18-39,M,D
2021,Flash Flood,MH,0-17,M,D
2021,Flash Flood,OUTDOOR,40-64,M,D
2021,Flash Flood,RES,18-39,M,D
2021,Flash Flood,WATER,40-64,F,D
2021,Flash Flood,OUTDOOR,18-39,M,D
2021,Flash Flood,OTHER,40-64,M,D
2021,Flash Flood,OTHER,40-64,M,D
2021,Flash Flood,OTHER,unknown,unknown,D
2021,Flash Flood,VEHICLE,40-64,F,D
2021,Flash Flood,VEHICLE,40-64,F,D
2021,Flash Flood,VEHICLE,65+,M,D
2021,Flash Flood,VEHICLE,unknown,unknown,D
2021,Flash Flood,RES,40-64,M,D
2021,Flash Flood,OUTDOOR,40-64,M,D
2021,Flash Flood,VEHICLE,18-39,M,D
2021,Flash Flood,VEHICLE,65+,F,D
2021,Flash Flood,VEHICLE,65+,M,D
2021,Flash Flood,OTHER,65+,M,D
2021,Flash Flood,OTHER,65+,M,D
2021,Flash Flood,OTHER,40-64,M,D
2021,Flash Flood,RES,40-64,F,D
2021,Flash Flood,OUTDOOR,18-39,F,D
2021,Flash Flood,VEHICLE,65+,M,D
2021,Flash Flood,RES,65+,F,D
2021,Flash Flood,RES,18-39,M,D
2021,Flash Flood,RES,18-39,F,D
2021,Flash Flood,RES,65+,M,D
2021,Flash Flood,VEHICLE,65+,M,D
2021,Flash Flood,VEHICLE,40-64,M,D
2021,Flash Flood,WATER,18-39,F,D
2021,Flash Flood,VEHICLE,65+,M,D
2021,Flash Flood,VEHICLE,18-39,M,D
2021,Flash Flood,RES,unknown,M,D
2021,Flash Flood,RES,unknown,F,D
2021,Flash Flood,RES,unknown,F,D
2021,Flash Flood,RES,65+,M,D
2021,Flash Flood,RES,65+,F,D
2021,Flood,VEHICLE,40-64,M,D
2021,Flood,WATER,40-64,F,D
2021,Flood,VEHICLE,65+,M,D
2021,Flood,VEHICLE,65+,M,D
2021,Flood,WATER,18-39,M,D
2021,Flood,VEHICLE,40-64,F,D
2021,Flood,WATER,0-17,F,D
2021,Flood,VEHICLE,40-64,M,D
2021,Flood,VEHICLE,18-39,F,D
2021,Flood,VEHICLE,40-64,F,D
2021,Flood,VEHICLE,65+,M,D
2021,Flood,WATER,40-64,F,D
2021,Frost/Freeze,OTHER,unknown,unknown,D
2021,Frost/Freeze,VEHICLE,0-17,M,D
2021,Hail,VEHICLE,65+,M,I
2021,Heat,OTHER,unknown,unknown,D
2021,Heat,OUTDOOR,18-39,M,D
2021,Heat,OTHER,unknown,unknown,I
2021,Heat,RES,65+,F,D
2021,Heat,OUTDOOR,65+,F,D
2021,Heat,OTHER,unknown,unknown,D
2021,Heat,OTHER,unknown,unknown,I
2021,Heat,OUTDOOR,65+,M,D
2021,Heat,OTHER,unknown,unknown,I
2021,Heat,OTHER,unknown,unknown,I
2021,Heat,OTHER,unknown,unknown,I
2021,Heat,OTHER,unknown,unknown,I
2021,Heat,OTHER,unknown,unknown,I
2021,Heat,OTHER,unknown,unknown,I
2021,Heat,OUTDOOR,65+,M,D
2021,Heat,OUTDOOR,40-64,M,D
2021,Heat,OUTDOOR,18-39,M,D
2021,Heat,OUTDOOR,18-39,F,D
2021,Heat,OTHER,unknown,unknown,I
2021,Heat,OTHER,unknown,unknown,I
2021,Heat,OUTDOOR,18-39,M,D
2021,Heat,OUTDOOR,40-64,M,D
2021,Heat,OUTDOOR,40-64,M,D
2021,Heat,OUTDOOR,40-64,M,D
2021,Heat,OUTDOOR,18-39,M,D
2021,Heat,OUTDOOR,18-39,M,D
2021,Heat,OTHER,unknown,unknown,I
2021,Heat,OTHER,unknown,unknown,I
2021,Heat,OTHER,unknown,unknown,I
2021,Heat,OTHER,unknown,unknown,I
2021,Heat,OTHER,unknown,unknown,D
2021,Heat,OUTDOOR,18-39,M,D
2021,Heat,OTHER,unknown,unknown,I
2021,Heat,OTHER,unknown,unknown,I
2021,Heat,OUTDOOR,18-39,M,D
2021,Heat,OUTDOOR,18-39,F,D
2021,Heat,OUTDOOR,18-39,M,D
2021,Heat,OTHER,unknown,unknown,I
2021,Heat,OTHER,unknown,unknown,D
2021,Heat,OUTDOOR,18-39,F,D
2021,Heat,OUTDOOR,18-39,M,D
2021,Heat,OTHER,unknown,unknown,I
2021,Heat,OTHER,unknown,unknown,I
2021,Heat,OUTDOOR,0-17,M,D
2021,Heat,OTHER,unknown,unknown,I
2021,Heat,OTHER,unknown,unknown,I
2021,Heat,OTHER,unknown,unknown,I
2021,Heat,OTHER,unknown,unknown,I
2021,Heat,OTHER,unknown,unknown,I
2021,Heat,OTHER,unknown,unknown,I
2021,Heat,OTHER,unknown,unknown,I
2021,Heat,OTHER,unknown,unknown,I
2021,Heat,OTHER,unknown,unknown,I
2021,Heat,OTHER,unknown,unknown,D
2021,Heat,OTHER,unknown,unknown,D
2021,Heat,OTHER,unknown,unknown,D
2021,Heat,OTHER,unknown,unknown,I
2021,Heat,OTHER,unknown,unknown,D
2021,Heat,OTHER,unknown,unknown,D
2021,Heat,OTHER,unknown,unknown,I
2021,Heat,OTHER,unknown,unknown,D
2021,Heat,OTHER,unknown,unknown,I
2021,Heat,OTHER,unknown,unknown,I
2021,Heat,OTHER,unknown,unknown,D
2021,Heat,OTHER,unknown,unknown,I
2021,Heat,OTHER,unknown,unknown,I
2021,Heat,OTHER,unknown,unknown,I
2021,Heat,OTHER,unknown,unknown,I
2021,Heat,OTHER,unknown,unknown,D
2021,Heat,OTHER,unknown,unknown,I
2021,Heat,OTHER,unknown,unknown,D
2021,Heat,OTHER,unknown,unknown,I
2021,Heat,OTHER,unknown,unknown,I
2021,Heat,OTHER,unknown,unknown,D
2021,Heat,OTHER,unknown,unknown,D
2021,Heat,OTHER,unknown,unknown,D
2021,Heat,OTHER,unknown,unknown,D
2021,Heat,OTHER,unknown,unknown,D
2021,Heat,OTHER,unknown,unknown,D
2021,Heat,OTHER,unknown,unknown,D
2021,Heat,OTHER,unknown,unknown,D
2021,Heat,OTHER,unknown,unknown,I
2021,Heat,OTHER,unknown,unknown,D
2021,Heat,OTHER,unknown,unknown,I
2021,Heat,OTHER,unknown,unknown,I
2021,Heat,OTHER,unknown,unknown,I
2021,Heat,OTHER,unknown,unknown,I
2021,Heat,OTHER,unknown,unknown,D
2021,Heat,OTHER,unknown,unknown,I
2021,Heat,OTHER,unknown,unknown,I
2021,Heat,OTHER,unknown,unknown,I
2021,Heat,OTHER,unknown,unknown,D
2021,Heat,OUTDOOR,18-39,M,I
2021,Heat,OTHER,unknown,unknown,I
2021,Heat,OTHER,unknown,unknown,I
2021,Heat,OTHER,unknown,unknown,I
2021,Heat,OUTDOOR,18-39,F,D
2021,Heat,OUTDOOR,40-64,M,D
2021,Heat,OUTDOOR,40-64,M,D
2021,Heat,OTHER,unknown,unknown,I
2021,Heat,OTHER,unknown,unknown,D
2021,Heat,OTHER,unknown,unknown,I
2021,Heat,OTHER,unknown,unknown,D
2021,Heat,OTHER,unknown,unknown,D
2021,Heat,OTHER,unknown,unknown,D
2021,Heat,OTHER,unknown,unknown,D
2021,Heat,OTHER,unknown,unknown,D
2021,Heat,OTHER,unknown,unknown,I
2021,Heat,OTHER,unknown,unknown,I
2021,Heat,OTHER,unknown,unknown,I
2021,Heat,OTHER,unknown,unknown,D
2021,Heat,OTHER,unknown,unknown,I
2021,Heat,OTHER,unknown,unknown,I
2021,Heat,OTHER,unknown,unknown,D
2021,Heat,OTHER,unknown,unknown,I
2021,Heat,OTHER,unknown,unknown,D
2021,Heat,OTHER,unknown,unknown,D
2021,Heat,OTHER,unknown,unknown,D
2021,Heat,OTHER,unknown,unknown,D
2021,Heat,OTHER,unknown,unknown,D
2021,Heat,OTHER,unknown,unknown,D
2021,Heat,OTHER,unknown,unknown,D
2021,Heat,OTHER,unknown,unknown,D
2021,Heat,OTHER,unknown,unknown,D
2021,Heat,OTHER,unknown,unknown,I
2021,Heat,OTHER,unknown,unknown,I
2021,Heat,OTHER,unknown,unknown,I
2021,Heat,OTHER,unknown,unknown,I
2021,Heat,OTHER,unknown,unknown,D
2021,Heat,OTHER,unknown,unknown,I
2021,Heat,OTHER,unknown,unknown,I
2021,Heat,OTHER,unknown,unknown,I
2021,Heat,OTHER,unknown,unknown,D
2021,Heat,OTHER,unknown,unknown,D
2021,Heat,OTHER,unknown,unknown,I
2021,Heat,OTHER,unknown,unknown,D
2021,Heat,OTHER,unknown,unknown,D
2021,Heat,OTHER,unknown,unknown,D
2021,Heat,OTHER,unknown,unknown,D
2021,Heat,OTHER,unknown,unknown,D
2021,Heat,OTHER,unknown,unknown,I
2021,Heat,VEHICLE,65+,M,D
2021,Heat,OTHER,unknown,unknown,D
2021,Heat,OTHER,unknown,unknown,I
2021,Heat,OTHER,unknown,unknown,D
2021,Heat,OTHER,unknown,unknown,I
2021,Heat,OTHER,unknown,unknown,D
2021,Heat,OTHER,unknown,unknown,D
2021,Heat,OTHER,unknown,unknown,I
2021,Heat,OTHER,unknown,unknown,D
2021,Heat,OTHER,unknown,unknown,D
2021,Heat,OTHER,unknown,unknown,D
2021,Heat,OTHER,unknown,unknown,D
2021,Heat,OTHER,unknown,unknown,D
2021,Heat,OTHER,unknown,unknown,D
2021,Heat,OTHER,unknown,unknown,D
2021,Heat,OTHER,unknown,unknown,D
2021,Heat,OTHER,unknown,unknown,I
2021,Heat,OTHER,unknown,unknown,D
2021,Heat,OTHER,unknown,unknown,D
2021,Heat,OTHER,unknown,unknown,I
2021,Heat,OTHER,unknown,unknown,D
2021,Heat,OTHER,unknown,unknown,D
2021,Heat,OTHER,unknown,unknown,D
2021,Heat,OTHER,unknown,unknown,I
2021,Heat,OTHER,unknown,unknown,I
2021,Heat,OTHER,unknown,unknown,I
2021,Heat,OTHER,unknown,unknown,I
2021,Heat,OTHER,unknown,unknown,D
2021,Heat,OTHER,unknown,unknown,D
2021,Heat,OTHER,unknown,unknown,I
2021,Heat,OTHER,unknown,unknown,I
2021,Heat,OUTDOOR,18-39,M,D
2021,Heat,OUTDOOR,unknown,M,D
2021,Heat,OUTDOOR,18-39,M,D
2021,Heat,OTHER,unknown,unknown,D
2021,Heat,OUTDOOR,40-64,M,D
2021,Heat,OUTDOOR,18-39,M,D
2021,Heat,OUTDOOR,18-39,M,D
2021,Heat,OTHER,unknown,unknown,D
2021,Heat,OTHER,unknown,unknown,D
2021,Heat,OTHER,unknown,unknown,I
2021,Heat,OUTDOOR,18-39,M,D
2021,Heat,OUTDOOR,18-39,M,D
2021,Heat,OUTDOOR,18-39,M,D
2021,Heat,OUTDOOR,18-39,M,D
2021,Heat,OUTDOOR,40-64,M,D
2021,Heat,OTHER,unknown,unknown,D
2021,Heat,VEHICLE,0-17,M,D
2021,Heat,OTHER,unknown,unknown,D
2021,Heat,OTHER,unknown,unknown,I
2021,Heat,OTHER,unknown,unknown,D
2021,Heat,OTHER,unknown,unknown,D
2021,Heavy Rain,WATER,40-64,M,I
2021,Heavy Rain,WATER,18-39,F,I
2021,Heavy Rain,WATER,18-39,M,I
2021,Heavy Rain,WATER,unknown,M,I
2021,Heavy Rain,VEHICLE,0-17,M,I
2021,Heavy Rain,VEHICLE,0-17,F,I
2021,Heavy Rain,VEHICLE,0-17,F,I
2021,Heavy Rain,VEHICLE,40-64,M,I
2021,Heavy Rain,VEHICLE,40-64,M,I
2021,Heavy Snow,VEHICLE,0-17,M,I
2021,Heavy Snow,OUTDOOR,unknown,unknown,D
2021,Heavy Snow,OUTDOOR,65+,M,I
2021,Heavy Snow,OTHER,40-64,M,I
2021,Heavy Snow,VEHICLE,18-39,F,I
2021,Heavy Snow,RES,unknown,F,D
2021,Heavy Snow,RES,unknown,F,D
2021,Heavy Snow,VEHICLE,65+,F,I
2021,Heavy Snow,VEHICLE,18-39,F,I
2021,High Surf,WATER,40-64,M,D
2021,High Surf,WATER,0-17,M,D
2021,High Surf,WATER,0-17,M,D
2021,High Surf,WATER,18-39,M,D
2021,High Surf,OTHER,unknown,M,I
2021,High Surf,WATER,0-17,M,D
2021,High Surf,WATER,18-39,M,D
2021,High Surf,OTHER,40-64,F,D
2021,High Surf,WATER,unknown,M,D
2021,High Surf,WATER,0-17,F,D
2021,High Surf,OTHER,65+,F,D
2021,High Surf,WATER,unknown,F,D
2021,High Surf,WATER,65+,M,D
2021,High Wind,VEHICLE,unknown,unknown,D
2021,High Wind,VEHICLE,40-64,F,D
2021,High Wind,VEHICLE,unknown,M,D
2021,High Wind,WATER,18-39,M,D
2021,High Wind,VEHICLE,unknown,unknown,I
2021,High Wind,VEHICLE,40-64,M,D
2021,High Wind,OUTDOOR,40-64,F,D
2021,High Wind,OTHER,unknown,M,I
2021,High Wind,VEHICLE,18-39,M,D
2021,High Wind,OUTDOOR,unknown,M,D
2021,High Wind,VEHICLE,65+,M,I
2021,Hurricane (Typhoon),RES,65+,M,I
2021,Hurricane (Typhoon),RES,65+,F,I
2021,Hurricane (Typhoon),RES,40-64,M,I
2021,Hurricane (Typhoon),RES,65+,M,I
2021,Hurricane (Typhoon),RES,65+,F,I
2021,Hurricane (Typhoon),RES,40-64,F,I
2021,Hurricane (Typhoon),RES,0-17,M,I
2021,Hurricane (Typhoon),RES,18-39,F,I
2021,Hurricane (Typhoon),RES,40-64,F,I
2021,Hurricane (Typhoon),RES,18-39,M,I
2021,Hurricane (Typhoon),RES,40-64,M,I
2021,Hurricane (Typhoon),RES,40-64,M,I
2021,Hurricane (Typhoon),RES,65+,F,I
2021,Hurricane (Typhoon),RES,65+,M,I
2021,Hurricane (Typhoon),RES,65+,M,I
2021,Hurricane (Typhoon),RES,65+,M,I
2021,Hurricane (Typhoon),RES,65+,M,I
2021,Hurricane (Typhoon),RES,65+,F,I
2021,Hurricane (Typhoon),RES,40-64,M,D
2021,Hurricane (Typhoon),RES,65+,M,I
2021,Hurricane (Typhoon),RES,65+,M,I
2021,Hurricane (Typhoon),RES,65+,M,I
2021,Hurricane (Typhoon),RES,65+,M,I
2021,Hurricane (Typhoon),RES,65+,M,I
2021,Hurricane (Typhoon),WATER,65+,M,I
2021,Hurricane (Typhoon),RES,40-64,M,D
2021,Hurricane (Typhoon),OTHER,unknown,M,D
2021,Hurricane (Typhoon),RES,40-64,M,I
2021,Ice Storm,VEHICLE,unknown,unknown,D
2021,Ice Storm,VEHICLE,40-64,M,I
2021,Ice Storm,VEHICLE,40-64,M,I
2021,Ice Storm,MH,40-64,M,D
2021,Lightning,OUTDOOR,18-39,M,D
2021,Lightning,OUTDOOR,65+,M,D
2021,Lightning,RES,unknown,M,I
2021,Lightning,RES,18-39,M,D
2021,Lightning,OTHER,unknown,unknown,D
2021,Lightning,OTHER,unknown,unknown,D
2021,Lightning,OUTDOOR,40-64,M,D
2021,Lightning,OUTDOOR,0-17,M,D
2021,Lightning,RES,65+,M,I
2021,Lightning,OUTDOOR,65+,M,D
2021,Lightning,WATER,0-17,F,D
2021,Lightning,OTHER,40-64,M,D
2021,Lightning,OUTDOOR,unknown,M,D
2021,Lightning,OUTDOOR,18-39,M,D
2021,Lightning,OUTDOOR,0-17,M,D
2021,Lightning,OUTDOOR,unknown,M,D
2021,Rip Current,WATER,40-64,M,D
2021,Rip Current,WATER,40-64,M,D
2021,Rip Current,WATER,18-39,M,D
2021,Rip Current,WATER,40-64,M,D
2021,Rip Current,WATER,40-64,M,D
2021,Rip Current,WATER,40-64,M,D
2021,Rip Current,WATER,0-17,F,D
2021,Rip Current,WATER,unknown,M,D
2021,Rip Current,WATER,18-39,M,D
2021,Rip Current,WATER,40-64,F,D
2021,Rip Current,WATER,18-39,M,D
2021,Rip Current,WATER,0-17,M,D
2021,Rip Current,WATER,40-64,M,D
2021,Rip Current,WATER,0-17,M,D
2021,Rip Current,WATER,18-39,M,D
2021,Rip Current,WATER,unknown,M,D
2021,Rip Current,WATER,0-17,M,D
2021,Rip Current,WATER,unknown,M,D
2021,Rip Current,WATER,18-39,M,D
2021,Rip Current,WATER,40-64,M,D
2021,Rip Current,WATER,40-64,F,D
2021,Rip Current,WATER,18-39,M,D
2021,Rip Current,WATER,40-64,M,D
2021,Rip Current,WATER,40-64,M,D
2021,Rip Current,WATER,40-64,M,D
2021,Rip Current,WATER,18-39,M,D
2021,Rip Current,WATER,18-39,M,D
2021,Rip Current,WATER,40-64,M,D
2021,Rip Current,WATER,18-39,F,D
2021,Rip Current,WATER,40-64,M,D
2021,Rip Current,WATER,40-64,M,D
2021,Rip Current,WATER,18-39,M,D
2021,Rip Current,WATER,0-17,M,D
2021,Rip Current,WATER,40-64,M,D
2021,Rip Current,WATER,0-17,M,D
2021,Rip Current,WATER,18-39,M,D
2021,Rip Current,WATER,65+,M,D
2021,Rip Current,WATER,unknown,M,D
2021,Rip Current,WATER,18-39,M,D
2021,Rip Current,WATER,18-39,M,D
2021,Rip Current,WATER,18-39,M,D
2021,Rip Current,WATER,40-64,M,D
2021,Rip Current,WATER,0-17,M,D
2021,Rip Current,WATER,0-17,M,D
2021,Rip Current,WATER,0-17,F,D
2021,Rip Current,WATER,0-17,M,D
2021,Rip Current,WATER,0-17,M,D
2021,Rip Current,WATER,18-39,M,D
2021,Rip Current,WATER,40-64,M,D
2021,Rip Current,WATER,0-17,F,D
2021,Rip Current,WATER,18-39,F,D
2021,Rip Current,WATER,unknown,M,D
2021,Rip Current,WATER,18-39,M,D
2021,Rip Current,WATER,unknown,M,D
2021,Rip Current,WATER,unknown,M,D
2021,Rip Current,WATER,40-64,M,D
2021,Rip Current,WATER,unknown,M,D
2021,Rip Current,WATER,18-39,M,D
2021,Rip Current,WATER,0-17,M,D
2021,Rip Current,WATER,65+,M,D
2021,Rip Current,WATER,40-64,M,D
2021,Rip Current,WATER,18-39,M,D
2021,Rip Current,WATER,40-64,M,D
2021,Rip Current,WATER,40-64,F,D
2021,Rip Current,WATER,40-64,M,D
2021,Rip Current,WATER,65+,M,D
2021,Rip Current,WATER,40-64,M,D
2021,Sneakerwave,OUTDOOR,40-64,F,D
2021,Sneakerwave,WATER,unknown,M,D
2021,Storm Surge/Tide,WATER,65+,F,D
2021,Strong Wind,OUTDOOR,unknown,F,D
2021,Strong Wind,MH,40-64,M,D
2021,Strong Wind,RES,65+,F,I
2021,Strong Wind,OUTDOOR,unknown,M,D
2021,Strong Wind,VEHICLE,18-39,F,D
2021,Strong Wind,WATER,18-39,M,D
2021,Strong Wind,WATER,18-39,M,D
2021,Strong Wind,OUTDOOR,0-17,M,D
2021,Strong Wind,OUTDOOR,0-17,M,D
2021,Strong Wind,OUTDOOR,unknown,F,D
2021,Thunderstorm Wind,VEHICLE,18-39,F,D
2021,Thunderstorm Wind,OTHER,40-64,M,D
2021,Thunderstorm Wind,VEHICLE,18-39,M,D
2021,Thunderstorm Wind,OTHER,0-17,F,I
2021,Thunderstorm Wind,MH,40-64,F,D
2021,Thunderstorm Wind,RES,0-17,unknown,D
2021,Thunderstorm Wind,MH,40-64,F,D
2021,Thunderstorm Wind,RES,40-64,F,D
2021,Thunderstorm Wind,VEHICLE,18-39,M,I
2021,Thunderstorm Wind,VEHICLE,unknown,unknown,D
2021,Thunderstorm Wind,MH,40-64,F,D
2021,Thunderstorm Wind,OUTDOOR,unknown,M,D
2021,Thunderstorm Wind,OUTDOOR,0-17,M,D
2021,Thunderstorm Wind,MH,18-39,M,D
2021,Thunderstorm Wind,MH,0-17,M,D
2021,Thunderstorm Wind,OUTDOOR,unknown,unknown,D
2021,Thunderstorm Wind,WATER,65+,M,I
2021,Thunderstorm Wind,VEHICLE,18-39,M,D
2021,Thunderstorm Wind,WATER,40-64,M,I
2021,Thunderstorm Wind,OUTDOOR,18-39,M,D
2021,Thunderstorm Wind,OUTDOOR,65+,M,D
2021,Thunderstorm Wind,RES,40-64,F,D
2021,Thunderstorm Wind,MH,65+,M,D
2021,Thunderstorm Wind,VEHICLE,18-39,F,D
2021,Thunderstorm Wind,OUTDOOR,40-64,M,D
2021,Thunderstorm Wind,VEHICLE,40-64,M,D
2021,Thunderstorm Wind,OUTDOOR,65+,M,D
2021,Thunderstorm Wind,OUTDOOR,0-17,F,D
2021,Thunderstorm Wind,VEHICLE,unknown,F,D
2021,Thunderstorm Wind,VEHICLE,0-17,M,D
2021,Tornado,VEHICLE,65+,M,D
2021,Tornado,RES,65+,F,D
2021,Tornado,OTHER,18-39,F,D
2021,Tornado,MH,18-39,M,D
2021,Tornado,PUBLIC,18-39,M,D
2021,Tornado,PUBLIC,40-64,M,D
2021,Tornado,PUBLIC,18-39,M,D
2021,Tornado,PUBLIC,18-39,F,D
2021,Tornado,OTHER,65+,M,D
2021,Tornado,OTHER,65+,F,D
2021,Tornado,MH,65+,M,D
2021,Tornado,PUBLIC,40-64,F,D
2021,Tornado,MH,65+,F,D
2021,Tornado,MH,65+,M,D
2021,Tornado,OTHER,65+,F,D
2021,Tornado,RES,65+,M,D
2021,Tornado,MH,40-64,F,D
2021,Tornado,RES,65+,M,D
2021,Tornado,MH,65+,M,D
2021,Tornado,MH,65+,F,D
2021,Tornado,MH,18-39,F,D
2021,Tornado,RES,65+,F,D
2021,Tornado,RES,65+,F,D
2021,Tornado,OUTDOOR,65+,F,I
2021,Tornado,RES,65+,F,D
2021,Tornado,RES,65+,M,D
2021,Tornado,MH,40-64,F,D
2021,Tornado,PUBLIC,18-39,M,D
2021,Tornado,RES,0-17,M,D
2021,Tornado,MH,40-64,M,D
2021,Tornado,RES,65+,F,D
2021,Tornado,MH,0-17,F,D
2021,Tornado,PUBLIC,18-39,M,D
2021,Tornado,PUBLIC,18-39,F,D
2021,Tornado,PUBLIC,40-64,M,D
2021,Tornado,PUBLIC,40-64,F,D
2021,Tornado,PUBLIC,18-39,M,D
2021,Tornado,PUBLIC,40-64,F,D
2021,Tornado,PUBLIC,18-39,M,D
2021,Tornado,MH,40-64,M,D
2021,Tornado,PUBLIC,40-64,M,D
2021,Tornado,OTHER,40-64,F,D
2021,Tornado,MH,18-39,F,D
2021,Tornado,MH,18-39,M,D
2021,Tornado,MH,65+,F,D
2021,Tornado,RES,65+,F,D
2021,Tornado,RES,65+,F,D
2021,Tornado,MH,65+,F,D
2021,Tornado,RES,65+,M,D
2021,Tornado,MH,65+,F,D
2021,Tornado,MH,40-64,F,D
2021,Tornado,RES,0-17,F,D
2021,Tornado,RES,0-17,F,D
2021,Tornado,RES,unknown,F,D
2021,Tornado,RES,unknown,M,D
2021,Tornado,RES,unknown,F,D
2021,Tornado,RES,0-17,F,D
2021,Tornado,RES,0-17,M,D
2021,Tornado,RES,unknown,M,D
2021,Tornado,RES,0-17,F,D
2021,Tornado,RES,18-39,M,D
2021,Tornado,RES,18-39,F,D
2021,Tornado,RES,40-64,F,D
2021,Tornado,RES,65+,F,D
2021,Tornado,RES,18-39,M,D
2021,Tornado,OTHER,65+,M,I
2021,Tornado,OTHER,40-64,F,D
2021,Tornado,OTHER,65+,M,D
2021,Tornado,OTHER,0-17,unknown,D
2021,Tornado,OTHER,65+,M,D
2021,Tornado,MH,0-17,M,D
2021,Tornado,MH,40-64,M,D
2021,Tornado,PUBLIC,40-64,M,D
2021,Tornado,RES,0-17,M,D
2021,Tornado,RES,65+,M,D
2021,Tornado,RES,65+,F,D
2021,Tornado,RES,65+,M,D
2021,Tornado,PUBLIC,65+,M,D
2021,Tornado,RES,18-39,M,D
2021,Tornado,RES,40-64,M,D
2021,Tornado,RES,65+,F,D
2021,Tornado,RES,40-64,M,D
2021,Tornado,PUBLIC,40-64,F,D
2021,Tornado,MH,65+,M,D
2021,Tornado,MH,0-17,M,D
2021,Tornado,PUBLIC,0-17,M,D
2021,Tornado,RES,65+,M,D
2021,Tornado,RES,40-64,M,D
2021,Tornado,RES,18-39,M,D
2021,Tornado,OUTDOOR,40-64,M,I
2021,Tornado,VEHICLE,unknown,F,D
2021,Tornado,RES,0-17,F,D
2021,Tornado,RES,65+,F,D
2021,Tornado,RES,40-64,M,D
2021,Tornado,RES,65+,F,D
2021,Tornado,RES,65+,F,D
2021,Tornado,RES,65+,F,D
2021,Tornado,RES,0-17,F,D
2021,Tornado,PUBLIC,40-64,F,D
2021,Tornado,RES,40-64,F,D
2021,Tornado,RES,18-39,M,D
2021,Tornado,RES,18-39,F,D
2021,Tornado,VEHICLE,40-64,M,D
2021,Tornado,VEHICLE,18-39,M,I
2021,Tornado,MH,40-64,F,D
2021,Tornado,PUBLIC,40-64,M,D
2021,Tornado,PUBLIC,40-64,M,D
2021,Wildfire,VEHICLE,65+,M,I
2021,Wildfire,OUTDOOR,unknown,unknown,D
2021,Wildfire,OUTDOOR,18-39,M,D
2021,Wildfire,OTHER,unknown,F,D
2021,Wildfire,OUTDOOR,unknown,M,D
2021,Wildfire,OUTDOOR,40-64,M,I
2021,Wildfire,OUTDOOR,65+,M,D
2021,Wildfire,RES,65+,M,D
2021,Wildfire,RES,65+,F,D
2021,Wildfire,OTHER,40-64,F,D
2021,Winter Storm,VEHICLE,unknown,unknown,D
2021,Winter Storm,VEHICLE,unknown,unknown,D
2021,Winter Storm,OUTDOOR,40-64,M,I
2021,Winter Storm,OTHER,unknown,unknown,I
2021,Winter Storm,OUTDOOR,40-64,M,I
2021,Winter Storm,WATER,65+,M,I
2021,Winter Storm,RES,65+,M,I
2021,Winter Storm,RES,40-64,F,I
2021,Winter Storm,OTHER,40-64,M,D
2021,Winter Storm,OTHER,unknown,unknown,I
2021,Winter Storm,PUBLIC,unknown,M,I
2021,Winter Storm,VEHICLE,18-39,M,I
2021,Winter Storm,OUTDOOR,65+,F,D
2021,Winter Storm,MH,65+,M,D
2021,Winter Storm,VEHICLE,65+,M,I
2021,Winter Storm,VEHICLE,18-39,M,I
2021,Winter Storm,OUTDOOR,65+,F,D
2021,Winter Weather,VEHICLE,18-39,M,I
2021,Winter Weather,VEHICLE,unknown,M,I
2021,Winter Weather,VEHICLE,40-64,F,I
2021,Winter Weather,VEHICLE,40-64,F,I
2021,Winter Weather,VEHICLE,18-39,M,D
2021,Winter Weather,VEHICLE,40-64,F,I
2021,Winter Weather,VEHICLE,0-17,M,I
2021,Winter Weather,VEHICLE,18-39,F,I
2021,Winter Weather,VEHICLE,unknown,M,I
2021,Winter Weather,VEHICLE,0-17,F,I
2021,Winter Weather,VEHICLE,65+,M,I
2021,Winter Weather,VEHICLE,40-64,M,I
2021,Winter Weather,OUTDOOR,65+,M,I
2021,Winter Weather,VEHICLE,unknown,unknown,I
2021,Winter Weather,VEHICLE,18-39,F,I
2021,Winter Weather,VEHICLE,unknown,unknown,D
2021,Winter Weather,VEHICLE,40-64,F,D
2021,Winter Weather,VEHICLE,40-64,F,I
2021,Winter Weather,VEHICLE,40-64,M,I
2021,Winter Weather,VEHICLE,18-39,M,I
2021,Winter Weather,OUTDOOR,18-39,F,I
2021,Winter Weather,VEHICLE,40-64,F,I
2021,Winter Weather,VEHICLE,65+,M,D
2021,Winter Weather,VEHICLE,18-39,M,I
2021,Winter Weather,VEHICLE,40-64,F,I
2021,Winter Weather,VEHICLE,18-39,F,I
2021,Winter Weather,VEHICLE,unknown,unknown,I
2021,Winter Weather,VEHICLE,40-64,M,I
2021,Winter Weather,VEHICLE,40-64,M,I
2021,Winter Weather,VEHICLE,40-64,M,I
2021,Winter Weather,VEHICLE,40-64,F,I
2021,Winter Weather,VEHICLE,40-64,M,I
2021,Winter Weather,VEHICLE,unknown,M,I
2022,Avalanche,OUTDOOR,18-39,M,D
2022,Avalanche,OUTDOOR,18-39,M,D
2022,Avalanche,OUTDOOR,40-64,M,D
2022,Avalanche,VEHICLE,40-64,M,D
2022,Avalanche,OUTDOOR,40-64,M,D
2022,Avalanche,OUTDOOR,18-39,M,D
2022,Avalanche,OUTDOOR,40-64,M,D
2022,Avalanche,OUTDOOR,18-39,M,D
2022,Avalanche,OUTDOOR,18-39,M,D
2022,Avalanche,OUTDOOR,18-39,M,D
2022,Avalanche,OUTDOOR,unknown,unknown,D
2022,Blizzard,OUTDOOR,40-64,M,I
2022,Blizzard,RES,40-64,M,D
2022,Blizzard,RES,unknown,M,I
2022,Blizzard,OUTDOOR,40-64,M,D
2022,Blizzard,RES,0-17,M,I
2022,Blizzard,RES,40-64,M,I
2022,Blizzard,RES,65+,M,I
2022,Blizzard,RES,unknown,M,D
2022,Blizzard,OUTDOOR,65+,F,D
2022,Blizzard,VEHICLE,18-39,F,I
2022,Blizzard,VEHICLE,18-39,F,I
2022,Blizzard,VEHICLE,18-39,M,I
2022,Blizzard,VEHICLE,40-64,M,I
2022,Blizzard,OUTDOOR,40-64,M,D
2022,Blizzard,OUTDOOR,40-64,M,D
2022,Blizzard,OUTDOOR,65+,M,D
2022,Blizzard,RES,65+,F,D
2022,Blizzard,OUTDOOR,unknown,M,D
2022,Blizzard,RES,18-39,M,I
2022,Blizzard,RES,65+,M,I
2022,Blizzard,VEHICLE,18-39,F,D
2022,Blizzard,VEHICLE,65+,F,D
2022,Blizzard,VEHICLE,40-64,F,I
2022,Blizzard,RES,65+,M,D
2022,Blizzard,RES,65+,M,D
2022,Blizzard,RES,65+,M,D
2022,Blizzard,RES,18-39,M,I
2022,Blizzard,RES,18-39,M,I
2022,Blizzard,RES,18-39,M,I
2022,Blizzard,WATER,0-17,F,I
2022,Blizzard,OTHER,40-64,M,D
2022,Blizzard,OTHER,40-64,F,D
2022,Blizzard,OUTDOOR,40-64,F,D
2022,Blizzard,OUTDOOR,65+,M,D
2022,Blizzard,OUTDOOR,65+,M,D
2022,Blizzard,OUTDOOR,40-64,M,D
2022,Blizzard,OUTDOOR,65+,M,I
2022,Blizzard,OUTDOOR,65+,M,D
2022,Blizzard,OUTDOOR,40-64,M,D
2022,Blizzard,OUTDOOR,40-64,F,D
2022,Blizzard,OUTDOOR,40-64,M,D
2022,Blizzard,OUTDOOR,40-64,F,D
2022,Blizzard,OUTDOOR,40-64,M,D
2022,Blizzard,OUTDOOR,40-64,M,D
2022,Blizzard,OUTDOOR,65+,F,D
2022,Blizzard,OUTDOOR,18-39,M,D
2022,Blizzard,RES,40-64,F,D
2022,Blizzard,RES,65+,F,D
2022,Blizzard,RES,65+,F,D
2022,Blizzard,RES,65+,M,D
2022,Blizzard,RES,40-64,F,I
2022,Blizzard,RES,65+,F,D
2022,Blizzard,RES,40-64,F,I
2022,Blizzard,RES,40-64,M,D
2022,Blizzard,RES,65+,F,I
2022,Blizzard,RES,65+,M,D
2022,Cold/Wind Chill,OUTDOOR,18-39,M,D
2022,Cold/Wind Chill,OUTDOOR,40-64,F,D
2022,Cold/Wind Chill,OUTDOOR,40-64,M,D
2022,Cold/Wind Chill,OUTDOOR,65+,M,I
2022,Cold/Wind Chill,OUTDOOR,18-39,M,I
2022,Cold/Wind Chill,OUTDOOR,65+,M,D
2022,Cold/Wind Chill,OUTDOOR,18-39,M,D
2022,Cold/Wind Chill,VEHICLE,40-64,M,I
2022,Cold/Wind Chill,VEHICLE,18-39,M,D
2022,Cold/Wind Chill,OTHER,unknown,M,D
2022,Cold/Wind Chill,RES,unknown,M,I
2022,Cold/Wind Chill,OTHER,unknown,M,D
2022,Cold/Wind Chill,OTHER,unknown,M,D
2022,Cold/Wind Chill,OTHER,unknown,M,D
2022,Cold/Wind Chill,OUTDOOR,65+,M,I
2022,Cold/Wind Chill,OUTDOOR,40-64,M,I
2022,Cold/Wind Chill,OUTDOOR,40-64,M,I
2022,Cold/Wind Chill,OUTDOOR,40-64,F,I
2022,Cold/Wind Chill,RES,65+,M,I
2022,Cold/Wind Chill,OUTDOOR,unknown,unknown,D
2022,Cold/Wind Chill,OUTDOOR,40-64,M,D
2022,Cold/Wind Chill,OUTDOOR,18-39,F,D
2022,Debris Flow,OTHER,unknown,unknown,D
2022,Debris Flow,OTHER,40-64,F,D
2022,Debris Flow,OTHER,unknown,unknown,D
2022,Dense Fog,VEHICLE,unknown,F,I
2022,Dense Fog,VEHICLE,unknown,F,I
2022,Dense Fog,VEHICLE,unknown,unknown,I
2022,Dense Fog,VEHICLE,18-39,M,I
2022,Dense Fog,VEHICLE,40-64,F,I
2022,Dense Fog,VEHICLE,40-64,M,I
2022,Dense Fog,VEHICLE,65+,M,I
2022,Dense Fog,VEHICLE,40-64,M,I
2022,Dense Fog,VEHICLE,18-39,F,I
2022,Dense Fog,VEHICLE,18-39,M,I
2022,Dense Fog,VEHICLE,18-39,M,I
2022,Dense Fog,VEHICLE,18-39,F,I
2022,Dense Fog,VEHICLE,unknown,unknown,I
2022,Dense Fog,VEHICLE,40-64,M,I
2022,Dense Fog,VEHICLE,18-39,M,I
2022,Dense Fog,VEHICLE,unknown,unknown,I
2022,Dense Fog,VEHICLE,40-64,M,I
2022,Dense Fog,VEHICLE,18-39,F,I
2022,Dense Fog,VEHICLE,65+,F,I
2022,Dense Fog,WATER,0-17,M,I
2022,Dense Fog,VEHICLE,unknown,unknown,I
2022,Dust Storm,VEHICLE,40-64,M,I
2022,Excessive Heat,OTHER,unknown,unknown,D
2022,Excessive Heat,OTHER,unknown,unknown,I
2022,Excessive Heat,OTHER,unknown,unknown,D
2022,Excessive Heat,OTHER,unknown,unknown,D
2022,Excessive Heat,OTHER,unknown,unknown,D
2022,Excessive Heat,OTHER,unknown,unknown,D
2022,Excessive Heat,OTHER,unknown,unknown,D
2022,Excessive Heat,OTHER,0-17,F,I
2022,Excessive Heat,OTHER,unknown,unknown,D
2022,Excessive Heat,RES,40-64,F,D
2022,Excessive Heat,RES,40-64,M,D
2022,Excessive Heat,OUTDOOR,unknown,M,D
2022,Excessive Heat,OTHER,unknown,unknown,D
2022,Excessive Heat,OTHER,unknown,unknown,D
2022,Excessive Heat,OTHER,unknown,unknown,D
2022,Excessive Heat,OTHER,unknown,unknown,D
2022,Excessive Heat,OTHER,unknown,unknown,D
2022,Excessive Heat,OTHER,unknown,unknown,D
2022,Excessive Heat,OTHER,unknown,unknown,D
2022,Excessive Heat,OTHER,unknown,unknown,D
2022,Excessive Heat,OTHER,unknown,unknown,D
2022,Excessive Heat,OTHER,unknown,unknown,D
2022,Excessive Heat,OTHER,unknown,unknown,D
2022,Excessive Heat,OTHER,unknown,unknown,D
2022,Excessive Heat,OTHER,unknown,unknown,D
2022,Excessive Heat,OTHER,unknown,unknown,D
2022,Excessive Heat,OTHER,unknown,unknown,D
2022,Excessive Heat,OTHER,unknown,unknown,D
2022,Excessive Heat,OTHER,unknown,unknown,D
2022,Excessive Heat,OTHER,unknown,unknown,D
2022,Excessive Heat,OTHER,unknown,unknown,I
2022,Excessive Heat,OTHER,unknown,unknown,I
2022,Excessive Heat,OTHER,unknown,unknown,I
2022,Excessive Heat,OTHER,unknown,unknown,D
2022,Excessive Heat,OTHER,unknown,unknown,D
2022,Excessive Heat,OTHER,unknown,unknown,D
2022,Excessive Heat,OTHER,unknown,unknown,D
2022,Excessive Heat,OTHER,unknown,unknown,D
2022,Excessive Heat,OTHER,unknown,unknown,D
2022,Excessive Heat,OTHER,unknown,unknown,D
2022,Excessive Heat,OUTDOOR,40-64,M,D
2022,Excessive Heat,OUTDOOR,18-39,M,D
2022,Excessive Heat,OUTDOOR,40-64,M,D
2022,Excessive Heat,OUTDOOR,65+,F,D
2022,Excessive Heat,OUTDOOR,18-39,F,D
2022,Excessive Heat,OUTDOOR,40-64,M,D
2022,Excessive Heat,OUTDOOR,40-64,M,D
2022,Excessive Heat,OUTDOOR,18-39,F,D
2022,Excessive Heat,OUTDOOR,18-39,M,D
2022,Excessive Heat,OUTDOOR,18-39,F,D
2022,Excessive Heat,MH,65+,M,D
2022,Excessive Heat,OTHER,unknown,unknown,D
2022,Excessive Heat,MH,65+,F,D
2022,Excessive Heat,OUTDOOR,unknown,M,D
2022,Excessive Heat,OUTDOOR,40-64,M,D
2022,Excessive Heat,OTHER,unknown,unknown,D
2022,Excessive Heat,OTHER,unknown,unknown,D
2022,Excessive Heat,OTHER,unknown,unknown,D
2022,Excessive Heat,OTHER,unknown,unknown,D
2022,Excessive Heat,RES,65+,F,I
2022,Excessive Heat,OUTDOOR,40-64,M,D
2022,Excessive Heat,OUTDOOR,40-64,M,D
2022,Excessive Heat,RES,65+,M,D
2022,Excessive Heat,OUTDOOR,18-39,M,D
2022,Excessive Heat,OUTDOOR,18-39,M,D
2022,Excessive Heat,OTHER,unknown,unknown,D
2022,Excessive Heat,OTHER,unknown,unknown,D
2022,Excessive Heat,OTHER,unknown,unknown,D
2022,Excessive Heat,OTHER,unknown,unknown,D
2022,Excessive Heat,OTHER,unknown,unknown,I
2022,Excessive Heat,OUTDOOR,40-64,F,I
2022,Excessive Heat,OTHER,unknown,unknown,I
2022,Excessive Heat,OTHER,unknown,unknown,D
2022,Excessive Heat,OTHER,unknown,unknown,D
2022,Excessive Heat,OUTDOOR,40-64,M,I
2022,Excessive Heat,OTHER,unknown,unknown,D
2022,Excessive Heat,OTHER,unknown,unknown,D
2022,Excessive Heat,OTHER,unknown,unknown,D
2022,Excessive Heat,OTHER,unknown,unknown,D
2022,Excessive Heat,OTHER,unknown,unknown,D
2022,Excessive Heat,OTHER,unknown,unknown,D
2022,Excessive Heat,OTHER,unknown,unknown,D
2022,Excessive Heat,OTHER,unknown,unknown,D
2022,Excessive Heat,OTHER,unknown,unknown,D
2022,Excessive Heat,OTHER,unknown,unknown,D
2022,Excessive Heat,OTHER,unknown,unknown,D
2022,Excessive Heat,OTHER,unknown,unknown,D
2022,Excessive Heat,OTHER,unknown,unknown,D
2022,Excessive Heat,OTHER,unknown,unknown,D
2022,Excessive Heat,OTHER,unknown,unknown,D
2022,Excessive Heat,OTHER,unknown,unknown,I
2022,Excessive Heat,MH,40-64,M,I
2022,Excessive Heat,OUTDOOR,40-64,M,D
2022,Excessive Heat,OUTDOOR,40-64,M,D
2022,Excessive Heat,OUTDOOR,65+,M,D
2022,Excessive Heat,OUTDOOR,40-64,M,I
2022,Excessive Heat,OUTDOOR,40-64,F,D
2022,Excessive Heat,OTHER,unknown,unknown,D
2022,Excessive Heat,OTHER,unknown,unknown,D
2022,Excessive Heat,OTHER,unknown,unknown,D
2022,Excessive Heat,OTHER,unknown,unknown,I
2022,Excessive Heat,OUTDOOR,18-39,M,D
2022,Excessive Heat,OUTDOOR,65+,M,D
2022,Excessive Heat,OTHER,unknown,unknown,D
2022,Excessive Heat,OTHER,unknown,unknown,D
2022,Excessive Heat,OTHER,unknown,unknown,D
2022,Excessive Heat,OTHER,unknown,unknown,D
2022,Excessive Heat,OTHER,unknown,unknown,D
2022,Excessive Heat,OTHER,unknown,unknown,D
2022,Excessive Heat,OTHER,unknown,unknown,D
2022,Excessive Heat,OTHER,unknown,unknown,D
2022,Excessive Heat,OTHER,unknown,unknown,D
2022,Excessive Heat,MH,65+,M,I
2022,Excessive Heat,OTHER,unknown,unknown,D
2022,Excessive Heat,OTHER,unknown,unknown,D
2022,Excessive Heat,OUTDOOR,18-39,M,D
2022,Excessive Heat,OUTDOOR,40-64,M,I
2022,Excessive Heat,OUTDOOR,40-64,M,D
2022,Excessive Heat,RES,65+,F,D
2022,Excessive Heat,OUTDOOR,40-64,M,D
2022,Excessive Heat,OTHER,unknown,unknown,D
2022,Excessive Heat,OTHER,unknown,unknown,D
2022,Excessive Heat,OUTDOOR,65+,F,I
2022,Excessive Heat,VEHICLE,0-17,F,D
2022,Excessive Heat,OTHER,unknown,unknown,D
2022,Excessive Heat,OTHER,unknown,unknown,D
2022,Excessive Heat,OTHER,unknown,unknown,D
2022,Excessive Heat,OTHER,unknown,unknown,D
2022,Excessive Heat,OTHER,unknown,unknown,D
2022,Excessive Heat,OTHER,unknown,unknown,D
2022,Excessive Heat,OTHER,unknown,unknown,D
2022,Excessive Heat,OTHER,unknown,unknown,D
2022,Excessive Heat,OTHER,unknown,unknown,D
2022,Excessive Heat,OTHER,unknown,unknown,D
2022,Excessive Heat,OTHER,unknown,unknown,D
2022,Excessive Heat,OTHER,unknown,unknown,I
2022,Excessive Heat,OTHER,unknown,unknown,D
2022,Excessive Heat,OTHER,unknown,unknown,D
2022,Excessive Heat,OTHER,unknown,unknown,I
2022,Excessive Heat,OUTDOOR,40-64,F,I
2022,Excessive Heat,OUTDOOR,40-64,M,I
2022,Excessive Heat,OUTDOOR,40-64,M,I
2022,Excessive Heat,OUTDOOR,40-64,M,D
2022,Excessive Heat,OTHER,unknown,unknown,D
2022,Excessive Heat,RES,65+,F,I
2022,Excessive Heat,RES,65+,F,I
2022,Excessive Heat,OUTDOOR,40-64,M,D
2022,Excessive Heat,OUTDOOR,65+,M,D
2022,Excessive Heat,RES,18-39,F,D
2022,Excessive Heat,OTHER,unknown,unknown,D
2022,Excessive Heat,OTHER,unknown,unknown,D
2022,Excessive Heat,OTHER,unknown,unknown,D
2022,Excessive Heat,OTHER,unknown,unknown,D
2022,Excessive Heat,OTHER,unknown,unknown,D
2022,Excessive Heat,OTHER,unknown,unknown,D
2022,Excessive Heat,OTHER,unknown,unknown,D
2022,Excessive Heat,OTHER,unknown,unknown,I
2022,Excessive Heat,OTHER,unknown,unknown,D
2022,Excessive Heat,OTHER,unknown,unknown,I
2022,Excessive Heat,OTHER,unknown,unknown,I
2022,Excessive Heat,OTHER,unknown,unknown,I
2022,Excessive Heat,OTHER,unknown,unknown,I
2022,Excessive Heat,OTHER,unknown,unknown,I
2022,Excessive Heat,OTHER,unknown,unknown,I
2022,Excessive Heat,OTHER,unknown,unknown,I
2022,Excessive Heat,OTHER,unknown,unknown,D
2022,Excessive Heat,OTHER,unknown,unknown,D
2022,Excessive Heat,OTHER,unknown,unknown,D
2022,Excessive Heat,OTHER,unknown,unknown,D
2022,Excessive Heat,OTHER,unknown,unknown,D
2022,Excessive Heat,OTHER,unknown,unknown,D
2022,Excessive Heat,OTHER,unknown,unknown,D
2022,Excessive Heat,OTHER,unknown,unknown,D
2022,Excessive Heat,OTHER,unknown,unknown,I
2022,Excessive Heat,OTHER,unknown,unknown,I
2022,Excessive Heat,OTHER,unknown,unknown,I
2022,Excessive Heat,OTHER,unknown,unknown,I
2022,Excessive Heat,OTHER,unknown,unknown,I
2022,Excessive Heat,OTHER,unknown,unknown,I
2022,Excessive Heat,OTHER,unknown,unknown,I
2022,Excessive Heat,OTHER,unknown,unknown,D
2022,Excessive Heat,OTHER,unknown,unknown,I
2022,Excessive Heat,OTHER,unknown,unknown,D
2022,Excessive Heat,OTHER,unknown,unknown,D
2022,Excessive Heat,OTHER,unknown,unknown,D
2022,Excessive Heat,OTHER,unknown,unknown,D
2022,Excessive Heat,OTHER,unknown,unknown,D
2022,Excessive Heat,OTHER,unknown,unknown,D
2022,Excessive Heat,OTHER,unknown,unknown,D
2022,Excessive Heat,VEHICLE,0-17,F,D
2022,Excessive Heat,OUTDOOR,18-39,M,D
2022,Excessive Heat,OTHER,unknown,unknown,D
2022,Excessive Heat,OTHER,unknown,unknown,D
2022,Excessive Heat,OTHER,unknown,unknown,D
2022,Excessive Heat,VEHICLE,0-17,F,D
2022,Excessive Heat,OTHER,unknown,unknown,D
2022,Excessive Heat,OTHER,unknown,unknown,D
2022,Excessive Heat,WATER,18-39,M,I
2022,Excessive Heat,WATER,40-64,M,I
2022,Excessive Heat,OUTDOOR,65+,F,D
2022,Extreme Cold/Wind Chill,OUTDOOR,40-64,M,D
2022,Extreme Cold/Wind Chill,RES,65+,M,I
2022,Extreme Cold/Wind Chill,RES,0-17,F,I
2022,Extreme Cold/Wind Chill,PUBLIC,65+,M,D
2022,Extreme Cold/Wind Chill,OUTDOOR,18-39,M,D
2022,Extreme Cold/Wind Chill,OUTDOOR,18-39,M,D
2022,Extreme Cold/Wind Chill,RES,65+,F,D
2022,Extreme Cold/Wind Chill,OUTDOOR,40-64,M,D
2022,Extreme Cold/Wind Chill,OUTDOOR,40-64,M,D
2022,Extreme Cold/Wind Chill,OUTDOOR,18-39,F,I
2022,Extreme Cold/Wind Chill,OTHER,unknown,M,D
2022,Extreme Cold/Wind Chill,OTHER,unknown,M,I
2022,Extreme Cold/Wind Chill,OTHER,65+,M,D
2022,Flash Flood,VEHICLE,65+,M,D
2022,Flash Flood,VEHICLE,40-64,M,D
2022,Flash Flood,PUBLIC,65+,F,D
2022,Flash Flood,VEHICLE,0-17,F,D
2022,Flash Flood,PUBLIC,65+,F,D
2022,Flash Flood,PUBLIC,40-64,M,D
2022,Flash Flood,RES,65+,M,D
2022,Flash Flood,RES,65+,F,D
2022,Flash Flood,RES,65+,M,D
2022,Flash Flood,RES,40-64,F,D
2022,Flash Flood,WATER,40-64,F,D
2022,Flash Flood,WATER,65+,F,D
2022,Flash Flood,WATER,65+,M,D
2022,Flash Flood,WATER,0-17,F,D
2022,Flash Flood,WATER,0-17,M,D
2022,Flash Flood,WATER,0-17,F,D
2022,Flash Flood,OTHER,65+,F,D
2022,Flash Flood,OTHER,unknown,unknown,D
2022,Flash Flood,PUBLIC,65+,M,D
2022,Flash Flood,PUBLIC,65+,F,D
2022,Flash Flood,PUBLIC,65+,M,D
2022,Flash Flood,RES,65+,M,D
2022,Flash Flood,OTHER,unknown,unknown,D
2022,Flash Flood,OTHER,unknown,unknown,D
2022,Flash Flood,OTHER,unknown,M,D
2022,Flash Flood,WATER,65+,F,D
2022,Flash Flood,RES,40-64,F,D
2022,Flash Flood,RES,40-64,M,D
2022,Flash Flood,RES,65+,F,D
2022,Flash Flood,RES,65+,F,D
2022,Flash Flood,RES,65+,F,D
2022,Flash Flood,RES,40-64,F,I
2022,Flash Flood,RES,65+,F,D
2022,Flash Flood,OTHER,unknown,F,D
2022,Flash Flood,OTHER,40-64,F,D
2022,Flash Flood,OTHER,40-64,M,D
2022,Flash Flood,VEHICLE,40-64,M,D
2022,Flash Flood,VEHICLE,40-64,M,D
2022,Flash Flood,OTHER,18-39,M,D
2022,Flash Flood,OUTDOOR,18-39,F,D
2022,Flash Flood,OUTDOOR,40-64,M,D
2022,Flash Flood,OUTDOOR,65+,F,D
2022,Flash Flood,OUTDOOR,40-64,F,D
2022,Flash Flood,OUTDOOR,0-17,F,D
2022,Flash Flood,VEHICLE,40-64,M,D
2022,Flash Flood,VEHICLE,65+,M,D
2022,Flash Flood,VEHICLE,40-64,F,D
2022,Flash Flood,OUTDOOR,18-39,F,D
2022,Flash Flood,OTHER,40-64,F,D
2022,Flash Flood,VEHICLE,40-64,M,D
2022,Flash Flood,OUTDOOR,18-39,M,D
2022,Flash Flood,WATER,40-64,F,D
2022,Flash Flood,VEHICLE,40-64,F,D
2022,Flash Flood,WATER,40-64,M,D
2022,Flash Flood,VEHICLE,40-64,M,D
2022,Flash Flood,OTHER,65+,M,D
2022,Flash Flood,WATER,0-17,M,D
2022,Flash Flood,OTHER,unknown,unknown,D
2022,Flash Flood,OTHER,unknown,F,D
2022,Flash Flood,WATER,0-17,M,D
2022,Flash Flood,WATER,40-64,F,D
2022,Flash Flood,VEHICLE,40-64,F,D
2022,Flash Flood,OTHER,18-39,F,D
2022,Flash Flood,VEHICLE,65+,M,D
2022,Flash Flood,WATER,18-39,F,D
2022,Flash Flood,WATER,unknown,unknown,D
2022,Flash Flood,WATER,65+,M,D
2022,Flash Flood,RES,40-64,F,D
2022,Flash Flood,VEHICLE,40-64,M,D
2022,Flash Flood,WATER,65+,F,D
2022,Flash Flood,OTHER,unknown,unknown,D
2022,Flood,WATER,18-39,M,D
2022,Flood,VEHICLE,18-39,M,D
2022,Flood,VEHICLE,65+,M,D
2022,Flood,WATER,40-64,M,D
2022,Flood,WATER,0-17,F,D
2022,Flood,OUTDOOR,18-39,M,I
2022,Flood,WATER,18-39,M,D
2022,Flood,VEHICLE,18-39,M,D
2022,Flood,WATER,18-39,F,D
2022,Flood,VEHICLE,65+,M,D
2022,Flood,VEHICLE,65+,F,D
2022,Flood,WATER,0-17,M,D
2022,Flood,RES,65+,M,D
2022,Flood,MH,65+,M,D
2022,Flood,VEHICLE,65+,M,D
2022,Flood,VEHICLE,unknown,M,D
2022,Flood,OUTDOOR,65+,M,D
2022,Flood,RES,65+,M,D
2022,Flood,RES,65+,M,D
2022,Flood,VEHICLE,65+,F,D
2022,Flood,VEHICLE,40-64,M,D
2022,Freezing Fog,OUTDOOR,40-64,F,I
2022,Hail,VEHICLE,40-64,F,I
2022,Hail,VEHICLE,unknown,unknown,I
2022,Heat,OTHER,unknown,unknown,D
2022,Heat,RES,65+,F,D
2022,Heat,OUTDOOR,40-64,F,D
2022,Heat,OTHER,unknown,unknown,I
2022,Heat,OTHER,unknown,unknown,D
2022,Heat,OTHER,unknown,unknown,D
2022,Heat,OTHER,unknown,unknown,D
2022,Heat,OTHER,unknown,unknown,D
2022,Heat,OTHER,unknown,unknown,D
2022,Heat,OTHER,unknown,unknown,I
2022,Heat,OTHER,unknown,unknown,D
2022,Heat,OTHER,unknown,unknown,D
2022,Heat,OTHER,unknown,unknown,D
2022,Heat,PUBLIC,18-39,M,D
2022,Heat,OUTDOOR,40-64,M,D
2022,Heat,OUTDOOR,18-39,M,D
2022,Heat,OUTDOOR,40-64,M,D
2022,Heat,OUTDOOR,40-64,M,D
2022,Heat,OUTDOOR,18-39,M,D
2022,Heat,OTHER,unknown,unknown,I
2022,Heat,OTHER,unknown,unknown,D
2022,Heat,RES,65+,M,D
2022,Heat,OUTDOOR,40-64,M,I
2022,Heat,OTHER,65+,M,D
2022,Heat,OUTDOOR,40-64,M,I
2022,Heat,OTHER,unknown,unknown,D
2022,Heat,OTHER,unknown,unknown,D
2022,Heat,OTHER,unknown,unknown,D
2022,Heat,OTHER,unknown,unknown,D
2022,Heat,OTHER,unknown,unknown,I
2022,Heat,OTHER,unknown,unknown,I
2022,Heat,OTHER,unknown,unknown,I
2022,Heat,OTHER,unknown,unknown,I
2022,Heat,OTHER,unknown,unknown,D
2022,Heat,OTHER,unknown,unknown,D
2022,Heat,OTHER,unknown,unknown,I
2022,Heat,OTHER,unknown,unknown,D
2022,Heat,OTHER,unknown,unknown,D
2022,Heat,OTHER,unknown,unknown,D
2022,Heat,OTHER,unknown,unknown,I
2022,Heat,OTHER,unknown,unknown,I
2022,Heat,OTHER,unknown,unknown,I
2022,Heat,OTHER,unknown,unknown,I
2022,Heat,OTHER,unknown,unknown,I
2022,Heat,OTHER,unknown,unknown,D
2022,Heat,OTHER,unknown,unknown,D
2022,Heat,OTHER,unknown,unknown,I
2022,Heat,OUTDOOR,18-39,M,D
2022,Heat,OUTDOOR,65+,M,D
2022,Heat,OUTDOOR,40-64,M,D
2022,Heat,OUTDOOR,40-64,M,D
2022,Heat,OUTDOOR,18-39,M,D
2022,Heat,OTHER,unknown,unknown,D
2022,Heat,OUTDOOR,18-39,M,D
2022,Heat,OUTDOOR,40-64,M,D
2022,Heat,OUTDOOR,40-64,M,I
2022,Heat,OUTDOOR,40-64,M,D
2022,Heat,OUTDOOR,65+,F,D
2022,Heat,OUTDOOR,65+,F,D
2022,Heat,OUTDOOR,65+,M,D
2022,Heat,OTHER,unknown,unknown,I
2022,Heat,OTHER,unknown,unknown,D
2022,Heat,OTHER,unknown,unknown,D
2022,Heat,OTHER,unknown,unknown,D
2022,Heat,OTHER,unknown,unknown,I
2022,Heat,OTHER,unknown,unknown,I
2022,Heat,OTHER,unknown,unknown,I
2022,Heat,OTHER,unknown,unknown,I
2022,Heat,OTHER,unknown,unknown,I
2022,Heat,OTHER,unknown,unknown,D
2022,Heat,OTHER,unknown,unknown,I
2022,Heat,OTHER,unknown,unknown,D
2022,Heat,OTHER,unknown,unknown,D
2022,Heat,OUTDOOR,65+,M,D
2022,Heat,VEHICLE,65+,F,D
2022,Heat,OTHER,unknown,unknown,D
2022,Heat,OTHER,unknown,unknown,D
2022,Heat,OTHER,unknown,unknown,D
2022,Heat,OTHER,unknown,unknown,D
2022,Heat,OTHER,unknown,unknown,D
2022,Heat,OTHER,unknown,unknown,D
2022,Heat,OTHER,unknown,unknown,D
2022,Heat,OTHER,unknown,unknown,I
2022,Heat,VEHICLE,unknown,M,D
2022,Heat,VEHICLE,unknown,M,D
2022,Heat,VEHICLE,unknown,M,D
2022,Heat,VEHICLE,unknown,M,D
2022,Heat,VEHICLE,unknown,M,D
2022,Heat,VEHICLE,unknown,M,D
2022,Heat,VEHICLE,unknown,M,D
2022,Heat,VEHICLE,unknown,M,D
2022,Heat,VEHICLE,unknown,M,D
2022,Heat,VEHICLE,unknown,M,D
2022,Heat,VEHICLE,unknown,M,D
2022,Heat,VEHICLE,unknown,M,D
2022,Heat,OTHER,unknown,unknown,I
2022,Heat,OTHER,unknown,unknown,I
2022,Heat,OTHER,unknown,unknown,I
2022,Heat,OTHER,unknown,unknown,I
2022,Heat,OTHER,unknown,unknown,I
2022,Heat,OTHER,unknown,unknown,I
2022,Heat,OTHER,unknown,unknown,I
2022,Heat,OTHER,unknown,unknown,I
2022,Heat,OTHER,unknown,unknown,I
2022,Heat,VEHICLE,unknown,F,D
2022,Heat,VEHICLE,unknown,F,D
2022,Heat,OTHER,unknown,unknown,I
2022,Heat,OTHER,unknown,unknown,I
2022,Heat,OTHER,unknown,unknown,D
2022,Heat,OTHER,unknown,unknown,D
2022,Heat,OTHER,unknown,unknown,I
2022,Heat,OTHER,unknown,unknown,D
2022,Heat,OTHER,unknown,unknown,D
2022,Heat,OTHER,unknown,unknown,I
2022,Heat,OTHER,unknown,unknown,I
2022,Heat,OTHER,unknown,unknown,I
2022,Heat,OTHER,unknown,unknown,I
2022,Heat,OTHER,unknown,unknown,I
2022,Heat,OTHER,unknown,unknown,I
2022,Heat,OTHER,unknown,unknown,I
2022,Heat,OTHER,unknown,unknown,D
2022,Heat,OTHER,unknown,unknown,I
2022,Heat,OTHER,unknown,unknown,I
2022,Heat,OTHER,unknown,unknown,I
2022,Heat,OTHER,unknown,unknown,D
2022,Heat,OTHER,unknown,unknown,I
2022,Heat,OTHER,unknown,unknown,I
2022,Heat,OTHER,unknown,unknown,I
2022,Heat,OTHER,unknown,unknown,I
2022,Heat,OTHER,unknown,unknown,I
2022,Heat,OTHER,unknown,unknown,I
2022,Heat,OTHER,unknown,unknown,I
2022,Heat,OTHER,unknown,unknown,I
2022,Heat,OTHER,unknown,unknown,D
2022,Heat,OTHER,unknown,unknown,I
2022,Heat,OTHER,unknown,unknown,I
2022,Heat,OTHER,unknown,unknown,I
2022,Heat,OUTDOOR,40-64,M,D
2022,Heat,OTHER,unknown,unknown,I
2022,Heat,OTHER,unknown,unknown,D
2022,Heat,RES,65+,F,D
2022,Heat,RES,65+,M,D
2022,Heat,RES,65+,M,D
2022,Heat,OUTDOOR,18-39,F,D
2022,Heat,OUTDOOR,18-39,M,D
2022,Heat,OUTDOOR,18-39,M,D
2022,Heat,OUTDOOR,18-39,M,D
2022,Heat,MH,65+,F,D
2022,Heat,MH,65+,M,D
2022,Heat,OTHER,unknown,unknown,D
2022,Heat,OTHER,unknown,unknown,D
2022,Heat,OTHER,unknown,unknown,D
2022,Heat,OTHER,unknown,unknown,D
2022,Heat,OTHER,unknown,unknown,D
2022,Heat,OTHER,unknown,unknown,I
2022,Heat,OTHER,unknown,unknown,I
2022,Heat,OTHER,unknown,unknown,D
2022,Heat,OUTDOOR,65+,M,D
2022,Heat,RES,65+,M,D
2022,Heat,RES,65+,F,D
2022,Heat,OUTDOOR,65+,M,D
2022,Heat,OUTDOOR,18-39,M,D
2022,Heat,OUTDOOR,18-39,M,D
2022,Heat,OTHER,unknown,unknown,D
2022,Heat,OTHER,unknown,unknown,D
2022,Heat,OTHER,unknown,unknown,D
2022,Heat,OTHER,unknown,unknown,D
2022,Heat,OTHER,unknown,unknown,D
2022,Heat,OTHER,unknown,unknown,I
2022,Heat,OTHER,unknown,unknown,I
2022,Heat,OTHER,unknown,unknown,D
2022,Heat,OTHER,unknown,unknown,D
2022,Heat,OTHER,unknown,unknown,I
2022,Heat,OTHER,unknown,unknown,D
2022,Heat,OTHER,unknown,unknown,I
2022,Heat,OTHER,unknown,unknown,I
2022,Heat,OTHER,unknown,unknown,I
2022,Heat,OTHER,unknown,unknown,I
2022,Heat,OTHER,unknown,unknown,D
2022,Heat,OTHER,unknown,unknown,D
2022,Heat,OTHER,unknown,unknown,D
2022,Heat,OTHER,unknown,unknown,D
2022,Heat,OTHER,unknown,unknown,D
2022,Heat,OTHER,unknown,unknown,I
2022,Heat,OTHER,unknown,unknown,D
2022,Heat,OTHER,unknown,unknown,D
2022,Heat,OTHER,unknown,unknown,D
2022,Heat,OTHER,unknown,unknown,I
2022,Heat,OTHER,unknown,unknown,D
2022,Heat,OTHER,unknown,unknown,I
2022,Heat,OTHER,unknown,unknown,I
2022,Heat,OTHER,unknown,unknown,I
2022,Heat,OTHER,unknown,unknown,I
2022,Heat,OTHER,unknown,unknown,I
2022,Heat,OTHER,unknown,unknown,I
2022,Heat,OTHER,unknown,unknown,D
2022,Heat,OTHER,unknown,unknown,D
2022,Heat,OTHER,unknown,unknown,I
2022,Heat,OTHER,unknown,unknown,I
2022,Heat,OUTDOOR,18-39,M,D
2022,Heat,OUTDOOR,18-39,F,D
2022,Heat,OTHER,unknown,unknown,D
2022,Heat,OTHER,unknown,unknown,D
2022,Heat,OTHER,unknown,unknown,I
2022,Heat,OTHER,unknown,unknown,D
2022,Heat,OTHER,unknown,unknown,D
2022,Heat,OTHER,unknown,unknown,D
2022,Heat,OTHER,unknown,unknown,I
2022,Heat,OTHER,unknown,unknown,I
2022,Heat,OTHER,unknown,unknown,D
2022,Heat,OTHER,unknown,unknown,I
2022,Heat,OTHER,unknown,unknown,D
2022,Heat,OTHER,unknown,unknown,D
2022,Heat,OTHER,unknown,unknown,D
2022,Heat,MH,65+,F,I
2022,Heat,OUTDOOR,18-39,F,D
2022,Heat,OTHER,unknown,unknown,I
2022,Heat,OTHER,unknown,unknown,I
2022,Heat,OTHER,unknown,unknown,I
2022,Heat,OTHER,unknown,unknown,I
2022,Heat,OTHER,unknown,unknown,I
2022,Heat,OTHER,unknown,unknown,D
2022,Heat,OTHER,unknown,unknown,D
2022,Heat,OTHER,unknown,unknown,D
2022,Heat,OTHER,unknown,unknown,I
2022,Heat,OTHER,unknown,unknown,I
2022,Heat,OTHER,unknown,unknown,D
2022,Heat,OUTDOOR,18-39,F,D
2022,Heat,OUTDOOR,40-64,M,D
2022,Heat,OTHER,unknown,unknown,D
2022,Heat,VEHICLE,0-17,M,D
2022,Heat,VEHICLE,unknown,M,D
2022,Heat,VEHICLE,unknown,M,D
2022,Heat,VEHICLE,unknown,M,D
2022,Heat,VEHICLE,unknown,M,D
2022,Heat,VEHICLE,unknown,M,D
2022,Heat,VEHICLE,unknown,M,D
2022,Heat,VEHICLE,unknown,M,D
2022,Heat,VEHICLE,unknown,M,D
2022,Heat,VEHICLE,unknown,M,D
2022,Heat,VEHICLE,unknown,M,D
2022,Heat,VEHICLE,unknown,M,D
2022,Heat,OTHER,unknown,unknown,I
2022,Heat,OTHER,unknown,unknown,D
2022,Heat,OTHER,unknown,unknown,I
2022,Heat,OTHER,unknown,unknown,I
2022,Heat,OTHER,unknown,unknown,D
2022,Heat,OTHER,unknown,unknown,I
2022,Heat,OTHER,unknown,unknown,I
2022,Heat,OUTDOOR,40-64,M,D
2022,Heat,OTHER,unknown,unknown,I
2022,Heat,OTHER,unknown,unknown,D
2022,Heat,OUTDOOR,18-39,M,D
2022,Heat,OUTDOOR,65+,M,D
2022,Heat,OUTDOOR,18-39,M,D
2022,Heat,OUTDOOR,65+,M,I
2022,Heat,OUTDOOR,65+,F,D
2022,Heat,OTHER,unknown,unknown,I
2022,Heat,OTHER,unknown,unknown,I
2022,Heat,OTHER,unknown,unknown,I
2022,Heat,OTHER,unknown,unknown,I
2022,Heat,OTHER,unknown,unknown,I
2022,Heat,OUTDOOR,65+,M,D
2022,Heat,OTHER,unknown,unknown,I
2022,Heat,OTHER,unknown,unknown,I
2022,Heat,OTHER,unknown,unknown,I
2022,Heat,OTHER,unknown,unknown,I
2022,Heat,OTHER,unknown,unknown,I
2022,Heat,OTHER,unknown,unknown,I
2022,Heat,OTHER,unknown,unknown,D
2022,Heat,OTHER,unknown,unknown,D
2022,Heat,OTHER,unknown,unknown,I
2022,Heat,OTHER,unknown,unknown,D
2022,Heat,OTHER,unknown,unknown,D
2022,Heat,OTHER,unknown,unknown,I
2022,Heat,OTHER,unknown,unknown,I
2022,Heat,OTHER,unknown,unknown,I
2022,Heat,OTHER,unknown,unknown,I
2022,Heat,OTHER,unknown,unknown,D
2022,Heat,OTHER,unknown,unknown,I
2022,Heat,OTHER,unknown,unknown,I
2022,Heat,OTHER,unknown,unknown,I
2022,Heat,OTHER,unknown,unknown,I
2022,Heat,OTHER,unknown,unknown,I
2022,Heat,OTHER,unknown,unknown,I
2022,Heat,OTHER,unknown,unknown,I
2022,Heat,OTHER,40-64,M,D
2022,Heat,OTHER,18-39,M,D
2022,Heat,OTHER,65+,F,D
2022,Heat,OTHER,unknown,unknown,I
2022,Heat,OUTDOOR,40-64,M,D
2022,Heat,OUTDOOR,18-39,M,D
2022,Heat,OUTDOOR,18-39,M,D
2022,Heat,OUTDOOR,65+,F,I
2022,Heat,OTHER,40-64,M,I
2022,Heat,OUTDOOR,65+,F,I
2022,Heat,OTHER,unknown,unknown,I
2022,Heat,OTHER,unknown,unknown,I
2022,Heat,RES,65+,M,I
2022,Heat,OTHER,unknown,unknown,D
2022,Heat,OTHER,unknown,unknown,D
2022,Heat,RES,65+,M,I
2022,Heat,OUTDOOR,40-64,M,I
2022,Heat,OUTDOOR,40-64,M,D
2022,Heat,VEHICLE,40-64,M,D
2022,Heat,PUBLIC,40-64,M,D
2022,Heat,OUTDOOR,65+,F,I
2022,Heat,OUTDOOR,65+,F,D
2022,Heat,RES,65+,M,I
2022,Heat,RES,65+,M,I
2022,Heat,OUTDOOR,40-64,F,I
2022,Heat,OTHER,unknown,unknown,D
2022,Heat,OUTDOOR,40-64,M,I
2022,Heat,VEHICLE,0-17,M,D
2022,Heat,OUTDOOR,40-64,M,D
2022,Heat,OUTDOOR,40-64,M,I
2022,Heat,OTHER,unknown,unknown,D
2022,Heat,OTHER,unknown,unknown,D
2022,Heat,OTHER,unknown,unknown,D
2022,Heat,VEHICLE,unknown,F,D
2022,Heat,VEHICLE,unknown,F,D
2022,Heat,VEHICLE,unknown,F,D
2022,Heat,OTHER,unknown,unknown,D
2022,Heat,VEHICLE,unknown,F,D
2022,Heat,VEHICLE,unknown,F,D
2022,Heat,OTHER,unknown,unknown,D
2022,Heat,OTHER,unknown,unknown,I
2022,Heat,OTHER,unknown,unknown,D
2022,Heat,OTHER,unknown,unknown,D
2022,Heat,OTHER,unknown,unknown,D
2022,Heat,OTHER,unknown,unknown,I
2022,Heat,OTHER,unknown,unknown,I
2022,Heat,OTHER,unknown,unknown,I
2022,Heat,OTHER,unknown,unknown,I
2022,Heat,OTHER,unknown,unknown,I
2022,Heat,OTHER,unknown,unknown,I
2022,Heat,OTHER,unknown,unknown,I
2022,Heat,OTHER,unknown,unknown,I
2022,Heat,OTHER,unknown,unknown,I
2022,Heat,OTHER,unknown,unknown,I
2022,Heat,VEHICLE,unknown,F,D
2022,Heat,VEHICLE,unknown,F,D
2022,Heat,VEHICLE,unknown,F,D
2022,Heat,OTHER,unknown,unknown,I
2022,Heat,OTHER,unknown,unknown,D
2022,Heat,OTHER,unknown,unknown,I
2022,Heat,OTHER,unknown,unknown,D
2022,Heat,OTHER,unknown,unknown,D
2022,Heat,OTHER,unknown,unknown,D
2022,Heat,OTHER,unknown,unknown,D
2022,Heat,OTHER,unknown,unknown,D
2022,Heat,OTHER,unknown,unknown,D
2022,Heat,OTHER,unknown,unknown,D
2022,Heat,OTHER,unknown,unknown,D
2022,Heat,OTHER,unknown,unknown,D
2022,Heat,OTHER,unknown,unknown,I
2022,Heat,OTHER,unknown,unknown,I
2022,Heat,OTHER,unknown,unknown,D
2022,Heat,OTHER,unknown,unknown,D
2022,Heat,OTHER,unknown,unknown,I
2022,Heat,OTHER,unknown,unknown,D
2022,Heat,VEHICLE,unknown,M,D
2022,Heat,VEHICLE,unknown,M,D
2022,Heat,VEHICLE,unknown,M,D
2022,Heat,VEHICLE,unknown,M,D
2022,Heat,VEHICLE,unknown,M,D
2022,Heat,VEHICLE,unknown,M,D
2022,Heat,VEHICLE,unknown,M,D
2022,Heat,VEHICLE,unknown,M,D
2022,Heat,VEHICLE,unknown,M,D
2022,Heat,VEHICLE,unknown,M,D
2022,Heat,VEHICLE,unknown,M,D
2022,Heat,VEHICLE,unknown,M,D
2022,Heat,VEHICLE,unknown,M,D
2022,Heat,VEHICLE,unknown,M,D
2022,Heat,VEHICLE,unknown,M,D
2022,Heat,VEHICLE,unknown,M,D
2022,Heat,VEHICLE,unknown,M,D
2022,Heat,VEHICLE,unknown,F,D
2022,Heat,VEHICLE,unknown,F,D
2022,Heat,VEHICLE,unknown,F,D
2022,Heavy Rain,OUTDOOR,40-64,M,D
2022,Heavy Rain,OTHER,unknown,M,D
2022,Heavy Rain,OUTDOOR,40-64,M,D
2022,Heavy Snow,OUTDOOR,18-39,M,I
2022,Heavy Snow,VEHICLE,unknown,unknown,I
2022,Heavy Snow,VEHICLE,unknown,unknown,I
2022,Heavy Snow,VEHICLE,18-39,F,D
2022,Heavy Snow,VEHICLE,18-39,F,I
2022,High Surf,WATER,40-64,M,D
2022,High Surf,WATER,40-64,M,D
2022,High Surf,WATER,40-64,M,D
2022,High Surf,OUTDOOR,65+,F,D
2022,High Surf,OTHER,unknown,M,D
2022,High Wind,VEHICLE,18-39,M,D
2022,High Wind,OUTDOOR,40-64,F,D
2022,High Wind,OUTDOOR,40-64,M,D
2022,High Wind,OTHER,65+,M,I
2022,High Wind,VEHICLE,40-64,M,D
2022,High Wind,VEHICLE,40-64,F,D
2022,High Wind,VEHICLE,40-64,M,D
2022,High Wind,VEHICLE,unknown,M,I
2022,High Wind,VEHICLE,18-39,F,D
2022,High Wind,VEHICLE,0-17,F,D
2022,Hurricane (Typhoon),OTHER,unknown,unknown,D
2022,Hurricane (Typhoon),OTHER,unknown,unknown,D
2022,Hurricane (Typhoon),OTHER,unknown,unknown,D
2022,Hurricane (Typhoon),OTHER,unknown,unknown,D
2022,Hurricane (Typhoon),OTHER,unknown,unknown,D
2022,Hurricane (Typhoon),OTHER,unknown,unknown,D
2022,Hurricane (Typhoon),OTHER,unknown,unknown,D
2022,Hurricane (Typhoon),OTHER,unknown,unknown,D
2022,Hurricane (Typhoon),OTHER,unknown,unknown,D
2022,Hurricane (Typhoon),OTHER,unknown,unknown,D
2022,Hurricane (Typhoon),OTHER,unknown,unknown,D
2022,Hurricane (Typhoon),OTHER,unknown,unknown,D
2022,Hurricane (Typhoon),OTHER,unknown,unknown,D
2022,Hurricane (Typhoon),OTHER,unknown,unknown,D
2022,Hurricane (Typhoon),OTHER,unknown,unknown,D
2022,Hurricane (Typhoon),OTHER,unknown,unknown,D
2022,Hurricane (Typhoon),OTHER,unknown,unknown,D
2022,Hurricane (Typhoon),OTHER,unknown,unknown,D
2022,Hurricane (Typhoon),OTHER,unknown,unknown,D
2022,Hurricane (Typhoon),OTHER,unknown,unknown,D
2022,Hurricane (Typhoon),OTHER,unknown,unknown,D
2022,Hurricane (Typhoon),OTHER,unknown,unknown,D
2022,Hurricane (Typhoon),OTHER,unknown,unknown,D
2022,Hurricane (Typhoon),OTHER,unknown,unknown,D
2022,Hurricane (Typhoon),OTHER,unknown,unknown,D
2022,Hurricane (Typhoon),OTHER,unknown,unknown,D
2022,Hurricane (Typhoon),OTHER,unknown,unknown,D
2022,Hurricane (Typhoon),OTHER,unknown,unknown,D
2022,Hurricane (Typhoon),OTHER,unknown,unknown,D
2022,Hurricane (Typhoon),OTHER,unknown,unknown,D
2022,Hurricane (Typhoon),OTHER,unknown,unknown,D
2022,Hurricane (Typhoon),OTHER,unknown,unknown,D
2022,Hurricane (Typhoon),OTHER,unknown,unknown,D
2022,Hurricane (Typhoon),OTHER,unknown,unknown,D
2022,Hurricane (Typhoon),OTHER,unknown,unknown,D
2022,Hurricane (Typhoon),OTHER,unknown,unknown,D
2022,Hurricane (Typhoon),OTHER,unknown,unknown,D
2022,Hurricane (Typhoon),OTHER,unknown,unknown,D
2022,Hurricane (Typhoon),OTHER,unknown,unknown,D
2022,Hurricane (Typhoon),OTHER,unknown,unknown,D
2022,Hurricane (Typhoon),OTHER,unknown,unknown,D
2022,Hurricane (Typhoon),OTHER,unknown,unknown,D
2022,Hurricane (Typhoon),OTHER,unknown,unknown,D
2022,Hurricane (Typhoon),OTHER,unknown,unknown,D
2022,Hurricane (Typhoon),OTHER,unknown,unknown,D
2022,Hurricane (Typhoon),OTHER,unknown,unknown,D
2022,Hurricane (Typhoon),OTHER,unknown,unknown,D
2022,Hurricane (Typhoon),OTHER,unknown,unknown,D
2022,Hurricane (Typhoon),OTHER,unknown,unknown,D
2022,Hurricane (Typhoon),OTHER,unknown,unknown,D
2022,Hurricane (Typhoon),OTHER,unknown,unknown,D
2022,Hurricane (Typhoon),OTHER,unknown,unknown,D
2022,Hurricane (Typhoon),OTHER,unknown,unknown,D
2022,Hurricane (Typhoon),OUTDOOR,65+,M,I
2022,Hurricane (Typhoon),RES,40-64,F,I
2022,Hurricane (Typhoon),PUBLIC,65+,F,I
2022,Hurricane (Typhoon),PUBLIC,65+,M,I
2022,Hurricane (Typhoon),OTHER,unknown,unknown,D
2022,Hurricane (Typhoon),OTHER,unknown,unknown,D
2022,Hurricane (Typhoon),OTHER,unknown,unknown,D
2022,Hurricane (Typhoon),OTHER,unknown,unknown,D
2022,Hurricane (Typhoon),OTHER,unknown,unknown,D
2022,Hurricane (Typhoon),OTHER,unknown,unknown,D
2022,Hurricane (Typhoon),OTHER,unknown,unknown,D
2022,Hurricane (Typhoon),OTHER,unknown,unknown,D
2022,Hurricane (Typhoon),OTHER,unknown,unknown,D
2022,Hurricane (Typhoon),OTHER,unknown,unknown,D
2022,Hurricane (Typhoon),OTHER,unknown,unknown,D
2022,Hurricane (Typhoon),OTHER,unknown,unknown,D
2022,Hurricane (Typhoon),OTHER,unknown,unknown,D
2022,Hurricane (Typhoon),OTHER,unknown,unknown,D
2022,Hurricane (Typhoon),OTHER,unknown,unknown,D
2022,Hurricane (Typhoon),OTHER,unknown,unknown,D
2022,Hurricane (Typhoon),OTHER,unknown,unknown,D
2022,Hurricane (Typhoon),OTHER,unknown,unknown,D
2022,Hurricane (Typhoon),OTHER,unknown,unknown,D
2022,Hurricane (Typhoon),OTHER,unknown,unknown,D
2022,Hurricane (Typhoon),OTHER,unknown,unknown,D
2022,Hurricane (Typhoon),OTHER,unknown,unknown,D
2022,Hurricane (Typhoon),OTHER,unknown,unknown,D
2022,Hurricane (Typhoon),OTHER,unknown,unknown,D
2022,Hurricane (Typhoon),OTHER,unknown,unknown,D
2022,Hurricane (Typhoon),OTHER,unknown,unknown,D
2022,Hurricane (Typhoon),OTHER,18-39,M,I
2022,Hurricane (Typhoon),RES,65+,M,I
2022,Hurricane (Typhoon),OTHER,18-39,M,I
2022,Hurricane (Typhoon),RES,65+,M,I
2022,Hurricane (Typhoon),OTHER,unknown,unknown,D
2022,Hurricane (Typhoon),OTHER,unknown,unknown,D
2022,Hurricane (Typhoon),OTHER,unknown,unknown,D
2022,Hurricane (Typhoon),OTHER,unknown,unknown,D
2022,Hurricane (Typhoon),OTHER,unknown,unknown,D
2022,Hurricane (Typhoon),OTHER,unknown,unknown,D
2022,Ice Storm,VEHICLE,18-39,M,D
2022,Ice Storm,VEHICLE,40-64,M,I
2022,Lake-Effect Snow,OUTDOOR,65+,M,D
2022,Lake-Effect Snow,OUTDOOR,unknown,unknown,I
2022,Lake-Effect Snow,OUTDOOR,unknown,unknown,I
2022,Lightning,OUTDOOR,18-39,M,D
2022,Lightning,OUTDOOR,unknown,F,D
2022,Lightning,OUTDOOR,unknown,M,I
2022,Lightning,WATER,18-39,M,D
2022,Lightning,OUTDOOR,40-64,M,D
2022,Lightning,OUTDOOR,40-64,M,D
2022,Lightning,OUTDOOR,18-39,M,D
2022,Lightning,OUTDOOR,18-39,M,D
2022,Lightning,WATER,18-39,M,D
2022,Lightning,OUTDOOR,18-39,M,D
2022,Lightning,OTHER,unknown,unknown,D
2022,Lightning,OUTDOOR,65+,M,D
2022,Lightning,OUTDOOR,65+,F,D
2022,Lightning,OUTDOOR,18-39,M,D
2022,Lightning,WATER,0-17,M,D
2022,Lightning,WATER,0-17,M,D
2022,Lightning,OUTDOOR,40-64,F,D
2022,Lightning,OTHER,65+,M,D
2022,Lightning,OUTDOOR,18-39,M,D
2022,Rip Current,WATER,18-39,M,D
2022,Rip Current,WATER,18-39,M,D
2022,Rip Current,WATER,40-64,M,D
2022,Rip Current,WATER,0-17,M,D
2022,Rip Current,WATER,unknown,M,D
2022,Rip Current,WATER,40-64,F,D
2022,Rip Current,WATER,40-64,M,D
2022,Rip Current,WATER,18-39,M,D
2022,Rip Current,OTHER,65+,M,D
2022,Rip Current,WATER,40-64,M,D
2022,Rip Current,WATER,40-64,M,D
2022,Rip Current,WATER,unknown,M,D
2022,Rip Current,WATER,18-39,M,D
2022,Rip Current,WATER,40-64,M,D
2022,Rip Current,WATER,40-64,F,D
2022,Rip Current,WATER,40-64,M,D
2022,Rip Current,WATER,18-39,M,D
2022,Rip Current,WATER,18-39,F,D
2022,Rip Current,WATER,18-39,M,D
2022,Rip Current,WATER,0-17,M,D
2022,Rip Current,WATER,0-17,M,D
2022,Rip Current,WATER,18-39,F,D
2022,Rip Current,WATER,65+,F,D
2022,Rip Current,WATER,18-39,M,D
2022,Rip Current,WATER,0-17,F,D
2022,Rip Current,WATER,65+,M,D
2022,Rip Current,WATER,18-39,M,D
2022,Rip Current,WATER,18-39,M,D
2022,Rip Current,WATER,18-39,F,D
2022,Rip Current,WATER,40-64,M,D
2022,Rip Current,WATER,0-17,F,D
2022,Rip Current,WATER,18-39,M,D
2022,Rip Current,WATER,0-17,M,D
2022,Rip Current,WATER,0-17,F,D
2022,Rip Current,WATER,0-17,unknown,D
2022,Rip Current,WATER,65+,M,D
2022,Rip Current,WATER,unknown,M,D
2022,Rip Current,WATER,65+,F,D
2022,Rip Current,WATER,unknown,M,D
2022,Rip Current,WATER,40-64,M,D
2022,Rip Current,WATER,0-17,M,D
2022,Rip Current,WATER,18-39,M,D
2022,Rip Current,WATER,40-64,F,D
2022,Rip Current,WATER,0-17,M,D
2022,Rip Current,WATER,40-64,M,D
2022,Rip Current,WATER,0-17,M,D
2022,Sleet,VEHICLE,unknown,F,I
2022,Sneakerwave,OTHER,unknown,unknown,D
2022,Storm Surge/Tide,OTHER,unknown,unknown,I
2022,Storm Surge/Tide,OTHER,unknown,unknown,I
2022,Storm Surge/Tide,RES,40-64,F,D
2022,Storm Surge/Tide,RES,40-64,M,I
2022,Storm Surge/Tide,RES,40-64,F,I
2022,Storm Surge/Tide,WATER,unknown,unknown,D
2022,Storm Surge/Tide,RES,65+,F,D
2022,Storm Surge/Tide,RES,65+,F,D
2022,Storm Surge/Tide,RES,65+,F,I
2022,Strong Wind,OUTDOOR,unknown,unknown,D
2022,Strong Wind,OUTDOOR,0-17,F,D
2022,Strong Wind,OUTDOOR,65+,M,D
2022,Strong Wind,WATER,unknown,M,I
2022,Strong Wind,RES,unknown,unknown,D
2022,Strong Wind,VEHICLE,18-39,F,D
2022,Strong Wind,VEHICLE,40-64,M,I
2022,Strong Wind,VEHICLE,18-39,M,I
2022,Strong Wind,VEHICLE,unknown,M,D
2022,Strong Wind,VEHICLE,18-39,M,D
2022,Strong Wind,WATER,unknown,F,I
2022,Strong Wind,WATER,unknown,M,I
2022,Strong Wind,OUTDOOR,0-17,M,D
2022,Thunderstorm Wind,VEHICLE,40-64,F,D
2022,Thunderstorm Wind,VEHICLE,18-39,F,D
2022,Thunderstorm Wind,OUTDOOR,unknown,M,D
2022,Thunderstorm Wind,RES,65+,F,D
2022,Thunderstorm Wind,RES,0-17,F,D
2022,Thunderstorm Wind,VEHICLE,40-64,M,D
2022,Thunderstorm Wind,VEHICLE,unknown,M,D
2022,Thunderstorm Wind,OUTDOOR,unknown,unknown,D
2022,Thunderstorm Wind,VEHICLE,40-64,F,D
2022,Thunderstorm Wind,OUTDOOR,unknown,unknown,D
2022,Thunderstorm Wind,VEHICLE,18-39,F,D
2022,Thunderstorm Wind,VEHICLE,0-17,M,D
2022,Thunderstorm Wind,VEHICLE,18-39,F,I
2022,Thunderstorm Wind,OTHER,18-39,M,D
2022,Thunderstorm Wind,VEHICLE,unknown,F,D
2022,Thunderstorm Wind,VEHICLE,18-39,M,I
2022,Thunderstorm Wind,VEHICLE,65+,M,I
2022,Thunderstorm Wind,OUTDOOR,18-39,M,D
2022,Thunderstorm Wind,VEHICLE,65+,M,I
2022,Thunderstorm Wind,VEHICLE,unknown,unknown,D
2022,Thunderstorm Wind,VEHICLE,65+,M,D
2022,Thunderstorm Wind,OUTDOOR,65+,M,D
2022,Thunderstorm Wind,PUBLIC,unknown,M,D
2022,Thunderstorm Wind,VEHICLE,40-64,M,D
2022,Thunderstorm Wind,MH,18-39,F,D
2022,Thunderstorm Wind,OUTDOOR,65+,F,D
2022,Thunderstorm Wind,OUTDOOR,18-39,M,D
2022,Thunderstorm Wind,OUTDOOR,0-17,F,D
2022,Thunderstorm Wind,WATER,0-17,F,D
2022,Thunderstorm Wind,VEHICLE,65+,M,I
2022,Thunderstorm Wind,WATER,18-39,M,D
2022,Thunderstorm Wind,VEHICLE,40-64,M,D
2022,Thunderstorm Wind,RES,0-17,F,D
2022,Thunderstorm Wind,OUTDOOR,40-64,M,D
2022,Thunderstorm Wind,WATER,40-64,M,D
2022,Thunderstorm Wind,OTHER,unknown,M,D
2022,Tornado,RES,40-64,F,D
2022,Tornado,RES,18-39,M,D
2022,Tornado,MH,40-64,F,D
2022,Tornado,RES,0-17,F,D
2022,Tornado,RES,0-17,M,D
2022,Tornado,RES,40-64,M,D
2022,Tornado,MH,65+,F,D
2022,Tornado,RES,65+,F,D
2022,Tornado,VEHICLE,40-64,M,D
2022,Tornado,MH,65+,F,D
2022,Tornado,MH,65+,F,D
2022,Tornado,MH,65+,M,D
2022,Tornado,MH,unknown,unknown,D
2022,Tornado,MH,18-39,F,D
2022,Tornado,MH,unknown,M,D
2022,Tornado,MH,unknown,F,D
2022,Tornado,MH,unknown,unknown,D
2022,Tornado,MH,0-17,M,D
2022,Tornado,MH,65+,F,D
2022,Tornado,MH,65+,F,D
2022,Tornado,VEHICLE,18-39,M,D
2022,Tornado,MH,18-39,F,D
2022,Tornado,MH,0-17,M,D
2022,Tornado,RES,18-39,F,I
2022,Tornado,MH,40-64,F,D
2022,Tropical Storm,OTHER,unknown,unknown,D
2022,Tropical Storm,VEHICLE,18-39,F,D
2022,Tropical Storm,OTHER,unknown,unknown,D
2022,Tropical Storm,OUTDOOR,18-39,M,I
2022,Tropical Storm,OTHER,unknown,unknown,D
2022,Tropical Storm,RES,65+,M,I
2022,Tropical Storm,OUTDOOR,18-39,F,I
2022,Tropical Storm,OUTDOOR,18-39,M,I
2022,Tropical Storm,OTHER,unknown,unknown,D
2022,Tropical Storm,OTHER,unknown,unknown,D
2022,Tropical Storm,VEHICLE,18-39,F,D
2022,Tropical Storm,VEHICLE,18-39,M,D
2022,Tropical Storm,VEHICLE,18-39,M,I
2022,Tropical Storm,RES,65+,F,I
2022,Tropical Storm,OUTDOOR,65+,M,I
2022,Tropical Storm,VEHICLE,18-39,M,D
2022,Tropical Storm,OUTDOOR,65+,F,I
2022,Tropical Storm,OUTDOOR,65+,M,D
2022,Tropical Storm,VEHICLE,18-39,M,D
2022,Wildfire,RES,65+,F,D
2022,Wildfire,RES,unknown,M,D
2022,Wildfire,OUTDOOR,18-39,M,I
2022,Wildfire,VEHICLE,unknown,unknown,I
2022,Wildfire,RES,unknown,F,D
2022,Wildfire,RES,65+,F,D
2022,Wildfire,OUTDOOR,18-39,M,I
2022,Wildfire,VEHICLE,40-64,M,I
2022,Wildfire,RES,65+,F,D
2022,Wildfire,OTHER,65+,F,D
2022,Wildfire,OTHER,65+,M,D
2022,Wildfire,OTHER,65+,M,D
2022,Wildfire,OTHER,unknown,unknown,D
2022,Wildfire,OTHER,unknown,unknown,D
2022,Wildfire,OUTDOOR,40-64,F,D
2022,Wildfire,OTHER,40-64,M,I
2022,Wildfire,VEHICLE,65+,M,D
2022,Wildfire,VEHICLE,40-64,F,D
2022,Winter Storm,VEHICLE,40-64,F,I
2022,Winter Storm,VEHICLE,18-39,F,I
2022,Winter Storm,MH,40-64,M,I
2022,Winter Storm,RES,65+,M,D
2022,Winter Storm,RES,unknown,F,I
2022,Winter Storm,VEHICLE,0-17,F,I
2022,Winter Storm,VEHICLE,18-39,M,I
2022,Winter Storm,OUTDOOR,40-64,M,I
2022,Winter Storm,VEHICLE,65+,F,I
2022,Winter Storm,VEHICLE,18-39,F,I
2022,Winter Storm,OUTDOOR,65+,M,I
2022,Winter Storm,VEHICLE,65+,M,I
2022,Winter Storm,VEHICLE,18-39,M,I
2022,Winter Storm,VEHICLE,40-64,M,I
2022,Winter Storm,VEHICLE,18-39,M,I
2022,Winter Storm,VEHICLE,unknown,M,I
2022,Winter Storm,OUTDOOR,65+,M,I
2022,Winter Storm,OUTDOOR,40-64,M,I
2022,Winter Storm,VEHICLE,unknown,M,I
2022,Winter Weather,VEHICLE,18-39,M,I
2022,Winter Weather,VEHICLE,40-64,M,I
2022,Winter Weather,VEHICLE,65+,F,D
2022,Winter Weather,OTHER,unknown,unknown,I
2022,Winter Weather,VEHICLE,40-64,F,I
2022,Winter Weather,VEHICLE,18-39,F,I
2022,Winter Weather,OUTDOOR,18-39,F,I
2022,Winter Weather,VEHICLE,40-64,M,I
2022,Winter Weather,OTHER,18-39,F,D
2022,Winter Weather,VEHICLE,unknown,unknown,D
2022,Winter Weather,VEHICLE,40-64,F,I
2022,Winter Weather,VEHICLE,unknown,unknown,I
2022,Winter Weather,OTHER,unknown,unknown,I
2022,Winter Weather,VEHICLE,40-64,M,D
2022,Winter Weather,VEHICLE,40-64,M,I
2022,Winter Weather,VEHICLE,unknown,F,D
2022,Winter Weather,VEHICLE,unknown,F,D
2022,Winter Weather,VEHICLE,unknown,M,D
2022,Winter Weather,VEHICLE,0-17,F,I
2022,Winter Weather,VEHICLE,40-64,M,D
2022,Winter Weather,VEHICLE,40-64,F,I
2022,Winter Weather,OUTDOOR,40-64,M,D
2022,Winter Weather,VEHICLE,unknown,M,D
2022,Winter Weather,VEHICLE,unknown,unknown,D
2022,Winter Weather,VEHICLE,65+,M,I
2022,Winter Weather,VEHICLE,unknown,M,D
2022,Winter Weather,VEHICLE,unknown,M,D
2022,Winter Weather,VEHICLE,unknown,M,I
2022,Winter Weather,VEHICLE,40-64,F,I
2022,Winter Weather,VEHICLE,65+,M,I
2022,Winter Weather,VEHICLE,65+,M,I
2022,Winter Weather,VEHICLE,40-64,M,I
2022,Winter Weather,VEHICLE,18-39,F,I
2022,Winter Weather,VEHICLE,40-64,F,D
2022,Winter Weather,VEHICLE,18-39,F,D
2022,Winter Weather,VEHICLE,40-64,M,I
2022,Winter Weather,VEHICLE,18-39,M,I
2022,Winter Weather,VEHICLE,65+,M,I
2022,Winter Weather,VEHICLE,40-64,F,I
2023,Avalanche,OUTDOOR,65+,M,D
2023,Avalanche,OUTDOOR,unknown,unknown,D
2023,Avalanche,PUBLIC,40-64,M,I
2023,Avalanche,OUTDOOR,18-39,M,D
2023,Avalanche,OUTDOOR,18-39,M,D
2023,Avalanche,OUTDOOR,40-64,M,D
2023,Avalanche,OUTDOOR,18-39,M,D
2023,Avalanche,OUTDOOR,0-17,M,D
2023,Avalanche,OUTDOOR,18-39,M,D
2023,Avalanche,OUTDOOR,40-64,M,D
2023,Avalanche,OUTDOOR,0-17,F,D
2023,Avalanche,OUTDOOR,40-64,M,D
2023,Avalanche,OUTDOOR,40-64,M,D
2023,Avalanche,OUTDOOR,40-64,M,D
2023,Avalanche,OUTDOOR,unknown,M,D
2023,Avalanche,OUTDOOR,18-39,M,D
2023,Avalanche,OTHER,unknown,M,D
2023,Avalanche,OTHER,unknown,M,D
2023,Avalanche,OUTDOOR,40-64,F,D
2023,Cold/Wind Chill,OUTDOOR,40-64,M,D
2023,Cold/Wind Chill,OUTDOOR,0-17,F,D
2023,Cold/Wind Chill,WATER,0-17,M,D
2023,Cold/Wind Chill,OUTDOOR,65+,F,D
2023,Cold/Wind Chill,OUTDOOR,40-64,M,I
2023,Cold/Wind Chill,OUTDOOR,40-64,F,D
2023,Cold/Wind Chill,OUTDOOR,40-64,F,D
2023,Cold/Wind Chill,MH,40-64,F,D
2023,Cold/Wind Chill,WATER,18-39,F,D
2023,Cold/Wind Chill,WATER,18-39,M,D
2023,Cold/Wind Chill,OUTDOOR,65+,F,D
2023,Cold/Wind Chill,OUTDOOR,40-64,M,D
2023,Debris Flow,RES,18-39,F,D
2023,Debris Flow,RES,40-64,M,D
2023,Debris Flow,RES,0-17,F,D
2023,Debris Flow,RES,0-17,F,D
2023,Debris Flow,RES,0-17,M,D
2023,Debris Flow,RES,65+,M,D
2023,Dense Fog,VEHICLE,18-39,M,I
2023,Dense Fog,VEHICLE,65+,M,I
2023,Dense Fog,VEHICLE,40-64,M,I
2023,Dense Fog,VEHICLE,65+,M,I
2023,Dense Fog,VEHICLE,0-17,M,I
2023,Dense Fog,VEHICLE,18-39,F,I
2023,Dense Fog,VEHICLE,40-64,M,I
2023,Dense Fog,VEHICLE,40-64,M,I
2023,Dense Fog,VEHICLE,18-39,F,I
2023,Dense Fog,VEHICLE,40-64,M,I
2023,Dense Fog,OUTDOOR,18-39,M,I
2023,Dense Fog,VEHICLE,65+,F,I
2023,Dense Fog,OUTDOOR,18-39,M,I
2023,Dense Fog,OUTDOOR,18-39,M,I
2023,Dense Fog,VEHICLE,18-39,F,I
2023,Dense Fog,VEHICLE,40-64,F,I
2023,Dust Storm,VEHICLE,40-64,M,D
2023,Dust Storm,VEHICLE,40-64,F,D
2023,Dust Storm,VEHICLE,65+,F,D
2023,Dust Storm,VEHICLE,unknown,unknown,D
2023,Dust Storm,VEHICLE,unknown,unknown,D
2023,Dust Storm,VEHICLE,unknown,unknown,D
2023,Dust Storm,VEHICLE,65+,F,D
2023,Dust Storm,VEHICLE,40-64,M,D
2023,Dust Storm,VEHICLE,65+,M,D
2023,Dust Storm,VEHICLE,65+,F,D
2023,Dust Storm,VEHICLE,40-64,M,D
2023,Excessive Heat,OTHER,unknown,unknown,I
2023,Excessive Heat,OTHER,unknown,unknown,I
2023,Excessive Heat,RES,40-64,M,I
2023,Excessive Heat,OTHER,unknown,unknown,D
2023,Excessive Heat,OTHER,unknown,unknown,D
2023,Excessive Heat,OTHER,unknown,unknown,D
2023,Excessive Heat,OTHER,unknown,unknown,D
2023,Excessive Heat,RES,unknown,unknown,D
2023,Excessive Heat,OTHER,unknown,unknown,D
2023,Excessive Heat,OTHER,unknown,unknown,D
2023,Excessive Heat,OTHER,unknown,unknown,D
2023,Excessive Heat,OTHER,unknown,unknown,D
2023,Excessive Heat,OTHER,unknown,unknown,D
2023,Excessive Heat,RES,40-64,M,I
2023,Excessive Heat,OUTDOOR,18-39,M,D
2023,Excessive Heat,PUBLIC,40-64,M,I
2023,Excessive Heat,RES,40-64,M,D
2023,Excessive Heat,OTHER,unknown,unknown,I
2023,Excessive Heat,OTHER,unknown,unknown,I
2023,Excessive Heat,OTHER,unknown,unknown,D
2023,Excessive Heat,RES,40-64,M,I
2023,Excessive Heat,RES,40-64,F,I
2023,Excessive Heat,OUTDOOR,40-64,M,I
2023,Excessive Heat,OTHER,unknown,unknown,D
2023,Excessive Heat,OTHER,unknown,unknown,D
2023,Excessive Heat,OTHER,unknown,unknown,D
2023,Excessive Heat,OUTDOOR,18-39,M,I
2023,Excessive Heat,OTHER,unknown,unknown,D
2023,Excessive Heat,OTHER,unknown,unknown,D
2023,Excessive Heat,OTHER,unknown,unknown,I
2023,Excessive Heat,OTHER,unknown,unknown,D
2023,Excessive Heat,OTHER,unknown,unknown,D
2023,Excessive Heat,OTHER,unknown,unknown,I
2023,Excessive Heat,OTHER,unknown,unknown,D
2023,Excessive Heat,OTHER,unknown,unknown,D
2023,Excessive Heat,OTHER,unknown,unknown,D
2023,Excessive Heat,OTHER,unknown,unknown,I
2023,Excessive Heat,OTHER,unknown,unknown,I
2023,Excessive Heat,OTHER,unknown,unknown,I
2023,Excessive Heat,OTHER,unknown,unknown,D
2023,Excessive Heat,OTHER,unknown,unknown,D
2023,Excessive Heat,OTHER,unknown,unknown,I
2023,Excessive Heat,OTHER,unknown,unknown,D
2023,Excessive Heat,OTHER,unknown,unknown,D
2023,Excessive Heat,OUTDOOR,18-39,F,I
2023,Excessive Heat,OTHER,unknown,unknown,D
2023,Excessive Heat,OTHER,unknown,unknown,D
2023,Excessive Heat,RES,65+,M,D
2023,Excessive Heat,OUTDOOR,18-39,M,D
2023,Excessive Heat,OUTDOOR,40-64,M,D
2023,Excessive Heat,MH,40-64,M,I
2023,Excessive Heat,OUTDOOR,40-64,M,I
2023,Excessive Heat,OUTDOOR,unknown,M,D
2023,Excessive Heat,OUTDOOR,40-64,M,D
2023,Excessive Heat,RES,40-64,F,D
2023,Excessive Heat,OUTDOOR,18-39,M,D
2023,Excessive Heat,OUTDOOR,18-39,M,D
2023,Excessive Heat,OUTDOOR,18-39,M,D
2023,Excessive Heat,OUTDOOR,65+,M,I
2023,Excessive Heat,OUTDOOR,18-39,M,D
2023,Excessive Heat,RES,65+,F,D
2023,Excessive Heat,OUTDOOR,65+,F,D
2023,Excessive Heat,RES,65+,M,I
2023,Excessive Heat,OTHER,unknown,unknown,I
2023,Excessive Heat,OTHER,unknown,unknown,I
2023,Excessive Heat,OTHER,unknown,unknown,D
2023,Excessive Heat,OTHER,unknown,unknown,D
2023,Excessive Heat,OTHER,unknown,unknown,I
2023,Excessive Heat,OTHER,unknown,unknown,I
2023,Excessive Heat,OTHER,unknown,unknown,D
2023,Excessive Heat,OTHER,unknown,unknown,D
2023,Excessive Heat,OTHER,unknown,unknown,D
2023,Excessive Heat,OTHER,unknown,unknown,D
2023,Excessive Heat,OTHER,unknown,unknown,I
2023,Excessive Heat,OTHER,unknown,unknown,D
2023,Excessive Heat,OTHER,unknown,unknown,I
2023,Excessive Heat,OTHER,unknown,unknown,I
2023,Excessive Heat,OTHER,unknown,unknown,D
2023,Excessive Heat,OTHER,unknown,unknown,I
2023,Excessive Heat,OTHER,unknown,unknown,D
2023,Excessive Heat,OTHER,unknown,unknown,I
2023,Excessive Heat,OTHER,unknown,unknown,D
2023,Excessive Heat,OTHER,unknown,unknown,I
2023,Excessive Heat,OTHER,unknown,unknown,I
2023,Excessive Heat,OTHER,unknown,unknown,D
2023,Excessive Heat,OTHER,unknown,unknown,I
2023,Excessive Heat,OTHER,unknown,unknown,I
2023,Excessive Heat,OTHER,unknown,unknown,D
2023,Excessive Heat,OTHER,unknown,unknown,D
2023,Excessive Heat,OTHER,unknown,unknown,I
2023,Excessive Heat,OTHER,unknown,unknown,I
2023,Excessive Heat,OTHER,unknown,unknown,I
2023,Excessive Heat,OTHER,unknown,unknown,I
2023,Excessive Heat,OTHER,unknown,unknown,D
2023,Excessive Heat,OTHER,unknown,unknown,I
2023,Excessive Heat,OTHER,unknown,unknown,D
2023,Excessive Heat,OTHER,unknown,unknown,D
2023,Excessive Heat,OTHER,unknown,unknown,I
2023,Excessive Heat,OTHER,unknown,unknown,I
2023,Excessive Heat,OTHER,unknown,unknown,D
2023,Excessive Heat,OUTDOOR,40-64,F,I
2023,Excessive Heat,OTHER,unknown,unknown,D
2023,Excessive Heat,OTHER,unknown,unknown,D
2023,Excessive Heat,OTHER,unknown,unknown,D
2023,Excessive Heat,OTHER,unknown,unknown,D
2023,Excessive Heat,OTHER,unknown,unknown,D
2023,Excessive Heat,OTHER,unknown,unknown,D
2023,Excessive Heat,OTHER,unknown,unknown,D
2023,Excessive Heat,OTHER,unknown,unknown,I
2023,Excessive Heat,OTHER,unknown,unknown,D
2023,Excessive Heat,OTHER,unknown,unknown,I
2023,Excessive Heat,OTHER,unknown,unknown,I
2023,Excessive Heat,OTHER,unknown,unknown,I
2023,Excessive Heat,OTHER,unknown,unknown,I
2023,Excessive Heat,OTHER,unknown,unknown,D
2023,Excessive Heat,OTHER,unknown,unknown,D
2023,Excessive Heat,OTHER,unknown,unknown,I
2023,Excessive Heat,OTHER,unknown,unknown,I
2023,Excessive Heat,OTHER,unknown,unknown,I
2023,Excessive Heat,OTHER,unknown,unknown,D
2023,Excessive Heat,OTHER,unknown,unknown,D
2023,Excessive Heat,OTHER,unknown,unknown,I
2023,Excessive Heat,OTHER,unknown,unknown,I
2023,Excessive Heat,OTHER,unknown,unknown,I
2023,Excessive Heat,OTHER,unknown,unknown,I
2023,Excessive Heat,MH,65+,M,D
2023,Excessive Heat,OUTDOOR,18-39,M,D
2023,Excessive Heat,OTHER,unknown,unknown,I
2023,Excessive Heat,OTHER,unknown,unknown,I
2023,Excessive Heat,OTHER,unknown,unknown,I
2023,Excessive Heat,OTHER,unknown,unknown,I
2023,Excessive Heat,OTHER,unknown,unknown,I
2023,Excessive Heat,OTHER,unknown,unknown,I
2023,Excessive Heat,RES,65+,F,D
2023,Excessive Heat,OUTDOOR,18-39,F,D
2023,Excessive Heat,OUTDOOR,40-64,M,I
2023,Excessive Heat,OUTDOOR,18-39,M,I
2023,Excessive Heat,OUTDOOR,40-64,M,I
2023,Excessive Heat,OUTDOOR,40-64,M,I
2023,Excessive Heat,OUTDOOR,18-39,F,D
2023,Excessive Heat,OUTDOOR,18-39,F,D
2023,Excessive Heat,OUTDOOR,18-39,M,D
2023,Excessive Heat,OUTDOOR,18-39,M,D
2023,Excessive Heat,MH,18-39,M,D
2023,Excessive Heat,OUTDOOR,65+,M,D
2023,Excessive Heat,RES,65+,M,D
2023,Excessive Heat,OTHER,unknown,unknown,D
2023,Excessive Heat,OTHER,unknown,unknown,D
2023,Excessive Heat,OTHER,unknown,unknown,D
2023,Excessive Heat,OTHER,unknown,unknown,D
2023,Excessive Heat,OTHER,unknown,unknown,D
2023,Excessive Heat,OTHER,unknown,unknown,D
2023,Excessive Heat,OUTDOOR,65+,M,D
2023,Excessive Heat,VEHICLE,0-17,F,D
2023,Excessive Heat,OUTDOOR,0-17,M,D
2023,Excessive Heat,OTHER,unknown,unknown,D
2023,Excessive Heat,OTHER,unknown,unknown,D
2023,Excessive Heat,OTHER,unknown,unknown,D
2023,Excessive Heat,MH,40-64,M,I
2023,Excessive Heat,OTHER,unknown,unknown,D
2023,Excessive Heat,OUTDOOR,18-39,M,D
2023,Excessive Heat,OTHER,unknown,unknown,D
2023,Excessive Heat,OTHER,unknown,unknown,D
2023,Excessive Heat,OTHER,unknown,unknown,D
2023,Excessive Heat,OTHER,unknown,unknown,I
2023,Excessive Heat,OUTDOOR,18-39,F,D
2023,Excessive Heat,OUTDOOR,unknown,M,D
2023,Excessive Heat,OTHER,unknown,unknown,I
2023,Excessive Heat,OTHER,unknown,unknown,I
2023,Excessive Heat,OTHER,unknown,unknown,I
2023,Excessive Heat,OTHER,unknown,unknown,D
2023,Excessive Heat,OTHER,unknown,unknown,D
2023,Excessive Heat,OTHER,unknown,unknown,I
2023,Excessive Heat,OTHER,unknown,unknown,D
2023,Excessive Heat,OTHER,unknown,unknown,D
2023,Excessive Heat,OTHER,unknown,unknown,D
2023,Excessive Heat,OTHER,unknown,unknown,D
2023,Excessive Heat,OTHER,unknown,unknown,D
2023,Excessive Heat,OTHER,unknown,unknown,D
2023,Excessive Heat,RES,65+,F,D
2023,Excessive Heat,OUTDOOR,40-64,M,D
2023,Excessive Heat,OTHER,unknown,unknown,D
2023,Excessive Heat,OTHER,unknown,unknown,D
2023,Excessive Heat,OTHER,unknown,unknown,D
2023,Excessive Heat,OTHER,unknown,unknown,D
2023,Excessive Heat,RES,65+,M,D
2023,Excessive Heat,OTHER,unknown,unknown,D
2023,Excessive Heat,OTHER,unknown,unknown,D
2023,Excessive Heat,OTHER,unknown,unknown,D
2023,Excessive Heat,OTHER,unknown,unknown,D
2023,Excessive Heat,OTHER,unknown,unknown,D
2023,Excessive Heat,OTHER,unknown,unknown,D
2023,Excessive Heat,OTHER,unknown,unknown,D
2023,Excessive Heat,OTHER,unknown,unknown,I
2023,Excessive Heat,RES,65+,F,D
2023,Excessive Heat,OTHER,unknown,unknown,D
2023,Excessive Heat,OTHER,unknown,unknown,D
2023,Excessive Heat,OTHER,unknown,unknown,D
2023,Excessive Heat,OTHER,unknown,unknown,I
2023,Excessive Heat,OTHER,unknown,unknown,D
2023,Excessive Heat,RES,65+,M,D
2023,Excessive Heat,RES,65+,M,D
2023,Excessive Heat,RES,65+,M,D
2023,Excessive Heat,OTHER,unknown,unknown,I
2023,Excessive Heat,OTHER,unknown,unknown,I
2023,Excessive Heat,OTHER,unknown,unknown,I
2023,Excessive Heat,OTHER,unknown,unknown,I
2023,Excessive Heat,OTHER,unknown,unknown,I
2023,Excessive Heat,OUTDOOR,40-64,M,D
2023,Excessive Heat,OTHER,unknown,unknown,D
2023,Excessive Heat,OTHER,unknown,unknown,D
2023,Excessive Heat,OTHER,unknown,unknown,D
2023,Excessive Heat,OTHER,unknown,unknown,D
2023,Excessive Heat,OTHER,unknown,unknown,D
2023,Excessive Heat,OTHER,unknown,unknown,I
2023,Excessive Heat,OTHER,unknown,unknown,I
2023,Excessive Heat,OTHER,unknown,unknown,I
2023,Excessive Heat,OTHER,unknown,unknown,I
2023,Excessive Heat,OTHER,unknown,unknown,I
2023,Excessive Heat,OTHER,unknown,unknown,D
2023,Excessive Heat,OTHER,unknown,unknown,D
2023,Excessive Heat,OTHER,unknown,unknown,D
2023,Excessive Heat,OTHER,unknown,unknown,D
2023,Excessive Heat,OTHER,unknown,unknown,D
2023,Excessive Heat,OTHER,unknown,unknown,D
2023,Excessive Heat,OTHER,unknown,unknown,D
2023,Excessive Heat,OTHER,unknown,unknown,D
2023,Excessive Heat,OTHER,unknown,unknown,I
2023,Excessive Heat,OTHER,unknown,unknown,I
2023,Excessive Heat,OTHER,unknown,unknown,I
2023,Excessive Heat,OTHER,unknown,unknown,I
2023,Excessive Heat,OTHER,unknown,unknown,I
2023,Excessive Heat,OUTDOOR,18-39,F,D
2023,Excessive Heat,OUTDOOR,18-39,F,D
2023,Excessive Heat,RES,65+,F,D
2023,Excessive Heat,RES,65+,M,D
2023,Excessive Heat,RES,65+,M,I
2023,Excessive Heat,RES,65+,F,D
2023,Excessive Heat,OUTDOOR,18-39,M,D
2023,Excessive Heat,OUTDOOR,65+,M,D
2023,Excessive Heat,OUTDOOR,65+,M,D
2023,Excessive Heat,OTHER,unknown,unknown,I
2023,Excessive Heat,OTHER,unknown,unknown,D
2023,Excessive Heat,OTHER,unknown,unknown,D
2023,Excessive Heat,RES,65+,F,D
2023,Excessive Heat,OTHER,unknown,unknown,D
2023,Excessive Heat,OTHER,unknown,unknown,D
2023,Excessive Heat,OTHER,unknown,unknown,D
2023,Excessive Heat,OTHER,unknown,unknown,D
2023,Excessive Heat,OTHER,unknown,unknown,I
2023,Excessive Heat,OTHER,unknown,unknown,I
2023,Excessive Heat,VEHICLE,65+,M,I
2023,Excessive Heat,OTHER,unknown,unknown,D
2023,Excessive Heat,RES,65+,F,D
2023,Excessive Heat,OTHER,unknown,unknown,D
2023,Excessive Heat,OTHER,unknown,unknown,D
2023,Excessive Heat,OTHER,unknown,unknown,D
2023,Excessive Heat,OTHER,unknown,unknown,D
2023,Excessive Heat,OTHER,unknown,unknown,D
2023,Excessive Heat,OTHER,unknown,unknown,D
2023,Excessive Heat,OTHER,unknown,unknown,D
2023,Excessive Heat,OTHER,unknown,unknown,I
2023,Excessive Heat,OTHER,unknown,unknown,I
2023,Excessive Heat,OTHER,unknown,unknown,I
2023,Excessive Heat,OTHER,unknown,unknown,D
2023,Excessive Heat,OUTDOOR,40-64,M,D
2023,Excessive Heat,OUTDOOR,65+,M,D
2023,Excessive Heat,OUTDOOR,65+,M,D
2023,Excessive Heat,VEHICLE,65+,M,D
2023,Excessive Heat,OTHER,unknown,unknown,D
2023,Excessive Heat,OTHER,unknown,unknown,D
2023,Excessive Heat,OTHER,unknown,unknown,I
2023,Excessive Heat,OTHER,unknown,unknown,I
2023,Excessive Heat,OTHER,unknown,unknown,D
2023,Excessive Heat,OTHER,unknown,unknown,I
2023,Excessive Heat,OTHER,unknown,unknown,D
2023,Excessive Heat,OTHER,unknown,unknown,D
2023,Excessive Heat,OTHER,unknown,unknown,D
2023,Excessive Heat,OTHER,unknown,unknown,I
2023,Excessive Heat,OTHER,unknown,unknown,D
2023,Excessive Heat,OTHER,unknown,unknown,D
2023,Excessive Heat,OTHER,unknown,unknown,D
2023,Excessive Heat,OTHER,unknown,unknown,I
2023,Excessive Heat,OTHER,unknown,unknown,D
2023,Excessive Heat,OTHER,unknown,unknown,D
2023,Excessive Heat,OTHER,unknown,unknown,D
2023,Excessive Heat,OTHER,unknown,unknown,D
2023,Excessive Heat,OTHER,unknown,unknown,D
2023,Excessive Heat,OTHER,unknown,unknown,D
2023,Excessive Heat,OTHER,unknown,unknown,I
2023,Excessive Heat,OTHER,unknown,unknown,I
2023,Excessive Heat,OTHER,unknown,unknown,D
2023,Excessive Heat,OTHER,unknown,unknown,D
2023,Excessive Heat,OTHER,unknown,unknown,D
2023,Excessive Heat,OTHER,unknown,unknown,D
2023,Excessive Heat,OTHER,unknown,unknown,I
2023,Excessive Heat,OTHER,unknown,unknown,D
2023,Excessive Heat,OTHER,unknown,unknown,D
2023,Excessive Heat,OTHER,unknown,unknown,D
2023,Excessive Heat,OTHER,unknown,unknown,D
2023,Excessive Heat,OTHER,unknown,unknown,D
2023,Excessive Heat,OTHER,unknown,unknown,D
2023,Excessive Heat,OTHER,unknown,unknown,D
2023,Excessive Heat,OTHER,unknown,unknown,D
2023,Excessive Heat,OTHER,unknown,unknown,D
2023,Excessive Heat,OTHER,unknown,unknown,D
2023,Excessive Heat,OTHER,unknown,unknown,I
2023,Excessive Heat,OTHER,unknown,unknown,I
2023,Excessive Heat,OTHER,unknown,unknown,D
2023,Excessive Heat,OTHER,unknown,unknown,D
2023,Excessive Heat,OTHER,unknown,unknown,D
2023,Excessive Heat,OTHER,unknown,unknown,D
2023,Excessive Heat,OTHER,unknown,unknown,D
2023,Excessive Heat,OTHER,unknown,unknown,D
2023,Excessive Heat,OTHER,unknown,unknown,I
2023,Excessive Heat,OTHER,unknown,unknown,D
2023,Excessive Heat,OTHER,unknown,unknown,I
2023,Excessive Heat,OTHER,unknown,unknown,I
2023,Excessive Heat,OTHER,unknown,unknown,I
2023,Excessive Heat,OTHER,unknown,unknown,I
2023,Excessive Heat,OTHER,unknown,unknown,D
2023,Excessive Heat,OTHER,unknown,unknown,D
2023,Excessive Heat,OTHER,unknown,unknown,D
2023,Excessive Heat,OTHER,unknown,unknown,I
2023,Excessive Heat,OTHER,unknown,unknown,I
2023,Excessive Heat,OTHER,unknown,unknown,I
2023,Excessive Heat,OTHER,unknown,unknown,I
2023,Excessive Heat,OTHER,unknown,unknown,I
2023,Excessive Heat,OTHER,unknown,unknown,I
2023,Excessive Heat,OTHER,unknown,unknown,I
2023,Excessive Heat,OTHER,unknown,unknown,I
2023,Excessive Heat,OTHER,unknown,unknown,D
2023,Excessive Heat,OTHER,unknown,unknown,I
2023,Excessive Heat,OTHER,unknown,unknown,I
2023,Excessive Heat,OTHER,unknown,unknown,I
2023,Excessive Heat,OTHER,unknown,unknown,I
2023,Excessive Heat,OTHER,unknown,unknown,D
2023,Excessive Heat,OTHER,unknown,unknown,I
2023,Excessive Heat,OTHER,unknown,unknown,D
2023,Excessive Heat,OTHER,unknown,unknown,D
2023,Excessive Heat,OTHER,unknown,unknown,D
2023,Excessive Heat,OTHER,unknown,unknown,I
2023,Excessive Heat,OTHER,unknown,unknown,D
2023,Excessive Heat,OTHER,unknown,unknown,D
2023,Excessive Heat,OTHER,unknown,unknown,I
2023,Excessive Heat,OTHER,unknown,unknown,D
2023,Excessive Heat,OTHER,unknown,unknown,D
2023,Excessive Heat,OTHER,unknown,unknown,I
2023,Excessive Heat,OTHER,unknown,unknown,I
2023,Excessive Heat,OTHER,unknown,unknown,D
2023,Excessive Heat,OTHER,unknown,unknown,I
2023,Excessive Heat,OTHER,unknown,unknown,D
2023,Excessive Heat,OTHER,unknown,unknown,D
2023,Excessive Heat,OTHER,unknown,unknown,D
2023,Excessive Heat,OTHER,unknown,unknown,I
2023,Excessive Heat,OTHER,unknown,unknown,I
2023,Excessive Heat,OTHER,unknown,unknown,I
2023,Excessive Heat,OTHER,unknown,unknown,D
2023,Excessive Heat,OTHER,unknown,unknown,I
2023,Excessive Heat,OTHER,unknown,unknown,D
2023,Excessive Heat,OTHER,unknown,unknown,D
2023,Excessive Heat,OTHER,unknown,unknown,D
2023,Excessive Heat,OTHER,unknown,unknown,D
2023,Excessive Heat,OTHER,unknown,unknown,I
2023,Excessive Heat,OTHER,unknown,unknown,D
2023,Excessive Heat,OTHER,unknown,unknown,D
2023,Excessive Heat,OTHER,unknown,unknown,D
2023,Excessive Heat,OTHER,unknown,unknown,I
2023,Excessive Heat,OTHER,unknown,unknown,D
2023,Excessive Heat,OTHER,unknown,unknown,D
2023,Excessive Heat,OTHER,unknown,unknown,I
2023,Excessive Heat,OTHER,unknown,unknown,I
2023,Excessive Heat,OTHER,unknown,unknown,D
2023,Excessive Heat,OTHER,unknown,unknown,D
2023,Excessive Heat,OTHER,unknown,unknown,I
2023,Excessive Heat,OTHER,unknown,unknown,I
2023,Excessive Heat,OTHER,unknown,unknown,D
2023,Excessive Heat,OTHER,unknown,unknown,D
2023,Excessive Heat,OTHER,unknown,unknown,D
2023,Excessive Heat,OTHER,unknown,unknown,D
2023,Excessive Heat,OTHER,unknown,unknown,D
2023,Excessive Heat,OTHER,unknown,unknown,I
2023,Excessive Heat,OTHER,unknown,unknown,D
2023,Excessive Heat,OTHER,unknown,unknown,I
2023,Excessive Heat,OTHER,unknown,unknown,I
2023,Excessive Heat,VEHICLE,0-17,M,D
2023,Excessive Heat,OTHER,unknown,unknown,D
2023,Excessive Heat,RES,65+,M,I
2023,Excessive Heat,OTHER,unknown,unknown,D
2023,Excessive Heat,OTHER,unknown,unknown,D
2023,Excessive Heat,OTHER,unknown,unknown,D
2023,Excessive Heat,OTHER,unknown,unknown,D
2023,Excessive Heat,OTHER,unknown,unknown,I
2023,Excessive Heat,OTHER,unknown,unknown,D
2023,Excessive Heat,OTHER,unknown,unknown,D
2023,Excessive Heat,OTHER,unknown,unknown,D
2023,Excessive Heat,OTHER,unknown,unknown,I
2023,Excessive Heat,OTHER,unknown,unknown,I
2023,Excessive Heat,OTHER,unknown,unknown,D
2023,Excessive Heat,OTHER,unknown,unknown,I
2023,Excessive Heat,OTHER,unknown,unknown,I
2023,Excessive Heat,OTHER,unknown,unknown,I
2023,Excessive Heat,OTHER,unknown,unknown,I
2023,Excessive Heat,OTHER,unknown,unknown,D
2023,Excessive Heat,OTHER,unknown,unknown,D
2023,Excessive Heat,OTHER,unknown,unknown,D
2023,Excessive Heat,OTHER,unknown,unknown,I
2023,Excessive Heat,OTHER,unknown,unknown,I
2023,Excessive Heat,OTHER,unknown,unknown,D
2023,Excessive Heat,OTHER,unknown,unknown,I
2023,Excessive Heat,OTHER,unknown,unknown,D
2023,Excessive Heat,OTHER,unknown,unknown,I
2023,Excessive Heat,OTHER,unknown,unknown,I
2023,Excessive Heat,RES,65+,F,I
2023,Excessive Heat,RES,40-64,M,I
2023,Excessive Heat,RES,65+,M,D
2023,Excessive Heat,OUTDOOR,18-39,F,D
2023,Excessive Heat,RES,65+,F,D
2023,Excessive Heat,RES,40-64,M,D
2023,Excessive Heat,OUTDOOR,65+,M,D
2023,Excessive Heat,RES,40-64,M,D
2023,Excessive Heat,RES,65+,M,D
2023,Excessive Heat,OTHER,18-39,M,D
2023,Excessive Heat,RES,40-64,F,D
2023,Excessive Heat,RES,40-64,M,D
2023,Excessive Heat,RES,65+,F,D
2023,Excessive Heat,OUTDOOR,18-39,F,D
2023,Excessive Heat,OTHER,unknown,unknown,D
2023,Excessive Heat,OTHER,unknown,unknown,D
2023,Excessive Heat,OTHER,unknown,unknown,D
2023,Excessive Heat,OTHER,unknown,unknown,I
2023,Excessive Heat,OTHER,unknown,unknown,D
2023,Excessive Heat,OUTDOOR,65+,M,I
2023,Excessive Heat,OUTDOOR,40-64,M,I
2023,Excessive Heat,OUTDOOR,18-39,M,I
2023,Excessive Heat,OUTDOOR,65+,M,I
2023,Excessive Heat,OUTDOOR,40-64,M,I
2023,Excessive Heat,OUTDOOR,40-64,M,I
2023,Excessive Heat,OUTDOOR,40-64,M,I
2023,Excessive Heat,OUTDOOR,unknown,M,D
2023,Excessive Heat,OUTDOOR,40-64,M,I
2023,Excessive Heat,OUTDOOR,40-64,M,I
2023,Excessive Heat,VEHICLE,40-64,M,D
2023,Excessive Heat,VEHICLE,65+,F,I
2023,Excessive Heat,OTHER,unknown,unknown,D
2023,Excessive Heat,OTHER,unknown,unknown,D
2023,Excessive Heat,OUTDOOR,40-64,M,I
2023,Excessive Heat,RES,65+,F,D
2023,Excessive Heat,RES,65+,F,D
2023,Excessive Heat,RES,40-64,M,D
2023,Excessive Heat,RES,65+,F,D
2023,Excessive Heat,RES,40-64,F,D
2023,Excessive Heat,OUTDOOR,18-39,M,D
2023,Excessive Heat,OUTDOOR,65+,M,D
2023,Excessive Heat,OUTDOOR,40-64,M,I
2023,Excessive Heat,OUTDOOR,40-64,M,I
2023,Excessive Heat,OUTDOOR,65+,M,I
2023,Excessive Heat,OTHER,unknown,unknown,I
2023,Excessive Heat,OUTDOOR,65+,M,I
2023,Excessive Heat,OUTDOOR,40-64,F,I
2023,Excessive Heat,OTHER,unknown,unknown,D
2023,Excessive Heat,OTHER,unknown,unknown,I
2023,Excessive Heat,OTHER,unknown,unknown,D
2023,Excessive Heat,OTHER,unknown,unknown,D
2023,Excessive Heat,OTHER,unknown,unknown,I
2023,Excessive Heat,OTHER,unknown,unknown,D
2023,Excessive Heat,OTHER,unknown,unknown,D
2023,Excessive Heat,OUTDOOR,40-64,M,I
2023,Excessive Heat,OUTDOOR,40-64,M,D
2023,Excessive Heat,OUTDOOR,40-64,F,D
2023,Excessive Heat,OUTDOOR,40-64,F,D
2023,Excessive Heat,OUTDOOR,18-39,M,I
2023,Excessive Heat,OUTDOOR,40-64,M,D
2023,Excessive Heat,OUTDOOR,40-64,M,D
2023,Excessive Heat,MH,40-64,F,I
2023,Excessive Heat,MH,65+,F,I
2023,Excessive Heat,OTHER,unknown,unknown,D
2023,Excessive Heat,OTHER,unknown,unknown,D
2023,Excessive Heat,OTHER,unknown,unknown,D
2023,Excessive Heat,MH,65+,M,I
2023,Excessive Heat,VEHICLE,0-17,F,D
2023,Excessive Heat,OTHER,unknown,unknown,D
2023,Excessive Heat,OTHER,unknown,unknown,D
2023,Excessive Heat,OTHER,unknown,unknown,D
2023,Excessive Heat,OTHER,unknown,unknown,D
2023,Excessive Heat,OTHER,unknown,unknown,D
2023,Excessive Heat,OTHER,unknown,unknown,D
2023,Excessive Heat,OUTDOOR,65+,M,D
2023,Excessive Heat,MH,65+,M,I
2023,Excessive Heat,MH,65+,F,I
2023,Excessive Heat,MH,65+,F,D
2023,Excessive Heat,MH,65+,F,D
2023,Excessive Heat,OUTDOOR,65+,M,I
2023,Excessive Heat,OTHER,unknown,unknown,D
2023,Excessive Heat,OTHER,unknown,unknown,D
2023,Excessive Heat,OTHER,unknown,unknown,D
2023,Excessive Heat,OTHER,unknown,unknown,D
2023,Excessive Heat,OTHER,unknown,unknown,I
2023,Excessive Heat,OTHER,unknown,unknown,D
2023,Excessive Heat,OTHER,unknown,unknown,D
2023,Excessive Heat,OTHER,40-64,F,D
2023,Excessive Heat,RES,65+,M,D
2023,Excessive Heat,MH,65+,F,D
2023,Excessive Heat,OTHER,unknown,unknown,D
2023,Excessive Heat,OTHER,unknown,unknown,D
2023,Excessive Heat,OUTDOOR,40-64,M,I
2023,Excessive Heat,OUTDOOR,18-39,M,D
2023,Excessive Heat,OUTDOOR,18-39,F,D
2023,Excessive Heat,OTHER,unknown,unknown,D
2023,Excessive Heat,OTHER,unknown,unknown,D
2023,Excessive Heat,OTHER,unknown,unknown,D
2023,Excessive Heat,OTHER,unknown,unknown,D
2023,Excessive Heat,OTHER,unknown,unknown,I
2023,Excessive Heat,OTHER,unknown,unknown,D
2023,Excessive Heat,OTHER,unknown,unknown,D
2023,Excessive Heat,OTHER,unknown,unknown,D
2023,Excessive Heat,OUTDOOR,40-64,M,D
2023,Excessive Heat,OUTDOOR,18-39,M,D
2023,Excessive Heat,OTHER,unknown,unknown,D
2023,Excessive Heat,RES,65+,F,D
2023,Excessive Heat,OTHER,unknown,unknown,D
2023,Excessive Heat,OTHER,unknown,unknown,D
2023,Excessive Heat,RES,65+,M,D
2023,Excessive Heat,OTHER,unknown,unknown,D
2023,Excessive Heat,OTHER,unknown,unknown,D
2023,Excessive Heat,OTHER,unknown,unknown,D
2023,Excessive Heat,OTHER,unknown,unknown,D
2023,Excessive Heat,OTHER,unknown,unknown,D
2023,Excessive Heat,OTHER,unknown,unknown,I
2023,Excessive Heat,OTHER,unknown,unknown,I
2023,Excessive Heat,OUTDOOR,18-39,F,D
2023,Excessive Heat,OUTDOOR,40-64,M,D
2023,Excessive Heat,MH,65+,M,D
2023,Excessive Heat,PUBLIC,40-64,F,D
2023,Excessive Heat,OUTDOOR,65+,M,I
2023,Excessive Heat,OTHER,unknown,unknown,I
2023,Excessive Heat,OTHER,unknown,unknown,I
2023,Excessive Heat,OTHER,unknown,unknown,I
2023,Excessive Heat,OTHER,unknown,unknown,D
2023,Excessive Heat,OTHER,unknown,unknown,I
2023,Excessive Heat,OTHER,unknown,unknown,I
2023,Excessive Heat,OTHER,18-39,M,I
2023,Excessive Heat,OTHER,65+,F,D
2023,Excessive Heat,OTHER,40-64,F,D
2023,Excessive Heat,OTHER,unknown,unknown,I
2023,Excessive Heat,OTHER,unknown,unknown,D
2023,Excessive Heat,OTHER,unknown,unknown,I
2023,Excessive Heat,OTHER,unknown,unknown,I
2023,Excessive Heat,OTHER,unknown,unknown,I
2023,Excessive Heat,OTHER,unknown,unknown,I
2023,Excessive Heat,OUTDOOR,40-64,M,D
2023,Excessive Heat,OTHER,unknown,unknown,I
2023,Excessive Heat,OTHER,unknown,unknown,D
2023,Excessive Heat,OUTDOOR,18-39,F,D
2023,Excessive Heat,OUTDOOR,18-39,M,D
2023,Excessive Heat,OUTDOOR,40-64,M,I
2023,Excessive Heat,OUTDOOR,18-39,M,D
2023,Excessive Heat,OUTDOOR,18-39,M,D
2023,Excessive Heat,OUTDOOR,18-39,F,D
2023,Excessive Heat,OUTDOOR,unknown,M,D
2023,Excessive Heat,OUTDOOR,unknown,unknown,D
2023,Excessive Heat,OUTDOOR,unknown,unknown,D
2023,Excessive Heat,OUTDOOR,18-39,F,D
2023,Excessive Heat,OUTDOOR,18-39,M,D
2023,Excessive Heat,RES,65+,F,D
2023,Excessive Heat,PUBLIC,40-64,M,I
2023,Excessive Heat,OTHER,unknown,unknown,D
2023,Excessive Heat,OTHER,unknown,unknown,D
2023,Excessive Heat,OTHER,unknown,unknown,D
2023,Excessive Heat,OTHER,unknown,unknown,D
2023,Excessive Heat,OTHER,unknown,unknown,D
2023,Excessive Heat,OTHER,unknown,unknown,D
2023,Excessive Heat,OTHER,unknown,unknown,D
2023,Excessive Heat,OTHER,unknown,unknown,D
2023,Excessive Heat,OTHER,unknown,unknown,D
2023,Excessive Heat,OTHER,unknown,unknown,D
2023,Excessive Heat,OTHER,unknown,unknown,I
2023,Excessive Heat,OTHER,unknown,unknown,I
2023,Excessive Heat,OTHER,unknown,unknown,I
2023,Excessive Heat,OTHER,unknown,unknown,I
2023,Excessive Heat,OTHER,unknown,unknown,I
2023,Excessive Heat,OTHER,unknown,unknown,D
2023,Excessive Heat,OTHER,unknown,unknown,I
2023,Excessive Heat,OTHER,unknown,unknown,I
2023,Excessive Heat,OTHER,unknown,unknown,D
2023,Excessive Heat,OTHER,unknown,unknown,I
2023,Excessive Heat,OTHER,unknown,unknown,I
2023,Excessive Heat,OTHER,unknown,unknown,I
2023,Excessive Heat,OTHER,unknown,unknown,I
2023,Excessive Heat,OTHER,unknown,unknown,D
2023,Excessive Heat,OTHER,unknown,unknown,D
2023,Excessive Heat,OTHER,unknown,unknown,I
2023,Excessive Heat,OUTDOOR,18-39,M,D
2023,Excessive Heat,OUTDOOR,18-39,F,D
2023,Excessive Heat,OUTDOOR,40-64,M,I
2023,Excessive Heat,OTHER,unknown,unknown,I
2023,Excessive Heat,OTHER,unknown,unknown,I
2023,Excessive Heat,RES,40-64,F,D
2023,Excessive Heat,OUTDOOR,18-39,M,D
2023,Excessive Heat,OUTDOOR,40-64,M,D
2023,Excessive Heat,MH,65+,F,D
2023,Excessive Heat,MH,65+,M,D
2023,Excessive Heat,OTHER,40-64,M,D
2023,Excessive Heat,RES,65+,M,D
2023,Excessive Heat,OTHER,65+,M,D
2023,Excessive Heat,OTHER,18-39,M,D
2023,Excessive Heat,OTHER,40-64,M,D
2023,Excessive Heat,OTHER,65+,M,D
2023,Excessive Heat,OTHER,unknown,unknown,I
2023,Excessive Heat,OTHER,unknown,unknown,I
2023,Excessive Heat,OTHER,unknown,unknown,D
2023,Excessive Heat,OTHER,unknown,unknown,D
2023,Excessive Heat,OTHER,unknown,unknown,I
2023,Excessive Heat,OTHER,unknown,unknown,I
2023,Excessive Heat,OTHER,unknown,unknown,I
2023,Excessive Heat,OTHER,unknown,unknown,D
2023,Excessive Heat,OTHER,unknown,unknown,D
2023,Excessive Heat,OTHER,unknown,unknown,I
2023,Excessive Heat,OTHER,unknown,unknown,I
2023,Excessive Heat,OTHER,unknown,unknown,I
2023,Excessive Heat,OTHER,unknown,unknown,I
2023,Excessive Heat,OTHER,unknown,unknown,D
2023,Excessive Heat,OTHER,unknown,unknown,D
2023,Excessive Heat,OTHER,unknown,unknown,D
2023,Excessive Heat,OTHER,unknown,unknown,D
2023,Excessive Heat,OTHER,unknown,unknown,D
2023,Excessive Heat,OTHER,unknown,unknown,I
2023,Excessive Heat,OTHER,unknown,unknown,D
2023,Excessive Heat,OTHER,unknown,unknown,D
2023,Excessive Heat,OTHER,unknown,unknown,D
2023,Excessive Heat,OTHER,unknown,unknown,D
2023,Excessive Heat,OTHER,unknown,unknown,D
2023,Excessive Heat,OTHER,unknown,unknown,I
2023,Excessive Heat,OTHER,unknown,unknown,I
2023,Excessive Heat,OTHER,unknown,unknown,I
2023,Excessive Heat,OTHER,unknown,unknown,D
2023,Excessive Heat,OTHER,unknown,unknown,I
2023,Excessive Heat,OTHER,unknown,unknown,I
2023,Excessive Heat,OTHER,unknown,unknown,D
2023,Excessive Heat,OTHER,unknown,unknown,D
2023,Excessive Heat,OTHER,unknown,unknown,I
2023,Excessive Heat,OTHER,unknown,unknown,I
2023,Excessive Heat,OTHER,unknown,unknown,I
2023,Excessive Heat,OTHER,unknown,unknown,I
2023,Excessive Heat,OTHER,unknown,unknown,I
2023,Excessive Heat,OTHER,unknown,unknown,I
2023,Excessive Heat,OTHER,unknown,unknown,I
2023,Excessive Heat,OTHER,unknown,unknown,I
2023,Excessive Heat,OTHER,unknown,unknown,I
2023,Excessive Heat,OTHER,unknown,unknown,I
2023,Excessive Heat,OTHER,unknown,unknown,I
2023,Excessive Heat,OTHER,unknown,unknown,I
2023,Excessive Heat,OTHER,unknown,unknown,I
2023,Excessive Heat,OTHER,unknown,unknown,D
2023,Excessive Heat,OTHER,unknown,unknown,D
2023,Excessive Heat,OTHER,unknown,unknown,D
2023,Excessive Heat,OTHER,unknown,unknown,D
2023,Excessive Heat,OTHER,unknown,unknown,D
2023,Excessive Heat,OTHER,unknown,unknown,D
2023,Excessive Heat,OTHER,unknown,unknown,D
2023,Excessive Heat,OTHER,unknown,unknown,I
2023,Excessive Heat,OTHER,unknown,unknown,I
2023,Excessive Heat,OTHER,unknown,unknown,D
2023,Excessive Heat,OTHER,unknown,unknown,D
2023,Flash Flood,VEHICLE,40-64,M,D
2023,Flash Flood,OUTDOOR,65+,M,D
2023,Flash Flood,VEHICLE,unknown,F,D
2023,Flash Flood,OUTDOOR,65+,M,D
2023,Flash Flood,VEHICLE,40-64,F,D
2023,Flash Flood,WATER,40-64,F,D
2023,Flash Flood,VEHICLE,65+,M,D
2023,Flash Flood,RES,40-64,M,D
2023,Flash Flood,VEHICLE,18-39,M,D
2023,Flash Flood,VEHICLE,18-39,M,D
2023,Flash Flood,VEHICLE,65+,F,D
2023,Flash Flood,VEHICLE,40-64,F,D
2023,Flash Flood,VEHICLE,40-64,F,D
2023,Flash Flood,VEHICLE,40-64,F,D
2023,Flash Flood,VEHICLE,40-64,M,D
2023,Flash Flood,WATER,40-64,F,D
2023,Flash Flood,RES,40-64,F,D
2023,Flash Flood,WATER,40-64,F,D
2023,Flash Flood,WATER,40-64,F,D
2023,Flash Flood,WATER,65+,F,D
2023,Flash Flood,WATER,65+,M,D
2023,Flash Flood,WATER,40-64,M,D
2023,Flash Flood,WATER,0-17,M,D
2023,Flash Flood,OUTDOOR,18-39,M,D
2023,Flash Flood,WATER,40-64,F,D
2023,Flash Flood,WATER,18-39,F,D
2023,Flash Flood,VEHICLE,40-64,M,D
2023,Flash Flood,WATER,0-17,F,D
2023,Flash Flood,WATER,0-17,M,D
2023,Flash Flood,WATER,40-64,F,D
2023,Flash Flood,OTHER,unknown,M,D
2023,Flash Flood,OUTDOOR,unknown,unknown,D
2023,Flash Flood,VEHICLE,65+,F,D
2023,Flash Flood,OUTDOOR,unknown,M,D
2023,Flash Flood,OUTDOOR,65+,M,D
2023,Flash Flood,OUTDOOR,40-64,F,D
2023,Flash Flood,OUTDOOR,0-17,M,D
2023,Flood,WATER,65+,M,D
2023,Flood,VEHICLE,40-64,F,D
2023,Flood,WATER,40-64,M,D
2023,Flood,VEHICLE,40-64,M,D
2023,Flood,VEHICLE,unknown,unknown,D
2023,Flood,WATER,18-39,F,D
2023,Flood,WATER,18-39,M,D
2023,Flood,VEHICLE,65+,F,D
2023,Flood,WATER,40-64,M,D
2023,Flood,WATER,0-17,M,D
2023,Flood,OUTDOOR,65+,M,D
2023,Flood,WATER,65+,M,D
2023,Flood,WATER,65+,F,D
2023,Flood,WATER,65+,M,D
2023,Flood,WATER,0-17,M,D
2023,Flood,WATER,40-64,M,D
2023,Flood,WATER,18-39,M,D
2023,Flood,VEHICLE,18-39,F,D
2023,Flood,VEHICLE,40-64,F,D
2023,Flood,WATER,18-39,M,I
2023,Flood,VEHICLE,18-39,F,I
2023,Flood,VEHICLE,40-64,F,D
2023,Flood,WATER,0-17,F,D
2023,Flood,WATER,18-39,M,D
2023,Flood,OUTDOOR,unknown,unknown,D
2023,Flood,VEHICLE,unknown,unknown,I
2023,Flood,VEHICLE,40-64,M,I
2023,Flood,WATER,unknown,F,D
2023,Flood,VEHICLE,65+,F,D
2023,Flood,WATER,0-17,M,D
2023,Flood,PUBLIC,40-64,M,D
2023,Flood,WATER,65+,M,D
2023,Flood,VEHICLE,65+,M,D
2023,Flood,VEHICLE,65+,M,D
2023,Flood,WATER,40-64,M,D
2023,Flood,VEHICLE,0-17,M,D
2023,Flood,WATER,65+,M,D
2023,Flood,WATER,18-39,M,D
2023,Flood,OUTDOOR,unknown,unknown,D
2023,Freezing Fog,VEHICLE,40-64,M,I
2023,Freezing Fog,VEHICLE,18-39,unknown,I
2023,Freezing Fog,VEHICLE,65+,F,I
2023,Freezing Fog,VEHICLE,65+,M,I
2023,Freezing Fog,VEHICLE,65+,F,I
2023,Hail,VEHICLE,40-64,F,I
2023,Hail,VEHICLE,40-64,M,I
2023,Heat,OTHER,unknown,unknown,D
2023,Heat,OUTDOOR,40-64,M,D
2023,Heat,OUTDOOR,18-39,M,I
2023,Heat,OTHER,unknown,unknown,D
2023,Heat,OTHER,unknown,unknown,D
2023,Heat,OTHER,unknown,unknown,I
2023,Heat,OTHER,unknown,unknown,I
2023,Heat,MH,18-39,M,I
2023,Heat,OUTDOOR,40-64,M,D
2023,Heat,OUTDOOR,40-64,M,D
2023,Heat,OUTDOOR,18-39,M,D
2023,Heat,OUTDOOR,40-64,M,D
2023,Heat,OUTDOOR,40-64,F,D
2023,Heat,OUTDOOR,18-39,M,D
2023,Heat,RES,40-64,M,I
2023,Heat,RES,65+,M,D
2023,Heat,RES,65+,M,D
2023,Heat,RES,65+,M,D
2023,Heat,OTHER,unknown,unknown,D
2023,Heat,OTHER,unknown,unknown,D
2023,Heat,OTHER,unknown,unknown,D
2023,Heat,OTHER,unknown,unknown,I
2023,Heat,OUTDOOR,65+,M,I
2023,Heat,OTHER,unknown,unknown,D
2023,Heat,RES,65+,F,D
2023,Heat,OTHER,unknown,unknown,D
2023,Heat,OTHER,unknown,unknown,D
2023,Heat,OTHER,unknown,unknown,I
2023,Heat,OTHER,unknown,unknown,D
2023,Heat,OTHER,unknown,unknown,I
2023,Heat,OTHER,unknown,unknown,I
2023,Heat,OTHER,unknown,unknown,D
2023,Heat,OTHER,unknown,unknown,I
2023,Heat,OTHER,unknown,unknown,I
2023,Heat,OTHER,unknown,unknown,D
2023,Heat,OUTDOOR,40-64,M,I
2023,Heat,OUTDOOR,18-39,M,D
2023,Heat,OUTDOOR,18-39,M,D
2023,Heat,VEHICLE,0-17,F,D
2023,Heat,OUTDOOR,65+,M,I
2023,Heat,RES,40-64,M,I
2023,Heat,OUTDOOR,40-64,F,D
2023,Heat,RES,40-64,M,I
2023,Heat,OUTDOOR,40-64,M,I
2023,Heat,OUTDOOR,40-64,M,I
2023,Heat,PUBLIC,65+,M,I
2023,Heat,OUTDOOR,40-64,M,D
2023,Heat,OUTDOOR,65+,F,D
2023,Heat,RES,65+,M,D
2023,Heat,RES,65+,F,D
2023,Heat,OUTDOOR,18-39,M,D
2023,Heat,OUTDOOR,18-39,M,D
2023,Heat,OUTDOOR,40-64,M,I
2023,Heat,RES,40-64,M,D
2023,Heat,MH,40-64,M,D
2023,Heat,OUTDOOR,40-64,M,I
2023,Heat,OTHER,unknown,unknown,D
2023,Heat,OUTDOOR,40-64,M,I
2023,Heat,OTHER,unknown,unknown,D
2023,Heat,OUTDOOR,65+,M,I
2023,Heat,RES,65+,M,D
2023,Heat,RES,65+,F,D
2023,Heat,OTHER,40-64,M,D
2023,Heat,OUTDOOR,40-64,M,I
2023,Heat,OUTDOOR,40-64,F,I
2023,Heat,OUTDOOR,65+,M,D
2023,Heat,OUTDOOR,65+,F,D
2023,Heat,VEHICLE,40-64,M,D
2023,Heat,RES,65+,F,D
2023,Heat,RES,65+,M,D
2023,Heat,OTHER,unknown,unknown,D
2023,Heat,OTHER,unknown,unknown,I
2023,Heat,OTHER,unknown,unknown,I
2023,Heat,OTHER,unknown,unknown,I
2023,Heat,OTHER,unknown,unknown,I
2023,Heat,OTHER,unknown,unknown,I
2023,Heat,OTHER,unknown,unknown,D
2023,Heat,OTHER,unknown,unknown,D
2023,Heat,OTHER,unknown,unknown,I
2023,Heat,OTHER,unknown,unknown,I
2023,Heat,OTHER,unknown,unknown,I
2023,Heat,OTHER,unknown,unknown,D
2023,Heat,OTHER,unknown,unknown,I
2023,Heat,OTHER,unknown,unknown,I
2023,Heat,OTHER,unknown,unknown,D
2023,Heat,OTHER,unknown,unknown,D
2023,Heat,OTHER,unknown,unknown,I
2023,Heat,OTHER,unknown,unknown,D
2023,Heat,OTHER,unknown,unknown,D
2023,Heat,OTHER,unknown,unknown,D
2023,Heat,MH,40-64,M,D
2023,Heat,OUTDOOR,65+,F,D
2023,Heat,OUTDOOR,65+,F,D
2023,Heat,OUTDOOR,40-64,M,D
2023,Heat,OUTDOOR,40-64,M,I
2023,Heat,OUTDOOR,40-64,M,I
2023,Heat,VEHICLE,40-64,M,I
2023,Heat,RES,65+,M,I
2023,Heat,RES,65+,M,D
2023,Heat,RES,65+,F,I
2023,Heat,RES,65+,M,I
2023,Heat,VEHICLE,65+,F,I
2023,Heat,OUTDOOR,40-64,M,D
2023,Heat,MH,40-64,M,D
2023,Heat,OUTDOOR,40-64,M,D
2023,Heat,OUTDOOR,40-64,M,D
2023,Heat,OTHER,65+,F,D
2023,Heat,OTHER,65+,M,D
2023,Heat,MH,65+,M,D
2023,Heat,RES,65+,M,D
2023,Heat,OUTDOOR,18-39,M,D
2023,Heat,RES,40-64,M,D
2023,Heat,OUTDOOR,18-39,M,D
2023,Heat,OUTDOOR,18-39,M,D
2023,Heat,VEHICLE,65+,M,D
2023,Heat,RES,18-39,M,D
2023,Heat,OTHER,unknown,unknown,D
2023,Heat,OTHER,unknown,unknown,D
2023,Heat,OTHER,unknown,unknown,I
2023,Heat,OTHER,unknown,unknown,I
2023,Heat,OTHER,unknown,unknown,I
2023,Heat,OTHER,unknown,unknown,I
2023,Heat,OTHER,unknown,unknown,D
2023,Heat,OTHER,unknown,unknown,D
2023,Heat,OTHER,unknown,unknown,D
2023,Heat,OTHER,unknown,unknown,D
2023,Heat,OTHER,unknown,unknown,D
2023,Heat,OTHER,unknown,unknown,D
2023,Heat,RES,65+,F,I
2023,Heat,RES,40-64,F,I
2023,Heat,OUTDOOR,40-64,M,D
2023,Heat,OTHER,unknown,unknown,D
2023,Heat,RES,65+,M,D
2023,Heat,RES,65+,M,I
2023,Heat,RES,65+,F,D
2023,Heat,RES,40-64,M,D
2023,Heat,RES,65+,F,D
2023,Heat,RES,65+,M,D
2023,Heat,OTHER,65+,F,I
2023,Heat,OTHER,unknown,unknown,I
2023,Heat,RES,65+,F,D
2023,Heat,OUTDOOR,unknown,M,D
2023,Heat,OUTDOOR,18-39,M,D
2023,Heat,OUTDOOR,18-39,M,D
2023,Heat,RES,40-64,F,I
2023,Heat,OUTDOOR,40-64,M,D
2023,Heat,OUTDOOR,18-39,F,D
2023,Heat,OUTDOOR,40-64,M,D
2023,Heat,OUTDOOR,18-39,F,D
2023,Heat,OUTDOOR,65+,M,I
2023,Heat,VEHICLE,0-17,F,D
2023,Heat,OTHER,unknown,unknown,D
2023,Heat,OTHER,unknown,unknown,D
2023,Heat,OTHER,unknown,unknown,D
2023,Heat,OTHER,unknown,unknown,I
2023,Heat,OTHER,unknown,unknown,D
2023,Heat,OTHER,unknown,unknown,D
2023,Heat,OTHER,unknown,unknown,I
2023,Heat,MH,65+,M,D
2023,Heat,OUTDOOR,18-39,M,D
2023,Heat,OUTDOOR,40-64,M,D
2023,Heat,RES,40-64,M,D
2023,Heat,VEHICLE,0-17,M,D
2023,Heat,RES,65+,M,D
2023,Heat,OTHER,unknown,unknown,D
2023,Heat,OTHER,65+,M,D
2023,Heat,OUTDOOR,40-64,M,I
2023,Heat,OUTDOOR,40-64,F,I
2023,Heat,OUTDOOR,40-64,M,I
2023,Heat,OUTDOOR,40-64,M,I
2023,Heat,OTHER,unknown,unknown,I
2023,Heat,OUTDOOR,18-39,F,D
2023,Heat,OTHER,unknown,unknown,D
2023,Heat,OTHER,unknown,unknown,D
2023,Heat,RES,65+,F,D
2023,Heat,RES,65+,M,D
2023,Heat,OUTDOOR,40-64,M,D
2023,Heat,OUTDOOR,65+,M,D
2023,Heat,OTHER,unknown,unknown,D
2023,Heat,OTHER,unknown,unknown,D
2023,Heat,OTHER,unknown,unknown,I
2023,Heat,OTHER,unknown,unknown,D
2023,Heat,OTHER,unknown,unknown,I
2023,Heat,OTHER,unknown,unknown,D
2023,Heat,OTHER,unknown,unknown,I
2023,Heat,OTHER,unknown,unknown,D
2023,Heat,OTHER,unknown,unknown,D
2023,Heat,OTHER,unknown,unknown,I
2023,Heat,OUTDOOR,18-39,M,D
2023,Heat,OTHER,unknown,unknown,D
2023,Heat,OTHER,unknown,unknown,I
2023,Heat,OTHER,unknown,unknown,I
2023,Heat,OTHER,unknown,unknown,D
2023,Heat,OTHER,unknown,unknown,D
2023,Heat,OTHER,unknown,unknown,D
2023,Heat,OTHER,unknown,unknown,D
2023,Heat,OTHER,unknown,unknown,I
2023,Heat,OTHER,unknown,unknown,D
2023,Heat,OTHER,unknown,unknown,D
2023,Heat,OTHER,unknown,unknown,D
2023,Heat,OTHER,unknown,unknown,D
2023,Heat,OTHER,unknown,unknown,D
2023,Heat,OTHER,unknown,unknown,D
2023,Heat,OTHER,unknown,unknown,D
2023,Heat,OTHER,unknown,unknown,I
2023,Heat,OTHER,unknown,unknown,I
2023,Heat,OTHER,unknown,unknown,D
2023,Heat,OTHER,unknown,unknown,D
2023,Heat,RES,65+,F,D
2023,Heat,RES,65+,F,D
2023,Heat,OTHER,unknown,unknown,D
2023,Heat,OTHER,unknown,unknown,I
2023,Heat,OTHER,unknown,unknown,D
2023,Heat,OTHER,unknown,unknown,D
2023,Heat,OTHER,unknown,unknown,I
2023,Heavy Rain,VEHICLE,65+,M,I
2023,Heavy Rain,VEHICLE,40-64,M,I
2023,Heavy Rain,WATER,40-64,M,D
2023,Heavy Snow,RES,unknown,M,D
2023,Heavy Snow,OUTDOOR,18-39,M,D
2023,Heavy Snow,OUTDOOR,unknown,unknown,I
2023,Heavy Snow,OUTDOOR,unknown,unknown,I
2023,Heavy Snow,RES,65+,F,D
2023,High Surf,WATER,0-17,M,D
2023,High Surf,WATER,18-39,F,D
2023,High Surf,WATER,18-39,M,D
2023,High Surf,WATER,18-39,M,D
2023,High Surf,WATER,65+,M,D
2023,High Surf,WATER,18-39,M,D
2023,High Wind,OUTDOOR,40-64,M,D
2023,High Wind,VEHICLE,40-64,M,D
2023,High Wind,OUTDOOR,unknown,F,D
2023,High Wind,WATER,40-64,M,D
2023,High Wind,WATER,18-39,M,D
2023,High Wind,OUTDOOR,65+,M,I
2023,High Wind,VEHICLE,65+,M,D
2023,High Wind,VEHICLE,0-17,F,D
2023,High Wind,OUTDOOR,65+,F,D
2023,High Wind,OUTDOOR,40-64,M,D
2023,High Wind,OUTDOOR,40-64,M,D
2023,High Wind,OUTDOOR,0-17,F,D
2023,High Wind,RES,unknown,M,D
2023,High Wind,OUTDOOR,65+,M,D
2023,High Wind,VEHICLE,40-64,F,D
2023,High Wind,VEHICLE,40-64,M,D
2023,Hurricane (Typhoon),OTHER,unknown,unknown,D
2023,Ice Storm,OUTDOOR,18-39,M,D
2023,Lightning,VEHICLE,unknown,unknown,D
2023,Lightning,OUTDOOR,40-64,M,D
2023,Lightning,RES,65+,M,I
2023,Lightning,OUTDOOR,18-39,M,D
2023,Lightning,OTHER,18-39,M,D
2023,Lightning,OUTDOOR,65+,F,D
2023,Lightning,OUTDOOR,18-39,M,D
2023,Lightning,WATER,0-17,F,D
2023,Lightning,PUBLIC,18-39,M,D
2023,Lightning,OUTDOOR,18-39,M,D
2023,Lightning,WATER,65+,M,D
2023,Lightning,OUTDOOR,0-17,F,D
2023,Lightning,OUTDOOR,18-39,M,D
2023,Lightning,OUTDOOR,0-17,M,D
2023,Lightning,WATER,18-39,M,D
2023,Lightning,OUTDOOR,unknown,M,D
2023,Rip Current,WATER,0-17,M,D
2023,Rip Current,WATER,40-64,M,D
2023,Rip Current,WATER,18-39,M,D
2023,Rip Current,WATER,0-17,F,D
2023,Rip Current,WATER,18-39,M,D
2023,Rip Current,WATER,40-64,M,D
2023,Rip Current,WATER,40-64,M,D
2023,Rip Current,WATER,18-39,F,D
2023,Rip Current,OTHER,0-17,M,D
2023,Rip Current,WATER,unknown,M,D
2023,Rip Current,WATER,unknown,unknown,D
2023,Rip Current,WATER,40-64,M,D
2023,Rip Current,WATER,18-39,M,D
2023,Rip Current,WATER,18-39,M,D
2023,Rip Current,WATER,18-39,M,D
2023,Rip Current,WATER,40-64,M,D
2023,Rip Current,WATER,18-39,M,D
2023,Rip Current,WATER,18-39,M,D
2023,Rip Current,WATER,18-39,M,D
2023,Rip Current,WATER,0-17,M,D
2023,Rip Current,WATER,unknown,M,D
2023,Rip Current,WATER,40-64,M,D
2023,Rip Current,WATER,0-17,M,D
2023,Rip Current,WATER,40-64,M,D
2023,Rip Current,WATER,18-39,M,D
2023,Rip Current,WATER,65+,M,D
2023,Rip Current,WATER,18-39,M,D
2023,Rip Current,WATER,0-17,M,D
2023,Rip Current,WATER,40-64,M,D
2023,Rip Current,WATER,18-39,M,D
2023,Rip Current,WATER,0-17,M,D
2023,Rip Current,WATER,65+,M,D
2023,Rip Current,WATER,40-64,M,D
2023,Rip Current,WATER,65+,M,D
2023,Rip Current,WATER,40-64,M,D
2023,Rip Current,WATER,65+,M,D
2023,Rip Current,WATER,40-64,M,D
2023,Rip Current,WATER,40-64,M,D
2023,Rip Current,WATER,40-64,M,D
2023,Rip Current,WATER,65+,M,D
2023,Rip Current,WATER,0-17,M,D
2023,Rip Current,WATER,0-17,M,D
2023,Rip Current,WATER,18-39,M,D
2023,Rip Current,WATER,18-39,F,D
2023,Rip Current,WATER,18-39,M,D
2023,Rip Current,WATER,18-39,M,D
2023,Rip Current,WATER,18-39,M,D
2023,Rip Current,WATER,18-39,M,D
2023,Rip Current,WATER,18-39,M,D
2023,Rip Current,WATER,18-39,M,D
2023,Rip Current,WATER,40-64,M,D
2023,Rip Current,WATER,40-64,F,D
2023,Rip Current,WATER,0-17,M,D
2023,Rip Current,WATER,65+,M,D
2023,Rip Current,WATER,18-39,M,D
2023,Rip Current,WATER,18-39,M,D
2023,Rip Current,WATER,18-39,F,D
2023,Rip Current,WATER,0-17,F,D
2023,Rip Current,WATER,0-17,F,D
2023,Rip Current,OTHER,0-17,M,D
2023,Rip Current,WATER,18-39,M,D
2023,Rip Current,WATER,18-39,M,D
2023,Strong Wind,OUTDOOR,18-39,M,D
2023,Strong Wind,MH,65+,F,D
2023,Strong Wind,MH,40-64,M,D
2023,Strong Wind,VEHICLE,65+,F,D
2023,Strong Wind,OUTDOOR,65+,F,D
2023,Strong Wind,RES,unknown,unknown,D
2023,Strong Wind,VEHICLE,65+,F,D
2023,Strong Wind,VEHICLE,18-39,M,I
2023,Strong Wind,VEHICLE,18-39,M,I
2023,Strong Wind,VEHICLE,18-39,M,I
2023,Strong Wind,OUTDOOR,unknown,F,D
2023,Strong Wind,VEHICLE,65+,F,D
2023,Strong Wind,VEHICLE,65+,M,D
2023,Strong Wind,OUTDOOR,40-64,F,D
2023,Strong Wind,OUTDOOR,40-64,M,D
2023,Strong Wind,OUTDOOR,18-39,M,D
2023,Strong Wind,RES,unknown,F,D
2023,Strong Wind,VEHICLE,65+,M,D
2023,Strong Wind,OUTDOOR,40-64,M,D
2023,Strong Wind,OUTDOOR,40-64,M,D
2023,Strong Wind,OUTDOOR,40-64,M,D
2023,Strong Wind,OUTDOOR,40-64,M,D
2023,Strong Wind,OUTDOOR,65+,M,D
2023,Strong Wind,OUTDOOR,40-64,M,D
2023,Thunderstorm Wind,MH,18-39,F,D
2023,Thunderstorm Wind,MH,18-39,M,D
2023,Thunderstorm Wind,OUTDOOR,65+,F,D
2023,Thunderstorm Wind,OUTDOOR,40-64,F,D
2023,Thunderstorm Wind,RES,0-17,M,D
2023,Thunderstorm Wind,MH,40-64,F,D
2023,Thunderstorm Wind,MH,40-64,M,D
2023,Thunderstorm Wind,OUTDOOR,18-39,M,D
2023,Thunderstorm Wind,OUTDOOR,unknown,F,D
2023,Thunderstorm Wind,WATER,18-39,M,D
2023,Thunderstorm Wind,RES,65+,M,I
2023,Thunderstorm Wind,OTHER,18-39,M,D
2023,Thunderstorm Wind,OUTDOOR,65+,F,D
2023,Thunderstorm Wind,OUTDOOR,40-64,F,D
2023,Thunderstorm Wind,OTHER,18-39,M,D
2023,Thunderstorm Wind,MH,18-39,M,D
2023,Thunderstorm Wind,VEHICLE,18-39,M,D
2023,Thunderstorm Wind,RES,65+,M,D
2023,Thunderstorm Wind,RES,unknown,unknown,D
2023,Thunderstorm Wind,OUTDOOR,unknown,F,D
2023,Thunderstorm Wind,OUTDOOR,0-17,M,D
2023,Thunderstorm Wind,OUTDOOR,0-17,unknown,D
2023,Thunderstorm Wind,RES,unknown,unknown,D
2023,Thunderstorm Wind,VEHICLE,65+,M,D
2023,Thunderstorm Wind,VEHICLE,65+,M,D
2023,Thunderstorm Wind,VEHICLE,18-39,F,D
2023,Thunderstorm Wind,RES,unknown,unknown,D
2023,Thunderstorm Wind,OTHER,65+,F,D
2023,Thunderstorm Wind,RES,40-64,M,D
2023,Thunderstorm Wind,OUTDOOR,unknown,M,D
2023,Thunderstorm Wind,OTHER,40-64,M,I
2023,Thunderstorm Wind,OUTDOOR,unknown,unknown,I
2023,Thunderstorm Wind,OTHER,65+,F,D
2023,Thunderstorm Wind,OUTDOOR,0-17,F,D
2023,Thunderstorm Wind,OUTDOOR,0-17,F,D
2023,Thunderstorm Wind,OUTDOOR,18-39,F,D
2023,Thunderstorm Wind,VEHICLE,40-64,F,D
2023,Tornado,MH,65+,M,D
2023,Tornado,MH,unknown,M,D
2023,Tornado,MH,0-17,M,D
2023,Tornado,VEHICLE,65+,M,D
2023,Tornado,OUTDOOR,40-64,F,D
2023,Tornado,MH,unknown,F,D
2023,Tornado,RES,65+,F,D
2023,Tornado,VEHICLE,40-64,M,D
2023,Tornado,VEHICLE,40-64,M,D
2023,Tornado,MH,40-64,F,D
2023,Tornado,MH,18-39,M,D
2023,Tornado,RES,40-64,M,D
2023,Tornado,MH,18-39,M,D
2023,Tornado,MH,40-64,F,D
2023,Tornado,MH,40-64,M,D
2023,Tornado,RES,40-64,M,D
2023,Tornado,MH,0-17,F,D
2023,Tornado,MH,40-64,M,D
2023,Tornado,VEHICLE,18-39,M,D
2023,Tornado,OTHER,unknown,unknown,D
2023,Tornado,RES,unknown,M,D
2023,Tornado,MH,0-17,F,D
2023,Tornado,MH,0-17,M,D
2023,Tornado,MH,18-39,F,D
2023,Tornado,MH,18-39,M,D
2023,Tornado,MH,0-17,F,D
2023,Tornado,MH,40-64,M,D
2023,Tornado,OTHER,unknown,unknown,I
2023,Tornado,RES,0-17,M,D
2023,Tornado,RES,40-64,F,D
2023,Tornado,RES,18-39,M,D
2023,Tornado,MH,65+,F,D
2023,Tornado,VEHICLE,unknown,unknown,D
2023,Tornado,VEHICLE,40-64,M,D
2023,Tornado,OTHER,unknown,unknown,I
2023,Tornado,VEHICLE,unknown,unknown,D
2023,Tornado,OTHER,unknown,unknown,I
2023,Tornado,VEHICLE,unknown,unknown,D
2023,Tornado,OTHER,unknown,unknown,I
2023,Tornado,VEHICLE,unknown,unknown,D
2023,Tornado,PUBLIC,40-64,M,D
2023,Tornado,MH,40-64,F,D
2023,Tornado,RES,40-64,F,D
2023,Tornado,RES,40-64,M,D
2023,Tornado,RES,40-64,F,D
2023,Tornado,RES,65+,M,D
2023,Tornado,MH,unknown,F,D
2023,Tornado,MH,40-64,M,D
2023,Tornado,MH,40-64,M,D
2023,Tornado,MH,40-64,F,D
2023,Tornado,RES,18-39,M,D
2023,Tornado,RES,18-39,F,D
2023,Tornado,RES,18-39,M,D
2023,Tornado,RES,18-39,F,D
2023,Tornado,MH,65+,M,D
2023,Tornado,MH,40-64,M,D
2023,Tornado,MH,18-39,F,D
2023,Tornado,MH,40-64,M,D
2023,Tornado,MH,40-64,F,D
2023,Tornado,MH,40-64,M,D
2023,Tornado,MH,65+,M,D
2023,Tornado,OTHER,40-64,F,D
2023,Tornado,MH,18-39,M,D
2023,Tornado,MH,40-64,F,D
2023,Tornado,MH,40-64,F,D
2023,Tornado,MH,40-64,F,D
2023,Tornado,MH,40-64,F,D
2023,Tornado,PUBLIC,65+,F,D
2023,Tornado,MH,40-64,M,D
2023,Tornado,PUBLIC,40-64,F,D
2023,Tornado,PUBLIC,40-64,M,D
2023,Tornado,RES,unknown,M,I
2023,Tornado,MH,40-64,F,D
2023,Tornado,MH,65+,F,D
2023,Tornado,MH,40-64,F,D
2023,Tornado,MH,65+,M,D
2023,Tornado,RES,65+,M,D
2023,Tornado,MH,0-17,M,D
2023,Tornado,RES,65+,F,D
2023,Tornado,RES,65+,F,D
2023,Tornado,RES,40-64,F,D
2023,Tornado,PUBLIC,18-39,F,D
2023,Tornado,RES,18-39,M,D
2023,Tornado,PUBLIC,40-64,F,D
2023,Tornado,MH,40-64,M,D
2023,Tornado,OUTDOOR,40-64,M,D
2023,Tornado,RES,unknown,unknown,D
2023,Tornado,MH,40-64,M,D
2023,Tornado,OTHER,unknown,unknown,D
2023,Tornado,RES,65+,F,D
2023,Tornado,MH,40-64,M,D
2023,Tornado,RES,40-64,F,D
2023,Tropical Storm,VEHICLE,40-64,M,I
2023,Tropical Storm,VEHICLE,unknown,M,D
2023,Tropical Storm,WATER,40-64,M,D
2023,Tropical Storm,VEHICLE,40-64,M,I
2023,Wildfire,OTHER,65+,M,D
2023,Wildfire,OTHER,65+,F,D
2023,Wildfire,OTHER,65+,F,D
2023,Wildfire,OTHER,65+,M,D
2023,Wildfire,OTHER,65+,F,D
2023,Wildfire,OTHER,65+,M,D
2023,Wildfire,VEHICLE,unknown,unknown,I
2023,Wildfire,OTHER,40-64,M,D
2023,Wildfire,VEHICLE,unknown,unknown,I
2023,Wildfire,OTHER,65+,M,D
2023,Wildfire,OTHER,65+,F,D
2023,Wildfire,OTHER,65+,M,D
2023,Wildfire,OTHER,65+,F,D
2023,Wildfire,OTHER,65+,M,D
2023,Wildfire,OTHER,18-39,M,D
2023,Wildfire,RES,40-64,M,D
2023,Wildfire,OTHER,18-39,M,D
2023,Wildfire,OTHER,18-39,F,D
2023,Wildfire,VEHICLE,unknown,unknown,I
2023,Wildfire,OTHER,40-64,F,D
2023,Wildfire,OTHER,40-64,F,D
2023,Wildfire,RES,65+,M,D
2023,Wildfire,OTHER,40-64,M,D
2023,Wildfire,OTHER,65+,F,D
2023,Wildfire,OTHER,40-64,F,D
2023,Wildfire,OTHER,0-17,M,D
2023,Wildfire,OTHER,40-64,F,D
2023,Wildfire,OTHER,65+,M,D
2023,Wildfire,OTHER,18-39,F,D
2023,Wildfire,OTHER,40-64,M,D
2023,Wildfire,OTHER,40-64,M,D
2023,Wildfire,OTHER,65+,M,D
2023,Wildfire,OTHER,65+,M,D
2023,Wildfire,OTHER,65+,M,D
2023,Wildfire,OTHER,65+,F,D
2023,Wildfire,OTHER,40-64,F,D
2023,Wildfire,OTHER,65+,M,D
2023,Wildfire,OTHER,65+,F,D
2023,Wildfire,OTHER,40-64,F,D
2023,Wildfire,OTHER,65+,M,D
2023,Wildfire,OTHER,0-17,M,D
2023,Wildfire,OTHER,65+,M,D
2023,Wildfire,OTHER,65+,M,D
2023,Wildfire,OTHER,65+,M,D
2023,Wildfire,OTHER,65+,F,D
2023,Wildfire,OTHER,65+,F,D
2023,Wildfire,OTHER,65+,M,D
2023,Wildfire,OTHER,40-64,M,D
2023,Wildfire,OTHER,65+,F,D
2023,Wildfire,OTHER,40-64,M,D
2023,Wildfire,OTHER,65+,F,D
2023,Wildfire,OTHER,65+,M,D
2023,Wildfire,OTHER,40-64,F,D
2023,Wildfire,OTHER,40-64,F,D
2023,Wildfire,OTHER,40-64,M,D
2023,Wildfire,OTHER,40-64,M,D
2023,Wildfire,OTHER,40-64,M,D
2023,Wildfire,OTHER,65+,F,D
2023,Wildfire,OTHER,65+,M,D
2023,Wildfire,OTHER,65+,M,D
2023,Wildfire,OTHER,65+,F,D
2023,Wildfire,OTHER,65+,F,D
2023,Wildfire,OTHER,65+,F,D
2023,Wildfire,OTHER,65+,M,D
2023,Wildfire,OTHER,65+,M,D
2023,Wildfire,OTHER,65+,F,D
2023,Wildfire,OTHER,40-64,M,D
2023,Wildfire,OTHER,65+,M,D
2023,Wildfire,OTHER,65+,M,D
2023,Wildfire,OTHER,40-64,F,D
2023,Wildfire,OTHER,65+,M,D
2023,Wildfire,OTHER,65+,F,D
2023,Wildfire,OTHER,65+,M,D
2023,Wildfire,OTHER,65+,M,D
2023,Wildfire,OTHER,65+,F,D
2023,Wildfire,OTHER,65+,M,D
2023,Wildfire,OTHER,40-64,M,D
2023,Wildfire,OTHER,40-64,M,D
2023,Wildfire,OTHER,65+,F,D
2023,Wildfire,OTHER,40-64,M,D
2023,Wildfire,OTHER,65+,M,D
2023,Wildfire,OTHER,0-17,M,D
2023,Wildfire,OTHER,18-39,F,D
2023,Wildfire,OTHER,65+,M,D
2023,Wildfire,OTHER,65+,F,D
2023,Wildfire,OTHER,65+,F,D
2023,Wildfire,OTHER,40-64,F,D
2023,Wildfire,OTHER,65+,M,D
2023,Wildfire,OTHER,65+,M,D
2023,Wildfire,OTHER,65+,M,D
2023,Wildfire,OTHER,40-64,F,D
2023,Wildfire,OTHER,40-64,M,D
2023,Wildfire,OTHER,18-39,M,D
2023,Wildfire,OTHER,65+,F,D
2023,Wildfire,OTHER,40-64,M,D
2023,Wildfire,OTHER,40-64,M,D
2023,Wildfire,OTHER,65+,M,D
2023,Wildfire,OTHER,65+,F,D
2023,Wildfire,OTHER,65+,M,D
2023,Wildfire,OTHER,65+,M,D
2023,Wildfire,OTHER,65+,M,D
2023,Wildfire,OTHER,40-64,M,D
2023,Wildfire,OTHER,40-64,F,D
2023,Wildfire,OTHER,65+,M,D
2023,Wildfire,OTHER,65+,F,D
2023,Wildfire,OTHER,65+,M,D
2023,Wildfire,OTHER,40-64,F,D
2023,Winter Storm,VEHICLE,unknown,unknown,I
2023,Winter Storm,VEHICLE,unknown,unknown,I
2023,Winter Storm,RES,unknown,unknown,D
2023,Winter Storm,VEHICLE,unknown,unknown,I
2023,Winter Storm,VEHICLE,40-64,M,I
2023,Winter Weather,VEHICLE,18-39,M,I
2023,Winter Weather,VEHICLE,40-64,F,I
2023,Winter Weather,VEHICLE,40-64,M,I
2023,Winter Weather,VEHICLE,0-17,F,D
2023,Winter Weather,VEHICLE,40-64,F,I
2023,Winter Weather,VEHICLE,40-64,M,I
2023,Winter Weather,VEHICLE,unknown,unknown,I
2023,Winter Weather,VEHICLE,40-64,M,I
2023,Winter Weather,VEHICLE,unknown,unknown,D
2023,Winter Weather,VEHICLE,unknown,F,I
2023,Winter Weather,VEHICLE,18-39,M,I
2023,Winter Weather,VEHICLE,40-64,M,I
2023,Winter Weather,VEHICLE,40-64,M,I
2023,Winter Weather,VEHICLE,18-39,F,I
2023,Winter Weather,VEHICLE,18-39,M,I
2023,Winter Weather,VEHICLE,40-64,F,I
2023,Winter Weather,VEHICLE,18-39,M,I
2023,Winter Weather,VEHICLE,40-64,F,I
2023,Winter Weather,OUTDOOR,0-17,F,I
2023,Winter Weather,VEHICLE,65+,F,I
2023,Winter Weather,VEHICLE,40-64,M,I
2023,Winter Weather,VEHICLE,65+,M,I
2023,Winter Weather,VEHICLE,40-64,F,I
2023,Winter Weather,VEHICLE,40-64,M,I
2023,Winter Weather,OTHER,unknown,unknown,D
2023,Winter Weather,VEHICLE,18-39,M,I
2023,Winter Weather,VEHICLE,18-39,M,I
2023,Winter Weather,OTHER,40-64,F,D
2023,Winter Weather,VEHICLE,unknown,unknown,D
2023,Winter Weather,VEHICLE,18-39,M,I
2023,Winter Weather,VEHICLE,0-17,M,I
2023,Winter Weather,VEHICLE,40-64,F,I
2023,Winter Weather,VEHICLE,40-64,F,I
2024,Avalanche,OUTDOOR,40-64,M,D
2024,Avalanche,OUTDOOR,40-64,M,D
2024,Avalanche,OUTDOOR,18-39,M,D
2024,Avalanche,OUTDOOR,0-17,M,D
2024,Avalanche,OUTDOOR,unknown,unknown,D
2024,Avalanche,OUTDOOR,18-39,M,D
2024,Avalanche,OUTDOOR,65+,M,D
2024,Avalanche,OUTDOOR,18-39,M,D
2024,Avalanche,OUTDOOR,40-64,M,D
2024,Avalanche,OUTDOOR,18-39,M,D
2024,Avalanche,OUTDOOR,18-39,M,D
2024,Blizzard,VEHICLE,40-64,M,I
2024,Blizzard,VEHICLE,65+,M,I
2024,Cold/Wind Chill,OUTDOOR,18-39,M,D
2024,Cold/Wind Chill,RES,65+,M,D
2024,Cold/Wind Chill,WATER,18-39,M,D
2024,Cold/Wind Chill,WATER,0-17,M,D
2024,Cold/Wind Chill,OTHER,18-39,M,D
2024,Cold/Wind Chill,WATER,18-39,M,D
2024,Cold/Wind Chill,WATER,unknown,M,D
2024,Cold/Wind Chill,WATER,unknown,M,D
2024,Cold/Wind Chill,OUTDOOR,65+,F,D
2024,Cold/Wind Chill,OUTDOOR,65+,M,D
2024,Cold/Wind Chill,WATER,18-39,F,D
2024,Cold/Wind Chill,OUTDOOR,65+,F,D
2024,Cold/Wind Chill,OUTDOOR,40-64,M,I
2024,Cold/Wind Chill,RES,65+,F,D
2024,Cold/Wind Chill,VEHICLE,40-64,F,D
2024,Cold/Wind Chill,RES,65+,F,D
2024,Cold/Wind Chill,OUTDOOR,65+,M,D
2024,Cold/Wind Chill,OUTDOOR,65+,M,D
2024,Cold/Wind Chill,WATER,unknown,M,D
2024,Cold/Wind Chill,WATER,18-39,M,D
2024,Cold/Wind Chill,OTHER,65+,M,D
2024,Cold/Wind Chill,OUTDOOR,40-64,F,D
2024,Cold/Wind Chill,RES,40-64,M,D
2024,Cold/Wind Chill,OUTDOOR,40-64,M,D
2024,Cold/Wind Chill,OUTDOOR,40-64,M,D
2024,Cold/Wind Chill,OUTDOOR,18-39,M,D
2024,Cold/Wind Chill,WATER,unknown,F,D
2024,Cold/Wind Chill,OTHER,40-64,M,D
2024,Cold/Wind Chill,OTHER,unknown,unknown,D
2024,Cold/Wind Chill,OTHER,65+,unknown,D
2024,Cold/Wind Chill,OUTDOOR,40-64,M,D
2024,Cold/Wind Chill,OUTDOOR,65+,M,D
2024,Cold/Wind Chill,OUTDOOR,40-64,M,D
2024,Cold/Wind Chill,OUTDOOR,40-64,F,D
2024,Cold/Wind Chill,OTHER,40-64,M,D
2024,Cold/Wind Chill,VEHICLE,65+,F,D
2024,Cold/Wind Chill,OUTDOOR,18-39,M,D
2024,Cold/Wind Chill,RES,40-64,M,D
2024,Cold/Wind Chill,OUTDOOR,65+,M,D
2024,Debris Flow,RES,65+,M,D
2024,Debris Flow,RES,65+,M,D
2024,Debris Flow,RES,40-64,F,D
2024,Debris Flow,VEHICLE,40-64,M,D
2024,Debris Flow,RES,65+,M,D
2024,Debris Flow,RES,40-64,F,D
2024,Debris Flow,RES,18-39,M,D
2024,Debris Flow,OUTDOOR,unknown,unknown,D
2024,Debris Flow,OUTDOOR,unknown,M,D
2024,Debris Flow,RES,65+,F,D
2024,Debris Flow,VEHICLE,18-39,M,D
2024,Debris Flow,RES,65+,F,D
2024,Debris Flow,RES,65+,F,D
2024,Debris Flow,RES,65+,M,D
2024,Debris Flow,VEHICLE,40-64,M,D
2024,Debris Flow,RES,65+,M,D
2024,Dense Fog,VEHICLE,unknown,unknown,I
2024,Dense Fog,VEHICLE,40-64,M,I
2024,Dense Fog,VEHICLE,65+,M,I
2024,Dense Fog,VEHICLE,18-39,F,I
2024,Dense Fog,VEHICLE,unknown,unknown,I
2024,Dense Fog,VEHICLE,18-39,M,I
2024,Dense Fog,WATER,18-39,F,I
2024,Dense Fog,VEHICLE,unknown,unknown,I
2024,Dense Fog,VEHICLE,unknown,unknown,I
2024,Dense Fog,VEHICLE,65+,F,I
2024,Dense Fog,VEHICLE,unknown,unknown,I
2024,Dense Fog,VEHICLE,unknown,unknown,I
2024,Dense Fog,WATER,18-39,M,I
2024,Dense Fog,WATER,18-39,M,I
2024,Dense Fog,WATER,18-39,F,I
2024,Dense Fog,OUTDOOR,0-17,F,I
2024,Dense Fog,VEHICLE,65+,F,I
2024,Dense Fog,VEHICLE,0-17,M,I
2024,Dust Devil,OUTDOOR,18-39,F,D
2024,Dust Devil,OUTDOOR,18-39,F,D
2024,Dust Storm,VEHICLE,40-64,M,I
2024,Excessive Heat,OTHER,unknown,unknown,D
2024,Excessive Heat,OTHER,65+,M,I
2024,Excessive Heat,OTHER,unknown,unknown,I
2024,Excessive Heat,OTHER,unknown,unknown,I
2024,Excessive Heat,OTHER,unknown,unknown,I
2024,Excessive Heat,OTHER,unknown,unknown,I
2024,Excessive Heat,OTHER,unknown,unknown,D
2024,Excessive Heat,OTHER,unknown,unknown,D
2024,Excessive Heat,OTHER,unknown,unknown,D
2024,Excessive Heat,OTHER,unknown,unknown,I
2024,Excessive Heat,OTHER,unknown,unknown,I
2024,Excessive Heat,OTHER,unknown,unknown,D
2024,Excessive Heat,OTHER,unknown,unknown,D
2024,Excessive Heat,OTHER,unknown,unknown,D
2024,Excessive Heat,OTHER,unknown,unknown,D
2024,Excessive Heat,OTHER,unknown,unknown,D
2024,Excessive Heat,OTHER,unknown,unknown,I
2024,Excessive Heat,OTHER,unknown,unknown,I
2024,Excessive Heat,OTHER,unknown,unknown,I
2024,Excessive Heat,OTHER,unknown,unknown,D
2024,Excessive Heat,OTHER,unknown,unknown,D
2024,Excessive Heat,OTHER,unknown,unknown,D
2024,Excessive Heat,OTHER,40-64,F,I
2024,Excessive Heat,OTHER,unknown,unknown,D
2024,Excessive Heat,OUTDOOR,unknown,M,D
2024,Excessive Heat,OUTDOOR,18-39,M,D
2024,Excessive Heat,OTHER,unknown,unknown,D
2024,Excessive Heat,MH,40-64,M,I
2024,Excessive Heat,MH,65+,F,D
2024,Excessive Heat,OUTDOOR,40-64,M,I
2024,Excessive Heat,OUTDOOR,40-64,M,D
2024,Excessive Heat,OUTDOOR,unknown,unknown,D
2024,Excessive Heat,RES,40-64,F,I
2024,Excessive Heat,MH,65+,M,D
2024,Excessive Heat,OUTDOOR,40-64,M,I
2024,Excessive Heat,OUTDOOR,65+,M,I
2024,Excessive Heat,OUTDOOR,18-39,M,I
2024,Excessive Heat,OUTDOOR,65+,M,D
2024,Excessive Heat,MH,40-64,M,D
2024,Excessive Heat,OTHER,unknown,unknown,I
2024,Excessive Heat,OUTDOOR,40-64,M,D
2024,Excessive Heat,RES,65+,M,I
2024,Excessive Heat,RES,65+,F,I
2024,Excessive Heat,OUTDOOR,18-39,M,D
2024,Excessive Heat,OTHER,unknown,unknown,I
2024,Excessive Heat,RES,65+,F,D
2024,Excessive Heat,OUTDOOR,40-64,F,D
2024,Excessive Heat,OTHER,65+,M,D
2024,Excessive Heat,RES,40-64,M,D
2024,Excessive Heat,VEHICLE,40-64,M,D
2024,Excessive Heat,OTHER,65+,F,I
2024,Excessive Heat,OTHER,65+,F,I
2024,Excessive Heat,OTHER,40-64,M,D
2024,Excessive Heat,OTHER,40-64,M,D
2024,Excessive Heat,OTHER,40-64,M,I
2024,Excessive Heat,OUTDOOR,40-64,M,I
2024,Excessive Heat,OTHER,18-39,M,D
2024,Excessive Heat,OTHER,40-64,M,D
2024,Excessive Heat,OTHER,40-64,M,D
2024,Excessive Heat,OTHER,18-39,M,D
2024,Excessive Heat,OTHER,40-64,M,D
2024,Excessive Heat,OTHER,40-64,M,I
2024,Excessive Heat,OTHER,65+,M,D
2024,Excessive Heat,OTHER,65+,F,I
2024,Excessive Heat,OTHER,40-64,M,D
2024,Excessive Heat,OTHER,65+,M,I
2024,Excessive Heat,OTHER,40-64,M,I
2024,Excessive Heat,OTHER,unknown,unknown,D
2024,Excessive Heat,OUTDOOR,65+,F,I
2024,Excessive Heat,OUTDOOR,65+,M,D
2024,Excessive Heat,MH,18-39,M,I
2024,Excessive Heat,OTHER,40-64,M,D
2024,Excessive Heat,OTHER,40-64,M,D
2024,Excessive Heat,OTHER,40-64,M,I
2024,Excessive Heat,OTHER,65+,M,I
2024,Excessive Heat,OTHER,unknown,unknown,D
2024,Excessive Heat,OTHER,unknown,unknown,D
2024,Excessive Heat,OTHER,unknown,unknown,D
2024,Excessive Heat,VEHICLE,0-17,F,D
2024,Excessive Heat,RES,unknown,M,I
2024,Excessive Heat,RES,unknown,F,I
2024,Excessive Heat,OUTDOOR,18-39,F,D
2024,Excessive Heat,OUTDOOR,65+,M,I
2024,Excessive Heat,OUTDOOR,65+,F,I
2024,Excessive Heat,MH,40-64,F,I
2024,Excessive Heat,RES,65+,M,I
2024,Excessive Heat,VEHICLE,65+,M,D
2024,Excessive Heat,RES,65+,F,D
2024,Excessive Heat,OUTDOOR,65+,F,D
2024,Excessive Heat,OTHER,unknown,unknown,D
2024,Excessive Heat,OTHER,unknown,unknown,D
2024,Excessive Heat,OTHER,unknown,unknown,D
2024,Excessive Heat,OTHER,unknown,unknown,D
2024,Excessive Heat,OTHER,unknown,unknown,D
2024,Excessive Heat,OTHER,unknown,unknown,D
2024,Excessive Heat,OTHER,unknown,unknown,D
2024,Excessive Heat,OTHER,unknown,unknown,D
2024,Excessive Heat,OTHER,unknown,unknown,D
2024,Excessive Heat,OTHER,unknown,unknown,D
2024,Excessive Heat,OTHER,18-39,M,D
2024,Excessive Heat,OTHER,unknown,unknown,I
2024,Excessive Heat,OTHER,unknown,unknown,I
2024,Excessive Heat,OTHER,unknown,unknown,D
2024,Excessive Heat,OTHER,unknown,unknown,D
2024,Excessive Heat,OTHER,unknown,unknown,D
2024,Excessive Heat,OTHER,65+,F,I
2024,Excessive Heat,OTHER,40-64,M,I
2024,Excessive Heat,OTHER,40-64,M,D
2024,Excessive Heat,OTHER,65+,F,D
2024,Excessive Heat,OTHER,unknown,unknown,D
2024,Excessive Heat,OTHER,unknown,unknown,D
2024,Excessive Heat,OTHER,unknown,unknown,D
2024,Excessive Heat,OTHER,unknown,unknown,D
2024,Excessive Heat,VEHICLE,0-17,F,D
2024,Excessive Heat,RES,65+,M,I
2024,Excessive Heat,RES,65+,M,D
2024,Excessive Heat,OUTDOOR,65+,M,I
2024,Excessive Heat,RES,65+,M,D
2024,Excessive Heat,OUTDOOR,18-39,M,I
2024,Excessive Heat,WATER,18-39,M,I
2024,Excessive Heat,WATER,40-64,M,I
2024,Excessive Heat,OTHER,65+,M,D
2024,Excessive Heat,OTHER,65+,F,D
2024,Excessive Heat,OTHER,65+,M,D
2024,Excessive Heat,OTHER,65+,F,D
2024,Excessive Heat,OTHER,65+,M,D
2024,Excessive Heat,OTHER,40-64,M,I
2024,Excessive Heat,VEHICLE,40-64,M,D
2024,Excessive Heat,OUTDOOR,65+,M,I
2024,Excessive Heat,OUTDOOR,65+,M,I
2024,Excessive Heat,OUTDOOR,65+,M,I
2024,Excessive Heat,OTHER,65+,M,I
2024,Excessive Heat,OUTDOOR,40-64,M,I
2024,Excessive Heat,PUBLIC,40-64,M,I
2024,Excessive Heat,RES,40-64,M,D
2024,Excessive Heat,OUTDOOR,65+,M,I
2024,Excessive Heat,OUTDOOR,40-64,M,I
2024,Excessive Heat,OUTDOOR,65+,M,D
2024,Excessive Heat,OUTDOOR,40-64,M,D
2024,Excessive Heat,OUTDOOR,65+,F,D
2024,Excessive Heat,OUTDOOR,unknown,F,D
2024,Excessive Heat,OUTDOOR,40-64,M,I
2024,Excessive Heat,OUTDOOR,65+,F,D
2024,Excessive Heat,OUTDOOR,unknown,M,D
2024,Excessive Heat,MH,40-64,M,D
2024,Excessive Heat,OTHER,40-64,M,D
2024,Excessive Heat,OTHER,65+,M,I
2024,Excessive Heat,OTHER,65+,M,I
2024,Excessive Heat,OTHER,40-64,M,I
2024,Excessive Heat,OTHER,65+,F,I
2024,Excessive Heat,OTHER,65+,M,I
2024,Excessive Heat,OTHER,65+,F,I
2024,Excessive Heat,OTHER,40-64,M,D
2024,Excessive Heat,OTHER,65+,M,D
2024,Excessive Heat,OTHER,40-64,F,I
2024,Excessive Heat,OTHER,40-64,M,I
2024,Excessive Heat,OTHER,18-39,M,D
2024,Excessive Heat,OTHER,40-64,M,I
2024,Excessive Heat,OTHER,40-64,M,D
2024,Excessive Heat,OTHER,65+,F,I
2024,Excessive Heat,OTHER,65+,M,I
2024,Excessive Heat,OTHER,65+,M,I
2024,Excessive Heat,OTHER,65+,F,D
2024,Excessive Heat,OTHER,40-64,M,D
2024,Excessive Heat,OTHER,65+,M,I
2024,Excessive Heat,OUTDOOR,0-17,F,D
2024,Excessive Heat,OTHER,40-64,M,I
2024,Excessive Heat,OTHER,unknown,unknown,I
2024,Excessive Heat,OTHER,unknown,unknown,I
2024,Excessive Heat,OTHER,unknown,unknown,D
2024,Excessive Heat,OTHER,unknown,unknown,I
2024,Excessive Heat,OTHER,unknown,unknown,D
2024,Excessive Heat,OTHER,unknown,unknown,I
2024,Excessive Heat,OTHER,unknown,unknown,D
2024,Excessive Heat,OTHER,unknown,unknown,D
2024,Excessive Heat,OTHER,40-64,M,D
2024,Excessive Heat,OTHER,65+,F,I
2024,Excessive Heat,OTHER,65+,M,D
2024,Excessive Heat,OTHER,65+,F,D
2024,Excessive Heat,OTHER,40-64,M,D
2024,Excessive Heat,OTHER,40-64,M,I
2024,Excessive Heat,OTHER,18-39,M,D
2024,Excessive Heat,OTHER,40-64,M,D
2024,Excessive Heat,OTHER,18-39,M,I
2024,Excessive Heat,OTHER,40-64,F,I
2024,Excessive Heat,OTHER,40-64,F,I
2024,Excessive Heat,OTHER,40-64,M,I
2024,Excessive Heat,OTHER,18-39,M,I
2024,Excessive Heat,OTHER,65+,F,I
2024,Excessive Heat,OTHER,65+,M,D
2024,Excessive Heat,OTHER,65+,F,D
2024,Excessive Heat,OTHER,40-64,M,I
2024,Excessive Heat,OTHER,18-39,M,I
2024,Excessive Heat,OTHER,65+,F,D
2024,Excessive Heat,OTHER,40-64,M,D
2024,Excessive Heat,OTHER,40-64,M,I
2024,Excessive Heat,OTHER,65+,M,I
2024,Excessive Heat,OUTDOOR,unknown,F,D
2024,Excessive Heat,OTHER,unknown,unknown,D
2024,Excessive Heat,OUTDOOR,unknown,M,D
2024,Excessive Heat,OUTDOOR,40-64,M,I
2024,Excessive Heat,OUTDOOR,unknown,unknown,D
2024,Excessive Heat,OTHER,unknown,unknown,D
2024,Excessive Heat,OUTDOOR,40-64,M,I
2024,Excessive Heat,OTHER,40-64,F,I
2024,Excessive Heat,OTHER,40-64,F,I
2024,Excessive Heat,OTHER,40-64,M,I
2024,Excessive Heat,OTHER,unknown,unknown,I
2024,Excessive Heat,OTHER,65+,F,D
2024,Excessive Heat,OTHER,65+,F,I
2024,Excessive Heat,OTHER,40-64,M,D
2024,Excessive Heat,OTHER,65+,F,D
2024,Excessive Heat,OTHER,65+,F,D
2024,Excessive Heat,OTHER,40-64,F,I
2024,Excessive Heat,OTHER,18-39,M,I
2024,Excessive Heat,OTHER,40-64,F,I
2024,Excessive Heat,OTHER,65+,M,I
2024,Excessive Heat,OTHER,65+,F,I
2024,Excessive Heat,OTHER,65+,F,I
2024,Excessive Heat,OTHER,40-64,M,I
2024,Excessive Heat,OTHER,65+,F,I
2024,Excessive Heat,OTHER,40-64,M,I
2024,Excessive Heat,OTHER,65+,F,I
2024,Excessive Heat,OTHER,40-64,F,I
2024,Excessive Heat,OTHER,40-64,M,D
2024,Excessive Heat,OTHER,18-39,M,I
2024,Excessive Heat,OTHER,65+,M,I
2024,Excessive Heat,OTHER,40-64,M,D
2024,Excessive Heat,OTHER,40-64,M,I
2024,Excessive Heat,OTHER,18-39,M,I
2024,Excessive Heat,OTHER,40-64,M,I
2024,Excessive Heat,OTHER,18-39,M,I
2024,Excessive Heat,OTHER,65+,M,I
2024,Excessive Heat,OTHER,65+,F,D
2024,Excessive Heat,OUTDOOR,40-64,F,D
2024,Excessive Heat,OTHER,40-64,M,I
2024,Excessive Heat,OTHER,65+,F,I
2024,Excessive Heat,OTHER,65+,M,I
2024,Excessive Heat,OTHER,18-39,M,D
2024,Excessive Heat,OTHER,18-39,M,I
2024,Excessive Heat,VEHICLE,0-17,F,D
2024,Excessive Heat,OTHER,40-64,M,D
2024,Excessive Heat,OTHER,40-64,M,I
2024,Excessive Heat,OTHER,40-64,F,D
2024,Excessive Heat,OTHER,65+,M,D
2024,Excessive Heat,OTHER,65+,M,I
2024,Excessive Heat,OTHER,65+,F,I
2024,Excessive Heat,OTHER,40-64,M,I
2024,Excessive Heat,OTHER,65+,M,D
2024,Excessive Heat,OTHER,65+,M,I
2024,Excessive Heat,OTHER,65+,M,I
2024,Excessive Heat,OTHER,65+,F,D
2024,Excessive Heat,OTHER,40-64,M,D
2024,Extreme Cold/Wind Chill,OTHER,unknown,unknown,D
2024,Extreme Cold/Wind Chill,OTHER,unknown,unknown,D
2024,Extreme Cold/Wind Chill,OTHER,unknown,unknown,D
2024,Extreme Cold/Wind Chill,OTHER,unknown,unknown,D
2024,Extreme Cold/Wind Chill,OUTDOOR,65+,F,D
2024,Extreme Cold/Wind Chill,MH,65+,M,D
2024,Extreme Cold/Wind Chill,OUTDOOR,40-64,M,D
2024,Extreme Cold/Wind Chill,OUTDOOR,40-64,F,D
2024,Extreme Cold/Wind Chill,OTHER,40-64,F,I
2024,Flash Flood,OTHER,65+,M,D
2024,Flash Flood,OTHER,unknown,unknown,D
2024,Flash Flood,OUTDOOR,18-39,F,D
2024,Flash Flood,OUTDOOR,40-64,F,D
2024,Flash Flood,OUTDOOR,40-64,F,D
2024,Flash Flood,OUTDOOR,40-64,M,D
2024,Flash Flood,OUTDOOR,40-64,F,D
2024,Flash Flood,RES,65+,F,D
2024,Flash Flood,OUTDOOR,18-39,F,D
2024,Flash Flood,OUTDOOR,65+,M,D
2024,Flash Flood,RES,40-64,M,D
2024,Flash Flood,RES,18-39,F,D
2024,Flash Flood,OTHER,65+,M,D
2024,Flash Flood,RES,65+,F,D
2024,Flash Flood,OUTDOOR,0-17,M,I
2024,Flash Flood,WATER,0-17,M,D
2024,Flash Flood,VEHICLE,0-17,M,D
2024,Flash Flood,OUTDOOR,0-17,M,D
2024,Flash Flood,OUTDOOR,0-17,M,D
2024,Flash Flood,OUTDOOR,18-39,F,D
2024,Flash Flood,VEHICLE,65+,M,D
2024,Flash Flood,OTHER,unknown,unknown,I
2024,Flash Flood,RES,40-64,M,D
2024,Flash Flood,VEHICLE,40-64,F,D
2024,Flash Flood,VEHICLE,40-64,M,D
2024,Flash Flood,OUTDOOR,unknown,M,D
2024,Flash Flood,VEHICLE,unknown,F,D
2024,Flash Flood,VEHICLE,unknown,F,D
2024,Flash Flood,OTHER,40-64,M,D
2024,Flash Flood,OTHER,40-64,F,D
2024,Flash Flood,OTHER,18-39,M,D
2024,Flash Flood,VEHICLE,18-39,F,D
2024,Flash Flood,OUTDOOR,65+,M,D
2024,Flash Flood,OTHER,65+,F,D
2024,Flash Flood,VEHICLE,40-64,F,D
2024,Flash Flood,OTHER,40-64,M,D
2024,Flash Flood,RES,65+,M,D
2024,Flash Flood,RES,40-64,F,D
2024,Flash Flood,RES,18-39,F,D
2024,Flash Flood,RES,65+,M,D
2024,Flash Flood,RES,65+,M,D
2024,Flash Flood,RES,0-17,M,D
2024,Flash Flood,RES,65+,M,D
2024,Flash Flood,VEHICLE,18-39,F,D
2024,Flash Flood,RES,40-64,F,D
2024,Flash Flood,RES,65+,F,D
2024,Flash Flood,RES,65+,M,D
2024,Flash Flood,RES,40-64,M,D
2024,Flash Flood,RES,40-64,M,D
2024,Flash Flood,OTHER,65+,F,D
2024,Flash Flood,PUBLIC,18-39,F,D
2024,Flash Flood,VEHICLE,65+,M,D
2024,Flash Flood,RES,40-64,F,D
2024,Flash Flood,OTHER,unknown,unknown,D
2024,Flash Flood,OTHER,40-64,M,D
2024,Flash Flood,WATER,65+,M,D
2024,Flash Flood,WATER,18-39,M,D
2024,Flash Flood,VEHICLE,18-39,M,D
2024,Flash Flood,RES,65+,M,D
2024,Flash Flood,RES,40-64,M,D
2024,Flash Flood,RES,40-64,M,D
2024,Flash Flood,RES,40-64,F,D
2024,Flash Flood,RES,65+,M,D
2024,Flash Flood,MH,65+,F,D
2024,Flash Flood,MH,65+,M,D
2024,Flash Flood,MH,40-64,M,D
2024,Flash Flood,MH,0-17,M,D
2024,Flash Flood,RES,65+,M,D
2024,Flash Flood,RES,40-64,F,D
2024,Flash Flood,OTHER,65+,M,D
2024,Flash Flood,RES,40-64,F,D
2024,Flash Flood,OUTDOOR,65+,M,D
2024,Flash Flood,RES,65+,M,D
2024,Flash Flood,RES,65+,F,D
2024,Flash Flood,WATER,65+,M,D
2024,Flash Flood,RES,40-64,F,D
2024,Flash Flood,OUTDOOR,40-64,F,D
2024,Flash Flood,RES,40-64,F,D
2024,Flash Flood,RES,40-64,F,D
2024,Flash Flood,VEHICLE,40-64,F,D
2024,Flash Flood,OUTDOOR,65+,M,D
2024,Flash Flood,OUTDOOR,unknown,M,D
2024,Flash Flood,OUTDOOR,18-39,F,D
2024,Flash Flood,VEHICLE,65+,M,D
2024,Flash Flood,OUTDOOR,unknown,unknown,D
2024,Flash Flood,VEHICLE,65+,M,I
2024,Flash Flood,VEHICLE,65+,F,D
2024,Flash Flood,VEHICLE,65+,M,D
2024,Flash Flood,WATER,40-64,M,D
2024,Flash Flood,WATER,40-64,F,D
2024,Flash Flood,VEHICLE,40-64,M,D
2024,Flash Flood,RES,65+,F,D
2024,Flash Flood,VEHICLE,65+,M,D
2024,Flash Flood,OUTDOOR,65+,M,D
2024,Flash Flood,OUTDOOR,18-39,F,D
2024,Flash Flood,OTHER,40-64,M,D
2024,Flash Flood,RES,40-64,M,D
2024,Flash Flood,OTHER,40-64,M,D
2024,Flash Flood,OTHER,40-64,F,D
2024,Flash Flood,OTHER,65+,F,D
2024,Flash Flood,OTHER,65+,M,D
2024,Flash Flood,RES,65+,F,D
2024,Flash Flood,OUTDOOR,40-64,M,D
2024,Flash Flood,OUTDOOR,40-64,F,D
2024,Flash Flood,PUBLIC,65+,F,I
2024,Flash Flood,OUTDOOR,40-64,M,D
2024,Flash Flood,WATER,18-39,F,D
2024,Flash Flood,OUTDOOR,40-64,M,D
2024,Flash Flood,VEHICLE,18-39,M,D
2024,Flash Flood,VEHICLE,40-64,M,D
2024,Flash Flood,OTHER,unknown,unknown,D
2024,Flash Flood,VEHICLE,65+,M,D
2024,Flash Flood,OUTDOOR,40-64,M,D
2024,Flash Flood,VEHICLE,40-64,M,D
2024,Flash Flood,VEHICLE,40-64,F,D
2024,Flood,WATER,40-64,M,D
2024,Flood,WATER,40-64,M,D
2024,Flood,VEHICLE,40-64,F,I
2024,Flood,WATER,65+,M,D
2024,Flood,VEHICLE,65+,M,D
2024,Flood,WATER,18-39,M,D
2024,Flood,VEHICLE,40-64,F,D
2024,Flood,WATER,65+,F,D
2024,Flood,WATER,unknown,unknown,D
2024,Flood,WATER,18-39,M,D
2024,Flood,VEHICLE,65+,M,D
2024,Flood,VEHICLE,18-39,M,I
2024,Flood,VEHICLE,unknown,unknown,D
2024,Flood,WATER,40-64,M,D
2024,Flood,VEHICLE,65+,M,D
2024,Flood,VEHICLE,65+,M,D
2024,Flood,VEHICLE,18-39,M,I
2024,Flood,WATER,18-39,M,D
2024,Flood,WATER,18-39,M,D
2024,Flood,WATER,40-64,F,D
2024,Flood,VEHICLE,40-64,M,D
2024,Flood,WATER,40-64,M,D
2024,Flood,WATER,unknown,F,D
2024,Flood,OUTDOOR,40-64,F,D
2024,Flood,VEHICLE,65+,M,I
2024,Flood,WATER,unknown,M,D
2024,Flood,VEHICLE,0-17,F,D
2024,Flood,WATER,40-64,M,D
2024,Flood,OUTDOOR,40-64,M,I
2024,Flood,OUTDOOR,40-64,M,D
2024,Flood,VEHICLE,65+,M,D
2024,Flood,VEHICLE,18-39,M,D
2024,Flood,VEHICLE,65+,F,D
2024,Flood,OUTDOOR,18-39,M,D
2024,Flood,RES,40-64,M,D
2024,Freezing Fog,VEHICLE,65+,M,D
2024,Freezing Fog,VEHICLE,65+,F,I
2024,Heat,OUTDOOR,18-39,F,D
2024,Heat,OTHER,65+,M,D
2024,Heat,OUTDOOR,40-64,M,I
2024,Heat,OTHER,unknown,unknown,I
2024,Heat,OTHER,unknown,unknown,D
2024,Heat,OTHER,unknown,unknown,D
2024,Heat,OTHER,unknown,unknown,I
2024,Heat,OTHER,unknown,unknown,D
2024,Heat,OUTDOOR,65+,F,D
2024,Heat,OUTDOOR,40-64,M,D
2024,Heat,OUTDOOR,40-64,M,D
2024,Heat,OTHER,unknown,unknown,I
2024,Heat,VEHICLE,18-39,F,I
2024,Heat,OTHER,unknown,unknown,D
2024,Heat,OUTDOOR,65+,M,D
2024,Heat,OTHER,unknown,unknown,I
2024,Heat,OTHER,unknown,unknown,I
2024,Heat,OTHER,unknown,unknown,I
2024,Heat,OTHER,unknown,unknown,D
2024,Heat,OTHER,unknown,unknown,I
2024,Heat,OTHER,unknown,unknown,I
2024,Heat,OTHER,unknown,unknown,I
2024,Heat,OTHER,unknown,unknown,D
2024,Heat,OTHER,unknown,unknown,I
2024,Heat,OTHER,18-39,F,I
2024,Heat,OTHER,40-64,M,I
2024,Heat,OTHER,65+,F,I
2024,Heat,OTHER,65+,M,I
2024,Heat,OTHER,40-64,M,I
2024,Heat,OTHER,65+,F,I
2024,Heat,OTHER,65+,M,I
2024,Heat,OTHER,40-64,M,D
2024,Heat,OTHER,40-64,M,I
2024,Heat,OTHER,40-64,F,D
2024,Heat,OTHER,65+,F,D
2024,Heat,OTHER,40-64,M,I
2024,Heat,OTHER,40-64,M,I
2024,Heat,OTHER,65+,M,D
2024,Heat,OTHER,65+,F,I
2024,Heat,OTHER,18-39,M,I
2024,Heat,OTHER,65+,M,D
2024,Heat,OTHER,40-64,M,I
2024,Heat,OTHER,40-64,M,I
2024,Heat,OTHER,40-64,F,I
2024,Heat,OTHER,40-64,M,I
2024,Heat,OTHER,65+,M,D
2024,Heat,OUTDOOR,40-64,F,D
2024,Heat,OTHER,unknown,unknown,D
2024,Heat,OTHER,unknown,unknown,I
2024,Heat,OUTDOOR,18-39,M,D
2024,Heat,OTHER,unknown,unknown,D
2024,Heat,OTHER,unknown,unknown,D
2024,Heat,OTHER,unknown,unknown,I
2024,Heat,OTHER,65+,F,D
2024,Heat,OTHER,40-64,F,D
2024,Heat,OTHER,40-64,M,I
2024,Heat,OTHER,unknown,unknown,D
2024,Heat,OTHER,unknown,unknown,I
2024,Heat,OUTDOOR,unknown,M,D
2024,Heat,OUTDOOR,18-39,M,D
2024,Heat,OTHER,unknown,unknown,I
2024,Heat,OTHER,unknown,unknown,I
2024,Heat,OTHER,unknown,unknown,D
2024,Heat,OTHER,unknown,unknown,I
2024,Heat,OTHER,unknown,unknown,I
2024,Heat,OTHER,unknown,unknown,I
2024,Heat,OTHER,unknown,unknown,I
2024,Heat,OTHER,unknown,unknown,I
2024,Heat,OTHER,unknown,unknown,D
2024,Heat,OTHER,unknown,unknown,D
2024,Heat,OTHER,unknown,unknown,D
2024,Heat,OTHER,unknown,unknown,D
2024,Heat,OUTDOOR,18-39,M,I
2024,Heat,RES,65+,M,D
2024,Heat,OTHER,unknown,unknown,D
2024,Heat,OTHER,unknown,unknown,D
2024,Heat,OUTDOOR,40-64,M,I
2024,Heat,RES,65+,M,I
2024,Heat,OUTDOOR,40-64,M,I
2024,Heat,OUTDOOR,40-64,M,D
2024,Heat,OTHER,65+,M,D
2024,Heat,OTHER,40-64,M,I
2024,Heat,OTHER,40-64,M,D
2024,Heat,OTHER,65+,M,I
2024,Heat,OUTDOOR,65+,M,D
2024,Heat,OUTDOOR,18-39,M,I
2024,Heat,RES,65+,M,I
2024,Heat,OTHER,40-64,M,D
2024,Heat,OTHER,unknown,unknown,I
2024,Heat,OTHER,unknown,unknown,I
2024,Heat,OTHER,unknown,unknown,I
2024,Heat,OTHER,unknown,unknown,D
2024,Heat,OTHER,unknown,unknown,I
2024,Heat,OTHER,unknown,unknown,I
2024,Heat,OTHER,unknown,unknown,I
2024,Heat,OTHER,unknown,unknown,I
2024,Heat,OTHER,unknown,unknown,I
2024,Heat,OUTDOOR,18-39,M,D
2024,Heat,OUTDOOR,65+,M,D
2024,Heat,OUTDOOR,40-64,F,D
2024,Heat,OUTDOOR,18-39,M,D
2024,Heat,OUTDOOR,65+,M,D
2024,Heat,OUTDOOR,40-64,M,D
2024,Heat,OUTDOOR,65+,M,D
2024,Heat,VEHICLE,65+,F,I
2024,Heat,MH,65+,F,D
2024,Heat,VEHICLE,40-64,M,D
2024,Heat,OTHER,40-64,M,I
2024,Heat,OUTDOOR,18-39,M,I
2024,Heat,OTHER,18-39,M,D
2024,Heat,RES,65+,M,I
2024,Heat,OUTDOOR,65+,M,I
2024,Heat,OUTDOOR,65+,M,I
2024,Heat,OTHER,65+,M,D
2024,Heat,OTHER,40-64,M,D
2024,Heat,OTHER,40-64,M,D
2024,Heat,OTHER,unknown,unknown,D
2024,Heat,OTHER,unknown,unknown,D
2024,Heat,OTHER,unknown,unknown,I
2024,Heat,OTHER,unknown,unknown,I
2024,Heat,OTHER,unknown,unknown,D
2024,Heat,OTHER,unknown,unknown,I
2024,Heat,OTHER,unknown,unknown,D
2024,Heat,OTHER,unknown,unknown,D
2024,Heat,OTHER,unknown,unknown,D
2024,Heat,OTHER,unknown,unknown,D
2024,Heat,OTHER,unknown,unknown,I
2024,Heat,OTHER,18-39,M,D
2024,Heat,OTHER,40-64,M,D
2024,Heat,OTHER,65+,M,D
2024,Heat,OTHER,65+,F,D
2024,Heat,OTHER,65+,M,D
2024,Heat,OTHER,40-64,M,D
2024,Heat,WATER,18-39,M,I
2024,Heat,OTHER,65+,M,D
2024,Heat,OUTDOOR,18-39,M,D
2024,Heat,OTHER,65+,M,D
2024,Heat,OTHER,65+,M,D
2024,Heat,OTHER,65+,M,D
2024,Heat,OTHER,unknown,unknown,I
2024,Heat,OTHER,unknown,unknown,I
2024,Heat,OTHER,unknown,unknown,D
2024,Heat,OTHER,unknown,unknown,I
2024,Heat,OTHER,unknown,unknown,I
2024,Heat,OTHER,40-64,M,I
2024,Heat,OTHER,65+,F,I
2024,Heat,OTHER,65+,M,I
2024,Heat,OTHER,40-64,M,D
2024,Heat,OTHER,40-64,M,I
2024,Heat,OTHER,65+,F,D
2024,Heat,OTHER,65+,M,I
2024,Heat,OTHER,65+,M,I
2024,Heat,OTHER,40-64,M,I
2024,Heat,MH,65+,M,D
2024,Heat,OUTDOOR,18-39,M,D
2024,Heat,OUTDOOR,unknown,M,D
2024,Heat,OTHER,unknown,unknown,D
2024,Heat,MH,65+,M,D
2024,Heat,OUTDOOR,18-39,M,D
2024,Heat,OUTDOOR,65+,F,I
2024,Heat,OUTDOOR,unknown,M,D
2024,Heat,OUTDOOR,unknown,M,D
2024,Heat,OUTDOOR,unknown,unknown,D
2024,Heat,OUTDOOR,18-39,M,D
2024,Heat,OUTDOOR,unknown,unknown,D
2024,Heat,RES,65+,F,D
2024,Heat,OUTDOOR,18-39,M,D
2024,Heat,OUTDOOR,40-64,M,D
2024,Heat,OUTDOOR,18-39,M,D
2024,Heat,OUTDOOR,unknown,M,D
2024,Heat,OUTDOOR,40-64,M,D
2024,Heat,OUTDOOR,18-39,M,D
2024,Heat,OUTDOOR,65+,M,I
2024,Heat,OUTDOOR,65+,F,D
2024,Heat,OUTDOOR,65+,M,I
2024,Heat,OUTDOOR,40-64,M,D
2024,Heat,OTHER,unknown,unknown,I
2024,Heat,OTHER,65+,F,I
2024,Heat,OUTDOOR,40-64,M,D
2024,Heat,VEHICLE,0-17,M,D
2024,Heat,OTHER,40-64,M,D
2024,Heat,OTHER,40-64,M,D
2024,Heat,OTHER,65+,M,I
2024,Heat,OUTDOOR,40-64,M,I
2024,Heat,OUTDOOR,65+,M,I
2024,Heat,OTHER,65+,M,D
2024,Heat,OTHER,40-64,M,D
2024,Heat,OTHER,unknown,unknown,I
2024,Heat,OTHER,65+,M,I
2024,Heat,OUTDOOR,65+,F,D
2024,Heat,MH,65+,F,I
2024,Heat,RES,65+,M,D
2024,Heat,OTHER,unknown,unknown,I
2024,Heat,RES,65+,M,I
2024,Heat,OUTDOOR,40-64,M,I
2024,Heat,OUTDOOR,65+,M,I
2024,Heat,MH,65+,M,I
2024,Heat,OTHER,unknown,unknown,I
2024,Heat,OTHER,unknown,unknown,I
2024,Heat,MH,65+,F,D
2024,Heat,OUTDOOR,unknown,unknown,D
2024,Heat,OUTDOOR,unknown,M,D
2024,Heat,OUTDOOR,65+,M,I
2024,Heat,OUTDOOR,65+,M,I
2024,Heat,OUTDOOR,unknown,M,D
2024,Heat,OUTDOOR,unknown,M,D
2024,Heat,OUTDOOR,18-39,M,D
2024,Heat,OUTDOOR,18-39,F,D
2024,Heat,OUTDOOR,18-39,F,D
2024,Heat,OUTDOOR,18-39,F,D
2024,Heat,OTHER,unknown,unknown,D
2024,Heat,OUTDOOR,40-64,M,I
2024,Heat,OTHER,unknown,unknown,I
2024,Heat,OTHER,unknown,unknown,D
2024,Heat,OTHER,unknown,unknown,D
2024,Heat,OTHER,unknown,unknown,D
2024,Heat,OTHER,unknown,unknown,D
2024,Heat,VEHICLE,0-17,F,D
2024,Heat,VEHICLE,0-17,F,D
2024,Heavy Rain,VEHICLE,0-17,unknown,I
2024,Heavy Rain,VEHICLE,18-39,F,I
2024,Heavy Rain,VEHICLE,65+,M,I
2024,Heavy Snow,RES,65+,F,D
2024,Heavy Snow,OTHER,unknown,unknown,I
2024,Heavy Snow,VEHICLE,65+,M,I
2024,Heavy Snow,VEHICLE,unknown,unknown,D
2024,Heavy Snow,OUTDOOR,65+,M,I
2024,Heavy Snow,OUTDOOR,65+,M,I
2024,Heavy Snow,VEHICLE,unknown,unknown,I
2024,Heavy Snow,OUTDOOR,18-39,F,D
2024,Heavy Snow,VEHICLE,40-64,M,I
2024,Heavy Snow,OTHER,unknown,unknown,I
2024,Heavy Snow,OTHER,unknown,unknown,I
2024,Heavy Snow,OUTDOOR,65+,F,D
2024,High Surf,WATER,unknown,M,D
2024,High Surf,WATER,40-64,M,D
2024,High Surf,WATER,18-39,M,D
2024,High Surf,WATER,unknown,M,D
2024,High Surf,WATER,18-39,M,D
2024,High Surf,OTHER,40-64,M,D
2024,High Surf,WATER,65+,M,I
2024,High Surf,WATER,40-64,M,D
2024,High Wind,OUTDOOR,unknown,unknown,D
2024,High Wind,OUTDOOR,18-39,F,D
2024,High Wind,OUTDOOR,unknown,F,D
2024,High Wind,OUTDOOR,65+,M,D
2024,High Wind,OTHER,40-64,M,I
2024,High Wind,OUTDOOR,40-64,M,D
2024,High Wind,OUTDOOR,40-64,F,D
2024,High Wind,OUTDOOR,65+,M,D
2024,High Wind,RES,unknown,F,D
2024,High Wind,OTHER,18-39,M,D
2024,High Wind,RES,65+,F,I
2024,High Wind,OUTDOOR,40-64,M,D
2024,High Wind,OTHER,40-64,M,I
2024,Hurricane (Typhoon),RES,unknown,unknown,D
2024,Hurricane (Typhoon),MH,unknown,F,D
2024,Hurricane (Typhoon),MH,unknown,F,D
2024,Hurricane (Typhoon),RES,65+,F,D
2024,Hurricane (Typhoon),MH,40-64,M,D
2024,Hurricane (Typhoon),RES,unknown,unknown,D
2024,Hurricane (Typhoon),VEHICLE,unknown,unknown,D
2024,Hurricane (Typhoon),RES,unknown,unknown,D
2024,Hurricane (Typhoon),RES,unknown,unknown,I
2024,Hurricane (Typhoon),RES,unknown,unknown,I
2024,Hurricane (Typhoon),VEHICLE,unknown,unknown,I
2024,Hurricane (Typhoon),VEHICLE,unknown,unknown,I
2024,Hurricane (Typhoon),RES,unknown,unknown,D
2024,Hurricane (Typhoon),RES,unknown,F,D
2024,Hurricane (Typhoon),RES,unknown,M,D
2024,Hurricane (Typhoon),VEHICLE,40-64,F,D
2024,Hurricane (Typhoon),RES,40-64,M,D
2024,Ice Storm,OUTDOOR,18-39,F,D
2024,Ice Storm,OTHER,65+,M,D
2024,Ice Storm,VEHICLE,18-39,M,D
2024,Ice Storm,OUTDOOR,65+,M,D
2024,Ice Storm,OTHER,65+,M,D
2024,Ice Storm,OUTDOOR,0-17,M,D
2024,Ice Storm,OUTDOOR,18-39,M,D
2024,Lightning,OUTDOOR,0-17,F,D
2024,Lightning,OUTDOOR,18-39,M,D
2024,Lightning,OTHER,unknown,unknown,I
2024,Lightning,OUTDOOR,0-17,F,D
2024,Lightning,WATER,18-39,M,D
2024,Lightning,OUTDOOR,40-64,M,D
2024,Lightning,RES,0-17,M,I
2024,Lightning,WATER,18-39,M,D
2024,Lightning,OUTDOOR,18-39,M,D
2024,Lightning,OTHER,40-64,M,D
2024,Lightning,OUTDOOR,65+,M,D
2024,Lightning,OUTDOOR,unknown,M,D
2024,Lightning,OUTDOOR,0-17,M,D
2024,Lightning,OUTDOOR,40-64,M,D
2024,Lightning,OUTDOOR,65+,M,D
2024,Lightning,OUTDOOR,40-64,M,D
2024,Lightning,RES,18-39,M,I
2024,Lightning,RES,18-39,F,I
2024,Rip Current,WATER,0-17,F,D
2024,Rip Current,WATER,0-17,M,D
2024,Rip Current,WATER,0-17,M,D
2024,Rip Current,WATER,unknown,M,D
2024,Rip Current,WATER,40-64,M,D
2024,Rip Current,WATER,40-64,M,D
2024,Rip Current,WATER,40-64,M,D
2024,Rip Current,WATER,0-17,M,D
2024,Rip Current,WATER,18-39,M,D
2024,Rip Current,WATER,0-17,M,D
2024,Rip Current,WATER,0-17,M,D
2024,Rip Current,WATER,18-39,F,D
2024,Rip Current,WATER,40-64,F,D
2024,Rip Current,WATER,18-39,M,D
2024,Rip Current,WATER,18-39,M,D
2024,Rip Current,WATER,18-39,M,D
2024,Rip Current,WATER,65+,M,D
2024,Rip Current,WATER,0-17,F,D
2024,Rip Current,WATER,unknown,M,D
2024,Rip Current,WATER,40-64,F,D
2024,Rip Current,WATER,18-39,M,D
2024,Rip Current,WATER,0-17,M,D
2024,Rip Current,WATER,40-64,M,D
2024,Rip Current,WATER,65+,M,D
2024,Rip Current,WATER,unknown,unknown,D
2024,Rip Current,WATER,0-17,M,D
2024,Rip Current,WATER,0-17,M,D
2024,Rip Current,WATER,0-17,M,D
2024,Rip Current,WATER,0-17,M,D
2024,Rip Current,WATER,18-39,M,D
2024,Rip Current,WATER,18-39,M,D
2024,Rip Current,WATER,18-39,M,D
2024,Rip Current,WATER,0-17,M,D
2024,Rip Current,WATER,40-64,M,D
2024,Rip Current,WATER,0-17,M,D
2024,Rip Current,OTHER,18-39,M,D
2024,Rip Current,WATER,40-64,M,D
2024,Rip Current,WATER,65+,M,D
2024,Rip Current,WATER,40-64,F,D
2024,Rip Current,WATER,18-39,M,D
2024,Rip Current,WATER,18-39,M,D
2024,Rip Current,WATER,65+,M,D
2024,Sneakerwave,WATER,unknown,F,D
2024,Sneakerwave,WATER,18-39,F,D
2024,Sneakerwave,WATER,18-39,M,D
2024,Strong Wind,WATER,unknown,M,I
2024,Strong Wind,VEHICLE,40-64,F,I
2024,Strong Wind,WATER,unknown,M,I
2024,Strong Wind,VEHICLE,65+,M,D
2024,Strong Wind,WATER,40-64,M,D
2024,Strong Wind,WATER,18-39,M,D
2024,Strong Wind,WATER,40-64,M,D
2024,Strong Wind,OUTDOOR,18-39,M,D
2024,Strong Wind,VEHICLE,40-64,M,D
2024,Strong Wind,VEHICLE,18-39,M,D
2024,Strong Wind,RES,40-64,M,D
2024,Strong Wind,OUTDOOR,40-64,M,D
2024,Strong Wind,WATER,40-64,M,I
2024,Strong Wind,WATER,40-64,M,I
2024,Strong Wind,WATER,0-17,M,I
2024,Strong Wind,WATER,0-17,M,I
2024,Strong Wind,WATER,0-17,M,D
2024,Strong Wind,MH,65+,F,D
2024,Strong Wind,VEHICLE,40-64,F,I
2024,Strong Wind,RES,65+,M,D
2024,Strong Wind,VEHICLE,unknown,M,I
2024,Strong Wind,RES,40-64,M,I
2024,Thunderstorm Wind,PUBLIC,40-64,M,D
2024,Thunderstorm Wind,VEHICLE,unknown,M,D
2024,Thunderstorm Wind,VEHICLE,0-17,F,D
2024,Thunderstorm Wind,OUTDOOR,40-64,F,D
2024,Thunderstorm Wind,OTHER,18-39,M,D
2024,Thunderstorm Wind,WATER,65+,F,I
2024,Thunderstorm Wind,WATER,65+,F,I
2024,Thunderstorm Wind,OUTDOOR,18-39,M,I
2024,Thunderstorm Wind,OUTDOOR,65+,M,I
2024,Thunderstorm Wind,RES,40-64,M,I
2024,Thunderstorm Wind,OUTDOOR,40-64,M,I
2024,Thunderstorm Wind,OTHER,0-17,M,D
2024,Thunderstorm Wind,RES,18-39,M,D
2024,Thunderstorm Wind,OUTDOOR,0-17,M,D
2024,Thunderstorm Wind,VEHICLE,65+,M,D
2024,Thunderstorm Wind,OTHER,18-39,M,D
2024,Thunderstorm Wind,RES,65+,F,D
2024,Thunderstorm Wind,VEHICLE,unknown,unknown,D
2024,Thunderstorm Wind,WATER,18-39,M,D
2024,Thunderstorm Wind,VEHICLE,18-39,M,D
2024,Thunderstorm Wind,OTHER,40-64,F,I
2024,Thunderstorm Wind,RES,18-39,M,D
2024,Thunderstorm Wind,WATER,40-64,F,D
2024,Thunderstorm Wind,WATER,18-39,F,D
2024,Thunderstorm Wind,WATER,unknown,M,I
2024,Thunderstorm Wind,OUTDOOR,40-64,M,D
2024,Thunderstorm Wind,RES,65+,F,D
2024,Thunderstorm Wind,OUTDOOR,40-64,F,D
2024,Thunderstorm Wind,WATER,40-64,M,I
2024,Thunderstorm Wind,MH,unknown,M,D
2024,Thunderstorm Wind,WATER,0-17,M,D
2024,Thunderstorm Wind,RES,65+,F,D
2024,Thunderstorm Wind,VEHICLE,40-64,M,I
2024,Thunderstorm Wind,OTHER,40-64,M,I
2024,Thunderstorm Wind,OUTDOOR,18-39,F,I
2024,Thunderstorm Wind,MH,40-64,F,D
2024,Thunderstorm Wind,RES,40-64,F,D
2024,Thunderstorm Wind,VEHICLE,40-64,M,D
2024,Thunderstorm Wind,OUTDOOR,40-64,M,D
2024,Thunderstorm Wind,VEHICLE,40-64,M,I
2024,Thunderstorm Wind,RES,18-39,M,D
2024,Thunderstorm Wind,VEHICLE,18-39,F,D
2024,Thunderstorm Wind,VEHICLE,65+,M,D
2024,Thunderstorm Wind,MH,18-39,F,D
2024,Thunderstorm Wind,VEHICLE,65+,M,D
2024,Thunderstorm Wind,PUBLIC,18-39,M,D
2024,Thunderstorm Wind,RES,18-39,F,D
2024,Thunderstorm Wind,MH,18-39,unknown,D
2024,Thunderstorm Wind,VEHICLE,40-64,M,D
2024,Thunderstorm Wind,MH,65+,F,D
2024,Thunderstorm Wind,VEHICLE,unknown,unknown,D
2024,Thunderstorm Wind,VEHICLE,40-64,F,D
2024,Thunderstorm Wind,OUTDOOR,65+,M,I
2024,Tornado,MH,unknown,M,D
2024,Tornado,MH,65+,F,D
2024,Tornado,OUTDOOR,0-17,F,D
2024,Tornado,MH,65+,F,D
2024,Tornado,MH,0-17,F,D
2024,Tornado,MH,0-17,M,D
2024,Tornado,MH,40-64,F,D
2024,Tornado,MH,65+,M,D
2024,Tornado,MH,40-64,M,D
2024,Tornado,OUTDOOR,40-64,M,I
2024,Tornado,MH,65+,F,D
2024,Tornado,MH,40-64,F,D
2024,Tornado,MH,65+,M,D
2024,Tornado,RES,0-17,M,D
2024,Tornado,OUTDOOR,65+,M,D
2024,Tornado,MH,18-39,F,D
2024,Tornado,OUTDOOR,40-64,M,I
2024,Tornado,RES,65+,F,D
2024,Tornado,RES,65+,M,D
2024,Tornado,RES,65+,M,D
2024,Tornado,RES,65+,M,D
2024,Tornado,VEHICLE,40-64,F,D
2024,Tornado,RES,40-64,F,D
2024,Tornado,RES,40-64,F,I
2024,Tornado,MH,65+,F,D
2024,Tornado,OTHER,unknown,unknown,D
2024,Tornado,VEHICLE,40-64,M,D
2024,Tornado,MH,65+,M,D
2024,Tornado,MH,65+,M,D
2024,Tornado,MH,0-17,F,D
2024,Tornado,MH,65+,M,D
2024,Tornado,MH,65+,F,D
2024,Tornado,OTHER,unknown,unknown,D
2024,Tornado,OTHER,unknown,unknown,D
2024,Tornado,MH,18-39,F,D
2024,Tornado,MH,65+,F,D
2024,Tornado,RES,unknown,M,D
2024,Tornado,PUBLIC,40-64,F,D
2024,Tornado,MH,18-39,M,D
2024,Tornado,MH,0-17,F,D
2024,Tornado,MH,65+,F,D
2024,Tornado,MH,unknown,F,D
2024,Tornado,MH,18-39,F,D
2024,Tornado,MH,40-64,F,D
2024,Tornado,RES,40-64,F,D
2024,Tornado,MH,40-64,F,D
2024,Tornado,MH,18-39,M,D
2024,Tornado,RES,65+,unknown,D
2024,Tornado,OTHER,unknown,M,D
2024,Tornado,MH,unknown,M,D
2024,Tornado,MH,0-17,M,D
2024,Tornado,MH,65+,F,D
2024,Tornado,MH,unknown,F,D
2024,Tornado,OTHER,65+,M,D
2024,Tropical Storm,RES,65+,F,D
2024,Tropical Storm,WATER,40-64,M,I
2024,Tropical Storm,MH,40-64,M,D
2024,Tropical Storm,RES,65+,M,D
2024,Tropical Storm,MH,40-64,F,D
2024,Tropical Storm,MH,40-64,F,D
2024,Tropical Storm,RES,40-64,F,D
2024,Tropical Storm,RES,65+,M,I
2024,Tropical Storm,OUTDOOR,65+,M,I
2024,Tropical Storm,OUTDOOR,40-64,M,I
2024,Tropical Storm,OUTDOOR,65+,M,I
2024,Tropical Storm,RES,65+,M,I
2024,Tropical Storm,PUBLIC,40-64,F,I
2024,Tropical Storm,RES,40-64,F,D
2024,Tropical Storm,RES,65+,F,D
2024,Tropical Storm,RES,65+,M,I
2024,Tropical Storm,RES,0-17,M,I
2024,Tropical Storm,RES,18-39,F,I
2024,Tropical Storm,RES,40-64,M,I
2024,Tropical Storm,MH,unknown,F,D
2024,Tropical Storm,RES,65+,M,I
2024,Tropical Storm,PUBLIC,65+,F,I
2024,Tropical Storm,RES,65+,M,I
2024,Tropical Storm,RES,65+,F,I
2024,Tropical Storm,RES,0-17,M,D
2024,Tropical Storm,RES,65+,M,D
2024,Tropical Storm,VEHICLE,18-39,M,D
2024,Tropical Storm,RES,40-64,F,D
2024,Tropical Storm,VEHICLE,unknown,unknown,I
2024,Tropical Storm,MH,0-17,M,D
2024,Tropical Storm,PUBLIC,65+,M,I
2024,Tropical Storm,OUTDOOR,65+,M,D
2024,Tropical Storm,RES,65+,F,I
2024,Tropical Storm,MH,0-17,M,D
2024,Tropical Storm,MH,0-17,M,D
2024,Tropical Storm,MH,18-39,F,D
2024,Tropical Storm,RES,40-64,M,D
2024,Tropical Storm,RES,40-64,M,D
2024,Tropical Storm,OUTDOOR,40-64,F,D
2024,Tropical Storm,OUTDOOR,65+,M,D
2024,Tropical Storm,RES,40-64,M,D
2024,Tropical Storm,RES,40-64,M,D
2024,Tropical Storm,OUTDOOR,65+,M,D
2024,Tropical Storm,OUTDOOR,40-64,M,D
2024,Tropical Storm,RES,40-64,M,D
2024,Tropical Storm,VEHICLE,40-64,F,I
2024,Tropical Storm,OUTDOOR,18-39,F,D
2024,Tropical Storm,VEHICLE,40-64,M,D
2024,Tropical Storm,RES,18-39,M,D
2024,Tropical Storm,MH,65+,M,D
2024,Tropical Storm,RES,65+,M,I
2024,Tropical Storm,VEHICLE,40-64,F,D
2024,Tropical Storm,OTHER,unknown,unknown,I
2024,Tropical Storm,OTHER,unknown,unknown,I
2024,Tropical Storm,OTHER,unknown,unknown,I
2024,Tropical Storm,VEHICLE,unknown,unknown,I
2024,Tropical Storm,RES,65+,M,D
2024,Tropical Storm,RES,65+,M,D
2024,Tropical Storm,RES,65+,M,I
2024,Tropical Storm,RES,18-39,M,D
2024,Tropical Storm,RES,65+,M,D
2024,Tropical Storm,VEHICLE,65+,M,I
2024,Tropical Storm,RES,65+,F,I
2024,Tropical Storm,RES,65+,M,I
2024,Tropical Storm,OUTDOOR,unknown,unknown,I
2024,Tropical Storm,OUTDOOR,40-64,M,D
2024,Tropical Storm,OUTDOOR,65+,M,D
2024,Tropical Storm,MH,0-17,M,D
2024,Tropical Storm,VEHICLE,40-64,M,D
2024,Tropical Storm,MH,65+,F,D
2024,Tropical Storm,VEHICLE,40-64,M,I
2024,Tropical Storm,RES,40-64,F,D
2024,Tropical Storm,VEHICLE,65+,M,D
2024,Tropical Storm,MH,unknown,M,D
2024,Tropical Storm,OTHER,unknown,unknown,I
2024,Tropical Storm,RES,18-39,M,D
2024,Tropical Storm,RES,65+,M,I
2024,Tropical Storm,VEHICLE,40-64,M,D
2024,Tropical Storm,VEHICLE,18-39,M,D
2024,Wildfire,RES,unknown,unknown,D
2024,Wildfire,RES,65+,F,D
2024,Wildfire,VEHICLE,40-64,F,D
2024,Wildfire,OUTDOOR,40-64,M,D
2024,Wildfire,OUTDOOR,18-39,M,D
2024,Wildfire,RES,unknown,M,D
2024,Wildfire,OTHER,40-64,M,I
2024,Wildfire,OUTDOOR,unknown,unknown,D
2024,Wildfire,PUBLIC,40-64,M,D
2024,Wildfire,VEHICLE,unknown,unknown,D
2024,Winter Storm,OUTDOOR,40-64,M,D
2024,Winter Storm,VEHICLE,65+,M,I
2024,Winter Storm,VEHICLE,65+,M,I
2024,Winter Storm,VEHICLE,18-39,M,D
2024,Winter Storm,VEHICLE,18-39,M,I
2024,Winter Storm,VEHICLE,40-64,M,I
2024,Winter Storm,VEHICLE,unknown,unknown,I
2024,Winter Storm,OUTDOOR,40-64,M,I
2024,Winter Storm,OTHER,18-39,M,D
2024,Winter Storm,OTHER,40-64,M,D
2024,Winter Storm,OTHER,40-64,F,D
2024,Winter Storm,OTHER,65+,M,D
2024,Winter Storm,OTHER,65+,M,D
2024,Winter Storm,RES,65+,F,D
2024,Winter Storm,RES,65+,F,D
2024,Winter Storm,OUTDOOR,unknown,M,I
2024,Winter Storm,OUTDOOR,65+,M,D
2024,Winter Storm,OUTDOOR,18-39,M,D
2024,Winter Storm,OTHER,unknown,unknown,I
2024,Winter Storm,VEHICLE,unknown,unknown,I
2024,Winter Storm,OTHER,unknown,unknown,I
2024,Winter Storm,OTHER,unknown,unknown,I
2024,Winter Storm,VEHICLE,40-64,M,I
2024,Winter Weather,VEHICLE,40-64,F,D
2024,Winter Weather,VEHICLE,65+,M,I
2024,Winter Weather,VEHICLE,0-17,F,I
2024,Winter Weather,VEHICLE,65+,F,D
2024,Winter Weather,VEHICLE,40-64,M,I
2024,Winter Weather,VEHICLE,65+,F,I
2024,Winter Weather,OTHER,65+,F,I
2024,Winter Weather,VEHICLE,18-39,M,D
2024,Winter Weather,VEHICLE,18-39,M,I
2024,Winter Weather,VEHICLE,40-64,M,I
2024,Winter Weather,VEHICLE,40-64,F,I
2024,Winter Weather,VEHICLE,40-64,M,D
2024,Winter Weather,VEHICLE,40-64,F,D
2024,Winter Weather,MH,18-39,M,I
2024,Winter Weather,VEHICLE,0-17,M,I
2024,Winter Weather,PUBLIC,40-64,M,D
2024,Winter Weather,OUTDOOR,18-39,M,D
2024,Winter Weather,VEHICLE,18-39,F,I
2024,Winter Weather,VEHICLE,40-64,F,I
2024,Winter Weather,OUTDOOR,40-64,M,I
2024,Winter Weather,VEHICLE,40-64,F,I
2024,Winter Weather,VEHICLE,unknown,unknown,I
2024,Winter Weather,VEHICLE,65+,M,I
2024,Winter Weather,VEHICLE,18-39,F,I
2024,Winter Weather,VEHICLE,40-64,F,I
2025,Avalanche,OUTDOOR,18-39,M,D
2025,Avalanche,OUTDOOR,unknown,M,D
2025,Avalanche,OUTDOOR,18-39,M,D
2025,Avalanche,OUTDOOR,40-64,M,D
2025,Avalanche,OTHER,unknown,unknown,D
2025,Avalanche,OUTDOOR,unknown,unknown,D
2025,Avalanche,OUTDOOR,40-64,M,D
2025,Avalanche,OUTDOOR,40-64,F,D
2025,Avalanche,OUTDOOR,40-64,M,D
2025,Avalanche,OUTDOOR,18-39,M,D
2025,Blizzard,VEHICLE,18-39,M,I
2025,Blizzard,VEHICLE,18-39,F,I
2025,Coastal Flood,OTHER,65+,F,D
2025,Cold/Wind Chill,WATER,18-39,M,D
2025,Cold/Wind Chill,OTHER,65+,M,D
2025,Cold/Wind Chill,RES,65+,M,D
2025,Cold/Wind Chill,RES,65+,M,D
2025,Cold/Wind Chill,OUTDOOR,40-64,M,D
2025,Cold/Wind Chill,OUTDOOR,65+,M,D
2025,Cold/Wind Chill,OUTDOOR,40-64,M,D
2025,Cold/Wind Chill,OUTDOOR,40-64,M,D
2025,Cold/Wind Chill,OUTDOOR,40-64,F,D
2025,Cold/Wind Chill,WATER,40-64,M,D
2025,Cold/Wind Chill,OTHER,unknown,M,D
2025,Cold/Wind Chill,WATER,40-64,M,D
2025,Cold/Wind Chill,OUTDOOR,18-39,F,D
2025,Cold/Wind Chill,RES,40-64,M,D
2025,Cold/Wind Chill,WATER,40-64,M,D
2025,Cold/Wind Chill,RES,65+,F,D
2025,Cold/Wind Chill,RES,65+,M,I
2025,Cold/Wind Chill,WATER,unknown,unknown,D
2025,Cold/Wind Chill,MH,40-64,M,D
2025,Cold/Wind Chill,OUTDOOR,65+,M,D
2025,Cold/Wind Chill,WATER,18-39,M,D
2025,Cold/Wind Chill,OUTDOOR,40-64,M,D
2025,Debris Flow,WATER,40-64,M,D
2025,Debris Flow,WATER,0-17,F,D
2025,Debris Flow,WATER,0-17,M,D
2025,Dense Fog,VEHICLE,65+,F,I
2025,Dense Fog,WATER,18-39,M,I
2025,Dense Fog,VEHICLE,40-64,M,I
2025,Dense Fog,OUTDOOR,18-39,M,I
2025,Dense Fog,VEHICLE,40-64,M,I
2025,Dense Fog,WATER,40-64,M,I
2025,Dense Fog,VEHICLE,65+,F,I
2025,Dense Fog,WATER,40-64,M,I
2025,Dust Storm,VEHICLE,unknown,unknown,I
2025,Dust Storm,VEHICLE,40-64,M,I
2025,Dust Storm,VEHICLE,unknown,F,I
2025,Dust Storm,VEHICLE,unknown,unknown,I
2025,Dust Storm,VEHICLE,unknown,unknown,I
2025,Dust Storm,VEHICLE,18-39,M,I
2025,Dust Storm,VEHICLE,unknown,unknown,I
2025,Dust Storm,VEHICLE,unknown,unknown,I
2025,Dust Storm,VEHICLE,unknown,unknown,I
2025,Dust Storm,VEHICLE,unknown,unknown,I
2025,Dust Storm,VEHICLE,40-64,M,I
2025,Dust Storm,VEHICLE,40-64,F,I
2025,Dust Storm,VEHICLE,40-64,M,I
2025,Dust Storm,OTHER,unknown,unknown,I
2025,Dust Storm,OTHER,unknown,unknown,I
2025,Dust Storm,VEHICLE,40-64,M,I
2025,Dust Storm,VEHICLE,unknown,unknown,I
2025,Excessive Heat,RES,40-64,F,I
2025,Excessive Heat,MH,40-64,M,I
2025,Excessive Heat,OUTDOOR,40-64,M,I
2025,Excessive Heat,OUTDOOR,40-64,M,I
2025,Excessive Heat,OUTDOOR,18-39,M,I
2025,Excessive Heat,OUTDOOR,40-64,M,D
2025,Excessive Heat,OUTDOOR,65+,M,I
2025,Excessive Heat,VEHICLE,40-64,M,I
2025,Excessive Heat,OUTDOOR,40-64,M,I
2025,Excessive Heat,OUTDOOR,40-64,M,I
2025,Excessive Heat,OUTDOOR,40-64,M,I
2025,Excessive Heat,RES,65+,M,I
2025,Excessive Heat,PUBLIC,65+,F,D
2025,Excessive Heat,RES,65+,M,D
2025,Excessive Heat,OUTDOOR,18-39,M,D
2025,Excessive Heat,OUTDOOR,65+,M,I
2025,Excessive Heat,MH,65+,M,D
2025,Excessive Heat,MH,65+,F,D
2025,Excessive Heat,RES,65+,M,I
2025,Excessive Heat,OUTDOOR,18-39,M,I
2025,Excessive Heat,OUTDOOR,40-64,M,I
2025,Excessive Heat,OUTDOOR,65+,F,I
2025,Excessive Heat,OUTDOOR,40-64,F,D
2025,Excessive Heat,OUTDOOR,40-64,M,I
2025,Excessive Heat,OUTDOOR,40-64,M,I
2025,Excessive Heat,RES,65+,M,I
2025,Excessive Heat,RES,65+,M,I
2025,Excessive Heat,RES,65+,F,I
2025,Excessive Heat,OUTDOOR,65+,M,D
2025,Excessive Heat,RES,65+,F,D
2025,Excessive Heat,OUTDOOR,40-64,M,D
2025,Excessive Heat,OUTDOOR,65+,M,I
2025,Excessive Heat,OTHER,65+,M,D
2025,Excessive Heat,OUTDOOR,65+,F,D
2025,Excessive Heat,OUTDOOR,65+,M,D
2025,Excessive Heat,OUTDOOR,18-39,F,D
2025,Excessive Heat,OUTDOOR,18-39,F,D
2025,Excessive Heat,RES,65+,M,D
2025,Excessive Heat,PUBLIC,65+,F,D
2025,Excessive Heat,RES,40-64,M,I
2025,Excessive Heat,MH,65+,M,I
2025,Excessive Heat,OUTDOOR,65+,M,I
2025,Excessive Heat,RES,40-64,F,I
2025,Excessive Heat,OTHER,40-64,M,D
2025,Excessive Heat,OUTDOOR,65+,M,D
2025,Excessive Heat,PUBLIC,65+,M,D
2025,Excessive Heat,PUBLIC,65+,M,I
2025,Excessive Heat,PUBLIC,40-64,F,I
2025,Excessive Heat,OUTDOOR,65+,F,D
2025,Excessive Heat,OUTDOOR,65+,M,I
2025,Excessive Heat,OUTDOOR,40-64,M,I
2025,Excessive Heat,RES,65+,F,I
2025,Excessive Heat,OUTDOOR,40-64,M,I
2025,Excessive Heat,OUTDOOR,65+,M,I
2025,Excessive Heat,MH,40-64,M,I
2025,Excessive Heat,OUTDOOR,40-64,M,D
2025,Excessive Heat,MH,18-39,F,D
2025,Excessive Heat,RES,40-64,F,I
2025,Excessive Heat,MH,65+,M,D
2025,Excessive Heat,OTHER,65+,M,I
2025,Excessive Heat,OUTDOOR,65+,F,I
2025,Excessive Heat,MH,40-64,M,I
2025,Excessive Heat,OTHER,65+,M,D
2025,Excessive Heat,OUTDOOR,40-64,F,D
2025,Excessive Heat,OUTDOOR,18-39,F,I
2025,Excessive Heat,OUTDOOR,18-39,M,D
2025,Excessive Heat,OUTDOOR,40-64,M,I
2025,Excessive Heat,MH,40-64,F,D
2025,Excessive Heat,OUTDOOR,18-39,M,I
2025,Excessive Heat,OUTDOOR,18-39,M,D
2025,Excessive Heat,OUTDOOR,40-64,M,I
2025,Excessive Heat,OUTDOOR,65+,F,D
2025,Excessive Heat,OUTDOOR,40-64,M,I
2025,Excessive Heat,OUTDOOR,40-64,M,I
2025,Excessive Heat,RES,65+,M,I
2025,Excessive Heat,RES,65+,F,I
2025,Excessive Heat,RES,65+,F,D
2025,Excessive Heat,MH,65+,F,I
2025,Excessive Heat,OUTDOOR,65+,F,I
2025,Excessive Heat,OUTDOOR,40-64,M,I
2025,Excessive Heat,OUTDOOR,18-39,M,D
2025,Excessive Heat,OTHER,40-64,F,D
2025,Excessive Heat,OTHER,40-64,M,D
2025,Excessive Heat,OTHER,40-64,F,D
2025,Excessive Heat,OTHER,18-39,F,D
2025,Excessive Heat,PUBLIC,40-64,F,I
2025,Excessive Heat,PUBLIC,18-39,M,D
2025,Excessive Heat,OUTDOOR,65+,M,I
2025,Excessive Heat,OUTDOOR,40-64,M,I
2025,Excessive Heat,OUTDOOR,18-39,M,I
2025,Extreme Cold/Wind Chill,PUBLIC,65+,F,D
2025,Extreme Cold/Wind Chill,RES,40-64,M,D
2025,Extreme Cold/Wind Chill,RES,65+,M,D
2025,Extreme Cold/Wind Chill,RES,40-64,F,I
2025,Extreme Cold/Wind Chill,OTHER,65+,M,D
2025,Flash Flood,OUTDOOR,18-39,M,D
2025,Flash Flood,RES,18-39,F,D
2025,Flash Flood,OUTDOOR,40-64,F,D
2025,Flash Flood,OUTDOOR,0-17,F,D
2025,Flash Flood,OUTDOOR,0-17,M,D
2025,Flash Flood,OUTDOOR,40-64,M,D
2025,Flash Flood,OUTDOOR,40-64,M,D
2025,Flash Flood,OUTDOOR,40-64,M,D
2025,Flash Flood,OUTDOOR,40-64,F,D
2025,Flash Flood,OUTDOOR,65+,F,D
2025,Flash Flood,OUTDOOR,65+,M,D
2025,Flash Flood,VEHICLE,65+,F,D
2025,Flash Flood,OUTDOOR,40-64,M,D
2025,Flash Flood,OUTDOOR,65+,F,D
2025,Flash Flood,VEHICLE,40-64,M,D
2025,Flash Flood,OUTDOOR,40-64,F,D
2025,Flash Flood,OUTDOOR,40-64,M,D
2025,Flash Flood,OUTDOOR,40-64,F,D
2025,Flash Flood,OUTDOOR,40-64,M,D
2025,Flash Flood,OUTDOOR,40-64,F,D
2025,Flash Flood,OUTDOOR,0-17,M,D
2025,Flash Flood,WATER,18-39,F,I
2025,Flash Flood,OUTDOOR,18-39,F,D
2025,Flash Flood,OUTDOOR,65+,M,D
2025,Flash Flood,OUTDOOR,65+,F,D
2025,Flash Flood,OUTDOOR,65+,M,D
2025,Flash Flood,OUTDOOR,40-64,F,D
2025,Flash Flood,OUTDOOR,65+,M,D
2025,Flash Flood,OUTDOOR,65+,F,D
2025,Flash Flood,OUTDOOR,65+,F,D
2025,Flash Flood,OUTDOOR,65+,F,D
2025,Flash Flood,OUTDOOR,18-39,F,D
2025,Flash Flood,OUTDOOR,18-39,M,D
2025,Flash Flood,OUTDOOR,0-17,M,D
2025,Flash Flood,OUTDOOR,0-17,M,D
2025,Flash Flood,VEHICLE,65+,F,D
2025,Flash Flood,PUBLIC,0-17,F,D
2025,Flash Flood,PUBLIC,18-39,F,D
2025,Flash Flood,PUBLIC,18-39,F,D
2025,Flash Flood,PUBLIC,0-17,F,D
2025,Flash Flood,PUBLIC,0-17,F,D
2025,Flash Flood,PUBLIC,0-17,F,D
2025,Flash Flood,PUBLIC,0-17,F,D
2025,Flash Flood,PUBLIC,0-17,F,D
2025,Flash Flood,PUBLIC,0-17,F,D
2025,Flash Flood,PUBLIC,0-17,F,D
2025,Flash Flood,PUBLIC,0-17,F,D
2025,Flash Flood,PUBLIC,0-17,F,D
2025,Flash Flood,PUBLIC,0-17,F,D
2025,Flash Flood,PUBLIC,0-17,F,D
2025,Flash Flood,PUBLIC,0-17,F,D
2025,Flash Flood,PUBLIC,0-17,F,D
2025,Flash Flood,PUBLIC,0-17,F,D
2025,Flash Flood,PUBLIC,0-17,F,D
2025,Flash Flood,PUBLIC,0-17,F,D
2025,Flash Flood,PUBLIC,0-17,F,D
2025,Flash Flood,VEHICLE,40-64,M,D
2025,Flash Flood,VEHICLE,40-64,M,D
2025,Flash Flood,PUBLIC,0-17,F,D
2025,Flash Flood,PUBLIC,0-17,F,D
2025,Flash Flood,PUBLIC,0-17,F,D
2025,Flash Flood,PUBLIC,0-17,F,D
2025,Flash Flood,PUBLIC,0-17,F,D
2025,Flash Flood,PUBLIC,0-17,F,D
2025,Flash Flood,PUBLIC,65+,F,D
2025,Flash Flood,RES,40-64,F,D
2025,Flash Flood,RES,65+,M,D
2025,Flash Flood,RES,65+,F,D
2025,Flash Flood,WATER,0-17,M,D
2025,Flash Flood,OUTDOOR,65+,M,D
2025,Flash Flood,OUTDOOR,18-39,F,D
2025,Flash Flood,RES,0-17,F,D
2025,Flash Flood,RES,65+,M,D
2025,Flash Flood,RES,65+,M,D
2025,Flash Flood,RES,65+,F,D
2025,Flash Flood,RES,0-17,F,D
2025,Flash Flood,WATER,unknown,unknown,D
2025,Flash Flood,RES,0-17,F,D
2025,Flash Flood,RES,65+,F,D
2025,Flash Flood,RES,18-39,M,D
2025,Flash Flood,OUTDOOR,18-39,M,D
2025,Flash Flood,WATER,40-64,M,D
2025,Flash Flood,OUTDOOR,40-64,M,D
2025,Flash Flood,OUTDOOR,65+,M,D
2025,Flash Flood,RES,0-17,M,D
2025,Flash Flood,RES,18-39,M,D
2025,Flash Flood,RES,18-39,F,D
2025,Flash Flood,OUTDOOR,18-39,F,D
2025,Flash Flood,OUTDOOR,65+,F,D
2025,Flash Flood,OUTDOOR,0-17,F,D
2025,Flash Flood,OUTDOOR,40-64,F,D
2025,Flash Flood,OUTDOOR,40-64,M,D
2025,Flash Flood,OUTDOOR,0-17,M,D
2025,Flash Flood,VEHICLE,65+,M,D
2025,Flash Flood,VEHICLE,65+,M,D
2025,Flash Flood,WATER,40-64,F,D
2025,Flash Flood,MH,18-39,M,I
2025,Flash Flood,RES,0-17,M,D
2025,Flash Flood,PUBLIC,65+,M,D
2025,Flash Flood,OTHER,65+,F,D
2025,Flash Flood,WATER,40-64,F,D
2025,Flash Flood,WATER,40-64,M,D
2025,Flash Flood,OTHER,65+,M,D
2025,Flash Flood,OTHER,40-64,F,D
2025,Flash Flood,OTHER,40-64,M,D
2025,Flash Flood,RES,0-17,M,D
2025,Flash Flood,RES,0-17,F,D
2025,Flash Flood,RES,40-64,F,D
2025,Flash Flood,RES,40-64,M,D
2025,Flash Flood,RES,40-64,M,D
2025,Flash Flood,RES,0-17,M,D
2025,Flash Flood,OUTDOOR,40-64,F,D
2025,Flash Flood,RES,18-39,M,D
2025,Flash Flood,RES,18-39,F,D
2025,Flash Flood,RES,40-64,F,D
2025,Flash Flood,RES,65+,M,D
2025,Flash Flood,RES,40-64,F,D
2025,Flash Flood,RES,18-39,F,D
2025,Flash Flood,RES,40-64,M,D
2025,Flash Flood,RES,40-64,F,D
2025,Flash Flood,RES,18-39,F,D
2025,Flash Flood,WATER,65+,M,D
2025,Flash Flood,WATER,65+,M,D
2025,Flash Flood,RES,0-17,M,D
2025,Flash Flood,VEHICLE,18-39,M,D
2025,Flash Flood,OTHER,unknown,unknown,D
2025,Flash Flood,VEHICLE,0-17,M,D
2025,Flash Flood,OTHER,unknown,unknown,D
2025,Flash Flood,OTHER,unknown,unknown,D
2025,Flash Flood,RES,40-64,M,D
2025,Flash Flood,RES,18-39,F,D
2025,Flash Flood,WATER,65+,F,D
2025,Flash Flood,RES,65+,F,D
2025,Flash Flood,RES,18-39,M,D
2025,Flash Flood,VEHICLE,65+,M,D
2025,Flash Flood,VEHICLE,65+,M,D
2025,Flash Flood,VEHICLE,0-17,F,D
2025,Flash Flood,PUBLIC,65+,M,D
2025,Flash Flood,VEHICLE,40-64,M,D
2025,Flash Flood,VEHICLE,18-39,M,D
2025,Flash Flood,VEHICLE,40-64,F,D
2025,Flash Flood,OUTDOOR,65+,M,D
2025,Flash Flood,VEHICLE,40-64,F,D
2025,Flash Flood,OTHER,40-64,F,D
2025,Flash Flood,OTHER,65+,F,D
2025,Flash Flood,OTHER,unknown,unknown,D
2025,Flash Flood,OTHER,unknown,unknown,D
2025,Flash Flood,WATER,40-64,F,D
2025,Flash Flood,VEHICLE,65+,M,D
2025,Flash Flood,VEHICLE,18-39,M,D
2025,Flash Flood,VEHICLE,0-17,F,D
2025,Flash Flood,VEHICLE,18-39,F,D
2025,Flash Flood,WATER,0-17,M,D
2025,Flash Flood,OUTDOOR,0-17,M,D
2025,Flash Flood,OUTDOOR,65+,F,D
2025,Flash Flood,WATER,unknown,M,D
2025,Flash Flood,WATER,unknown,F,D
2025,Flash Flood,VEHICLE,unknown,F,D
2025,Flash Flood,VEHICLE,0-17,M,D
2025,Flash Flood,VEHICLE,unknown,M,D
2025,Flash Flood,VEHICLE,65+,F,D
2025,Flash Flood,WATER,unknown,M,D
2025,Flash Flood,WATER,unknown,unknown,I
2025,Flash Flood,VEHICLE,unknown,M,D
2025,Flash Flood,VEHICLE,65+,M,D
2025,Flash Flood,VEHICLE,40-64,M,D
2025,Flash Flood,OTHER,40-64,F,D
2025,Flash Flood,VEHICLE,65+,M,D
2025,Flash Flood,VEHICLE,40-64,F,D
2025,Flash Flood,VEHICLE,65+,F,D
2025,Flash Flood,VEHICLE,18-39,M,D
2025,Flash Flood,VEHICLE,40-64,M,D
2025,Flash Flood,VEHICLE,40-64,M,D
2025,Flash Flood,VEHICLE,18-39,F,D
2025,Flash Flood,VEHICLE,18-39,M,D
2025,Flash Flood,VEHICLE,40-64,M,D
2025,Flash Flood,VEHICLE,40-64,M,D
2025,Flash Flood,VEHICLE,40-64,M,D
2025,Flash Flood,VEHICLE,65+,F,D
2025,Flash Flood,RES,18-39,M,D
2025,Flash Flood,OTHER,0-17,F,D
2025,Flash Flood,OTHER,18-39,F,D
2025,Flash Flood,OTHER,65+,M,D
2025,Flash Flood,WATER,unknown,unknown,D
2025,Flash Flood,VEHICLE,65+,M,D
2025,Flash Flood,VEHICLE,unknown,M,D
2025,Flash Flood,OTHER,40-64,F,D
2025,Flash Flood,OTHER,40-64,M,D
2025,Flash Flood,OTHER,65+,F,D
2025,Flash Flood,OUTDOOR,40-64,M,D
2025,Flash Flood,VEHICLE,65+,F,D
2025,Flash Flood,VEHICLE,65+,M,D
2025,Flash Flood,VEHICLE,18-39,M,D
2025,Flash Flood,VEHICLE,unknown,M,D
2025,Flash Flood,WATER,40-64,M,D
2025,Flash Flood,OUTDOOR,40-64,F,D
2025,Flash Flood,VEHICLE,18-39,F,D
2025,Flash Flood,VEHICLE,40-64,M,D
2025,Flash Flood,VEHICLE,65+,M,D
2025,Flash Flood,VEHICLE,40-64,M,D
2025,Flash Flood,RES,18-39,M,D
2025,Flash Flood,VEHICLE,18-39,M,D
2025,Flash Flood,VEHICLE,0-17,M,D
2025,Flash Flood,WATER,40-64,M,D
2025,Flash Flood,WATER,18-39,F,D
2025,Flood,VEHICLE,65+,F,D
2025,Flood,PUBLIC,65+,M,I
2025,Flood,WATER,65+,M,D
2025,Flood,VEHICLE,40-64,M,D
2025,Flood,VEHICLE,65+,M,D
2025,Flood,VEHICLE,65+,M,D
2025,Flood,VEHICLE,18-39,M,D
2025,Flood,OUTDOOR,unknown,M,D
2025,Flood,OUTDOOR,unknown,M,D
2025,Flood,VEHICLE,unknown,unknown,D
2025,Flood,VEHICLE,0-17,F,D
2025,Flood,VEHICLE,40-64,F,D
2025,Flood,WATER,65+,M,I
2025,Flood,OTHER,40-64,M,D
2025,Flood,WATER,40-64,M,D
2025,Flood,VEHICLE,unknown,unknown,D
2025,Flood,VEHICLE,unknown,M,D
2025,Heat,OUTDOOR,65+,F,D
2025,Heat,OUTDOOR,65+,M,I
2025,Heat,OUTDOOR,18-39,M,I
2025,Heat,RES,65+,F,I
2025,Heat,OTHER,40-64,M,I
2025,Heat,OTHER,18-39,M,I
2025,Heat,OUTDOOR,unknown,M,D
2025,Heat,OTHER,65+,M,D
2025,Heat,OTHER,40-64,F,D
2025,Heat,OUTDOOR,40-64,M,I
2025,Heat,OUTDOOR,40-64,M,I
2025,Heat,OUTDOOR,18-39,F,D
2025,Heat,OUTDOOR,40-64,M,D
2025,Heat,OUTDOOR,40-64,M,D
2025,Heat,OUTDOOR,40-64,M,I
2025,Heat,OUTDOOR,18-39,M,I
2025,Heat,OUTDOOR,40-64,M,D
2025,Heat,OUTDOOR,65+,F,D
2025,Heat,OUTDOOR,18-39,M,I
2025,Heat,OUTDOOR,40-64,F,I
2025,Heat,RES,65+,F,I
2025,Heat,MH,65+,M,D
2025,Heat,OTHER,40-64,F,D
2025,Heat,RES,65+,F,I
2025,Heat,RES,65+,M,I
2025,Heat,OUTDOOR,65+,M,I
2025,Heat,MH,65+,F,I
2025,Heat,OUTDOOR,65+,F,I
2025,Heat,MH,65+,M,I
2025,Heat,OUTDOOR,18-39,M,I
2025,Heat,RES,65+,M,I
2025,Heat,OUTDOOR,40-64,M,I
2025,Heat,OUTDOOR,40-64,M,I
2025,Heat,VEHICLE,65+,F,D
2025,Heat,OUTDOOR,65+,M,I
2025,Heat,RES,65+,F,I
2025,Heat,OTHER,65+,M,I
2025,Heat,MH,65+,M,I
2025,Heat,OUTDOOR,18-39,M,I
2025,Heat,PUBLIC,18-39,M,D
2025,Heat,VEHICLE,65+,M,I
2025,Heat,VEHICLE,65+,M,D
2025,Heat,PUBLIC,40-64,M,I
2025,Heat,OUTDOOR,40-64,M,I
2025,Heat,OUTDOOR,18-39,M,I
2025,Heat,OUTDOOR,65+,M,I
2025,Heat,OUTDOOR,40-64,M,I
2025,Heat,RES,40-64,M,I
2025,Heat,RES,40-64,F,I
2025,Heat,RES,40-64,M,I
2025,Heat,RES,40-64,M,I
2025,Heat,OUTDOOR,18-39,F,D
2025,Heat,RES,65+,M,I
2025,Heat,RES,65+,M,D
2025,Heat,OUTDOOR,18-39,M,I
2025,Heat,OUTDOOR,40-64,M,I
2025,Heat,MH,40-64,M,I
2025,Heat,MH,65+,F,D
2025,Heat,OUTDOOR,65+,M,I
2025,Heat,OUTDOOR,40-64,M,I
2025,Heat,MH,40-64,M,I
2025,Heat,OUTDOOR,40-64,M,I
2025,Heat,OUTDOOR,40-64,F,I
2025,Heat,OUTDOOR,40-64,M,D
2025,Heat,OUTDOOR,65+,F,D
2025,Heat,OUTDOOR,18-39,M,D
2025,Heat,OUTDOOR,40-64,F,D
2025,Heat,VEHICLE,0-17,M,D
2025,Heat,RES,40-64,M,I
2025,Heat,RES,65+,F,I
2025,Heat,MH,65+,M,I
2025,Heat,RES,65+,M,I
2025,Heat,RES,65+,M,I
2025,Heat,VEHICLE,0-17,M,D
2025,Heat,RES,65+,F,D
2025,Heat,OUTDOOR,65+,F,I
2025,Heat,RES,65+,M,D
2025,Heat,RES,40-64,F,I
2025,Heat,OUTDOOR,65+,M,D
2025,Heat,OTHER,40-64,M,D
2025,Heat,OUTDOOR,40-64,M,D
2025,Heat,OUTDOOR,65+,M,D
2025,Heat,OUTDOOR,65+,M,D
2025,Heat,OUTDOOR,40-64,M,D
2025,Heat,MH,65+,M,I
2025,Heat,OUTDOOR,65+,M,I
2025,Heat,OUTDOOR,18-39,F,D
2025,Heat,OUTDOOR,18-39,M,I
2025,Heat,RES,65+,M,I
2025,Heat,OUTDOOR,65+,F,I
2025,Heat,OUTDOOR,40-64,F,D
2025,Heat,OUTDOOR,18-39,M,D
2025,Heat,MH,65+,M,D
2025,Heat,OUTDOOR,18-39,F,D
2025,Heat,RES,40-64,M,D
2025,Heat,OUTDOOR,40-64,M,D
2025,Heat,OUTDOOR,0-17,M,D
2025,Heat,OUTDOOR,40-64,M,I
2025,Heat,RES,65+,F,I
2025,Heat,VEHICLE,0-17,M,I
2025,Heat,VEHICLE,0-17,F,I
2025,Heat,OUTDOOR,65+,M,I
2025,Heat,OUTDOOR,65+,M,D
2025,Heat,RES,65+,M,I
2025,Heat,RES,40-64,F,I
2025,Heat,OTHER,18-39,F,I
2025,Heat,OTHER,40-64,M,I
2025,Heat,OUTDOOR,65+,M,D
2025,Heat,OUTDOOR,18-39,M,D
2025,Heat,RES,65+,F,I
2025,Heat,OUTDOOR,18-39,M,I
2025,Heat,RES,40-64,F,I
2025,Heat,RES,40-64,F,I
2025,Heat,MH,65+,F,I
2025,Heat,RES,40-64,M,D
2025,Heat,OUTDOOR,65+,F,D
2025,Heat,OUTDOOR,40-64,F,D
2025,Heat,OTHER,65+,M,D
2025,Heat,VEHICLE,40-64,M,D
2025,Heat,OUTDOOR,65+,M,I
2025,Heat,OUTDOOR,40-64,M,D
2025,Heat,RES,65+,F,D
2025,Heat,RES,65+,M,I
2025,Heat,OTHER,65+,M,D
2025,Heat,OUTDOOR,18-39,M,I
2025,Heat,OUTDOOR,40-64,M,I
2025,Heat,OUTDOOR,18-39,M,D
2025,Heat,RES,65+,F,I
2025,Heat,OUTDOOR,40-64,M,D
2025,Heat,MH,40-64,M,I
2025,Heat,MH,65+,F,I
2025,Heat,RES,65+,M,I
2025,Heat,OUTDOOR,40-64,F,I
2025,Heat,RES,65+,M,I
2025,Heat,MH,65+,F,I
2025,Heat,OUTDOOR,65+,M,I
2025,Heat,RES,65+,M,I
2025,Heat,RES,65+,M,D
2025,Heat,RES,65+,M,I
2025,Heat,OUTDOOR,65+,M,I
2025,Heat,OUTDOOR,18-39,M,I
2025,Heat,MH,65+,M,I
2025,Heat,OUTDOOR,18-39,M,I
2025,Heat,OUTDOOR,18-39,M,I
2025,Heat,MH,40-64,M,I
2025,Heat,OUTDOOR,65+,M,I
2025,Heat,RES,40-64,M,I
2025,Heat,OUTDOOR,40-64,M,I
2025,Heat,OUTDOOR,65+,M,D
2025,Heat,OUTDOOR,40-64,F,I
2025,Heat,OUTDOOR,18-39,F,D
2025,Heat,OUTDOOR,40-64,M,D
2025,Heat,RES,65+,M,I
2025,Heat,VEHICLE,0-17,unknown,D
2025,Heat,OUTDOOR,65+,M,I
2025,Heat,OUTDOOR,18-39,F,D
2025,Heat,OUTDOOR,65+,M,D
2025,Heat,RES,40-64,M,I
2025,Heat,OUTDOOR,40-64,M,I
2025,Heat,RES,65+,M,D
2025,Heat,RES,40-64,M,I
2025,Heat,OUTDOOR,unknown,unknown,D
2025,Heat,OUTDOOR,65+,M,D
2025,Heavy Rain,VEHICLE,18-39,M,I
2025,Heavy Rain,VEHICLE,65+,M,I
2025,Heavy Rain,VEHICLE,18-39,M,D
2025,Heavy Rain,VEHICLE,18-39,F,D
2025,Heavy Rain,OUTDOOR,unknown,M,D
2025,Heavy Rain,VEHICLE,0-17,F,D
2025,Heavy Snow,RES,40-64,F,I
2025,Heavy Snow,RES,40-64,F,I
2025,Heavy Snow,RES,40-64,F,I
2025,Heavy Snow,RES,40-64,F,I
2025,Heavy Snow,RES,40-64,F,I
2025,Heavy Snow,RES,40-64,F,I
2025,Heavy Snow,VEHICLE,18-39,M,I
2025,Heavy Snow,VEHICLE,unknown,M,I
2025,Heavy Snow,OUTDOOR,65+,M,D
2025,Heavy Snow,VEHICLE,0-17,F,D
2025,Heavy Snow,RES,40-64,F,I
2025,High Surf,WATER,40-64,M,D
2025,High Surf,WATER,18-39,M,D
2025,High Surf,WATER,65+,M,D
2025,High Surf,WATER,unknown,M,D
2025,High Surf,WATER,0-17,M,D
2025,High Surf,WATER,unknown,M,D
2025,High Surf,WATER,18-39,F,D
2025,High Surf,WATER,unknown,M,D
2025,High Surf,WATER,65+,M,I
2025,High Surf,WATER,unknown,M,I
2025,High Surf,WATER,18-39,M,D
2025,High Surf,WATER,18-39,M,D
2025,High Surf,WATER,0-17,F,D
2025,High Wind,WATER,40-64,M,D
2025,High Wind,RES,40-64,M,D
2025,High Wind,MH,0-17,M,D
2025,High Wind,MH,0-17,M,D
2025,High Wind,VEHICLE,65+,F,D
2025,High Wind,VEHICLE,40-64,M,D
2025,High Wind,VEHICLE,40-64,M,I
2025,Ice Storm,RES,65+,M,I
2025,Lightning,OUTDOOR,unknown,F,I
2025,Lightning,OUTDOOR,18-39,M,D
2025,Lightning,OTHER,unknown,M,D
2025,Lightning,OUTDOOR,65+,M,D
2025,Lightning,WATER,40-64,M,D
2025,Lightning,OUTDOOR,18-39,F,D
2025,Lightning,WATER,18-39,M,D
2025,Lightning,OTHER,0-17,M,I
2025,Lightning,WATER,65+,M,D
2025,Lightning,OUTDOOR,40-64,M,D
2025,Lightning,WATER,40-64,M,D
2025,Lightning,OUTDOOR,unknown,F,I
2025,Lightning,OUTDOOR,18-39,M,D
2025,Lightning,WATER,40-64,M,D
2025,Lightning,WATER,18-39,M,D
2025,Lightning,OUTDOOR,40-64,F,D
2025,Lightning,OUTDOOR,18-39,M,D
2025,Lightning,OUTDOOR,40-64,M,D
2025,Lightning,OUTDOOR,40-64,M,D
2025,Lightning,OTHER,unknown,F,D
2025,Lightning,OUTDOOR,18-39,M,D
2025,Lightning,OUTDOOR,40-64,M,D
2025,Lightning,OUTDOOR,18-39,M,D
2025,Lightning,OUTDOOR,18-39,M,D
2025,Rip Current,WATER,40-64,M,D
2025,Rip Current,WATER,unknown,M,I
2025,Rip Current,WATER,18-39,M,D
2025,Rip Current,WATER,18-39,M,D
2025,Rip Current,WATER,18-39,M,D
2025,Rip Current,WATER,18-39,M,D
2025,Rip Current,WATER,18-39,M,D
2025,Rip Current,WATER,unknown,M,D
2025,Rip Current,WATER,40-64,M,D
2025,Rip Current,WATER,18-39,M,D
2025,Rip Current,WATER,18-39,M,D
2025,Rip Current,WATER,0-17,M,D
2025,Rip Current,WATER,0-17,F,D
2025,Rip Current,WATER,0-17,F,D
2025,Rip Current,WATER,unknown,M,D
2025,Rip Current,WATER,18-39,M,D
2025,Rip Current,WATER,40-64,M,D
2025,Rip Current,WATER,18-39,F,D
2025,Rip Current,WATER,40-64,M,D
2025,Rip Current,WATER,65+,M,D
2025,Rip Current,WATER,40-64,F,D
2025,Rip Current,WATER,65+,F,D
2025,Rip Current,WATER,0-17,M,D
2025,Rip Current,WATER,65+,M,D
2025,Rip Current,WATER,40-64,M,D
2025,Rip Current,WATER,18-39,M,D
2025,Rip Current,WATER,18-39,M,D
2025,Rip Current,WATER,unknown,unknown,D
2025,Sneakerwave,WATER,40-64,F,D
2025,Sneakerwave,WATER,0-17,M,D
2025,Sneakerwave,WATER,18-39,M,D
2025,Sneakerwave,WATER,18-39,M,D
2025,Strong Wind,VEHICLE,18-39,F,D
2025,Strong Wind,VEHICLE,65+,F,D
2025,Strong Wind,OUTDOOR,65+,F,D
2025,Strong Wind,OUTDOOR,65+,F,D
2025,Strong Wind,OUTDOOR,18-39,F,I
2025,Strong Wind,WATER,18-39,F,I
2025,Strong Wind,OUTDOOR,40-64,M,D
2025,Strong Wind,WATER,40-64,M,D
2025,Strong Wind,OUTDOOR,unknown,M,D
2025,Strong Wind,VEHICLE,18-39,F,I
2025,Strong Wind,OUTDOOR,65+,M,D
2025,Thunderstorm Wind,VEHICLE,18-39,F,D
2025,Thunderstorm Wind,VEHICLE,18-39,M,D
2025,Thunderstorm Wind,MH,unknown,unknown,D
2025,Thunderstorm Wind,VEHICLE,65+,F,D
2025,Thunderstorm Wind,VEHICLE,18-39,F,D
2025,Thunderstorm Wind,OTHER,40-64,M,D
2025,Thunderstorm Wind,OUTDOOR,18-39,M,I
2025,Thunderstorm Wind,WATER,65+,M,D
2025,Thunderstorm Wind,WATER,65+,M,D
2025,Thunderstorm Wind,VEHICLE,40-64,F,D
2025,Thunderstorm Wind,OUTDOOR,40-64,M,D
2025,Thunderstorm Wind,VEHICLE,18-39,M,D
2025,Thunderstorm Wind,VEHICLE,40-64,M,I
2025,Thunderstorm Wind,OTHER,unknown,unknown,D
2025,Thunderstorm Wind,WATER,65+,F,D
2025,Thunderstorm Wind,VEHICLE,unknown,unknown,D
2025,Thunderstorm Wind,WATER,65+,M,D
2025,Thunderstorm Wind,OUTDOOR,18-39,M,D
2025,Thunderstorm Wind,VEHICLE,65+,M,D
2025,Thunderstorm Wind,RES,unknown,unknown,D
2025,Thunderstorm Wind,VEHICLE,40-64,M,D
2025,Thunderstorm Wind,VEHICLE,unknown,F,D
2025,Thunderstorm Wind,OUTDOOR,40-64,M,D
2025,Thunderstorm Wind,VEHICLE,unknown,unknown,D
2025,Thunderstorm Wind,OUTDOOR,18-39,M,D
2025,Thunderstorm Wind,VEHICLE,40-64,M,D
2025,Thunderstorm Wind,WATER,65+,F,D
2025,Thunderstorm Wind,MH,0-17,M,D
2025,Thunderstorm Wind,OUTDOOR,40-64,F,D
2025,Thunderstorm Wind,OUTDOOR,40-64,M,I
2025,Thunderstorm Wind,WATER,65+,M,D
2025,Thunderstorm Wind,OUTDOOR,18-39,M,D
2025,Thunderstorm Wind,WATER,40-64,M,D
2025,Thunderstorm Wind,OTHER,18-39,M,D
2025,Thunderstorm Wind,RES,65+,M,I
2025,Thunderstorm Wind,OTHER,40-64,M,D
2025,Thunderstorm Wind,OUTDOOR,0-17,F,D
2025,Thunderstorm Wind,OUTDOOR,18-39,M,I
2025,Thunderstorm Wind,VEHICLE,18-39,F,D
2025,Thunderstorm Wind,WATER,18-39,M,D
2025,Tornado,RES,40-64,F,D
2025,Tornado,RES,18-39,F,D
2025,Tornado,VEHICLE,18-39,F,D
2025,Tornado,MH,40-64,F,D
2025,Tornado,MH,40-64,M,D
2025,Tornado,PUBLIC,65+,M,D
2025,Tornado,MH,65+,F,D
2025,Tornado,MH,65+,M,D
2025,Tornado,MH,40-64,M,D
2025,Tornado,OTHER,65+,M,D
2025,Tornado,OTHER,65+,F,D
2025,Tornado,OTHER,65+,M,D
2025,Tornado,MH,unknown,M,D
2025,Tornado,RES,40-64,M,D
2025,Tornado,RES,40-64,F,D
2025,Tornado,MH,40-64,F,D
2025,Tornado,PUBLIC,65+,F,D
2025,Tornado,RES,65+,F,D
2025,Tornado,RES,18-39,F,D
2025,Tornado,RES,65+,F,D
2025,Tornado,RES,40-64,F,D
2025,Tornado,MH,40-64,F,D
2025,Tornado,RES,65+,F,D
2025,Tornado,RES,65+,M,D
2025,Tornado,MH,65+,M,D
2025,Tornado,OUTDOOR,40-64,M,D
2025,Tornado,RES,65+,F,D
2025,Tornado,RES,65+,M,D
2025,Tornado,RES,65+,F,D
2025,Tornado,RES,65+,F,D
2025,Tornado,RES,65+,M,D
2025,Tornado,OTHER,unknown,unknown,D
2025,Tornado,OTHER,unknown,unknown,D
2025,Tornado,OTHER,unknown,unknown,D
2025,Tornado,MH,65+,F,D
2025,Tornado,OTHER,unknown,unknown,D
2025,Tornado,RES,65+,F,D
2025,Tornado,RES,40-64,M,D
2025,Tornado,RES,65+,F,D
2025,Tornado,RES,65+,M,D
2025,Tornado,RES,40-64,F,D
2025,Tornado,RES,40-64,M,D
2025,Tornado,OTHER,65+,F,D
2025,Tornado,OTHER,40-64,F,D
2025,Tornado,RES,65+,F,D
2025,Tornado,RES,65+,M,D
2025,Tornado,MH,0-17,M,D
2025,Tornado,RES,65+,F,D
2025,Tornado,MH,40-64,M,D
2025,Tornado,MH,40-64,M,D
2025,Tornado,MH,18-39,F,D
2025,Tornado,MH,0-17,F,D
2025,Tornado,MH,40-64,M,D
2025,Tornado,MH,65+,M,D
2025,Tornado,RES,18-39,M,D
2025,Tornado,VEHICLE,18-39,M,D
2025,Tornado,MH,40-64,F,D
2025,Tornado,MH,40-64,F,D
2025,Tornado,RES,0-17,F,D
2025,Tornado,RES,0-17,F,D
2025,Tornado,MH,18-39,F,D
2025,Tornado,RES,65+,F,D
2025,Tornado,PUBLIC,18-39,M,D
2025,Tornado,RES,18-39,M,D
2025,Wildfire,OTHER,unknown,unknown,D
2025,Wildfire,OTHER,unknown,unknown,D
2025,Wildfire,OTHER,unknown,unknown,D
2025,Wildfire,OTHER,unknown,unknown,D
2025,Wildfire,OTHER,unknown,unknown,D
2025,Wildfire,OTHER,unknown,unknown,D
2025,Wildfire,OTHER,unknown,unknown,D
2025,Wildfire,RES,65+,M,D
2025,Wildfire,OUTDOOR,40-64,M,I
2025,Wildfire,OUTDOOR,40-64,M,I
2025,Wildfire,RES,40-64,M,D
2025,Wildfire,OTHER,unknown,unknown,D
2025,Wildfire,OTHER,unknown,unknown,D
2025,Wildfire,OTHER,unknown,unknown,D
2025,Wildfire,OTHER,unknown,unknown,D
2025,Wildfire,OTHER,unknown,unknown,D
2025,Wildfire,OTHER,unknown,unknown,D
2025,Wildfire,OTHER,unknown,unknown,D
2025,Wildfire,OTHER,unknown,unknown,D
2025,Wildfire,OTHER,unknown,unknown,D
2025,Wildfire,OTHER,unknown,unknown,D
2025,Wildfire,OTHER,unknown,unknown,D
2025,Wildfire,OTHER,unknown,unknown,D
2025,Wildfire,OTHER,unknown,unknown,D
2025,Wildfire,OTHER,unknown,unknown,D
2025,Wildfire,OTHER,unknown,unknown,D
2025,Wildfire,OTHER,unknown,unknown,D
2025,Wildfire,OTHER,unknown,unknown,D
2025,Wildfire,OTHER,unknown,unknown,D
2025,Wildfire,OTHER,unknown,unknown,D
2025,Wildfire,OTHER,unknown,unknown,D
2025,Wildfire,OTHER,unknown,unknown,D
2025,Wildfire,OTHER,unknown,unknown,D
2025,Wildfire,OTHER,unknown,unknown,D
2025,Wildfire,OTHER,unknown,unknown,D
2025,Wildfire,OTHER,unknown,unknown,D
2025,Wildfire,OTHER,unknown,unknown,D
2025,Wildfire,OTHER,unknown,unknown,D
2025,Wildfire,OTHER,65+,F,D
2025,Wildfire,OTHER,unknown,unknown,D
2025,Wildfire,OTHER,unknown,unknown,D
2025,Wildfire,OTHER,unknown,unknown,D
2025,Wildfire,OTHER,unknown,unknown,D
2025,Wildfire,OTHER,unknown,unknown,D
2025,Wildfire,OTHER,unknown,unknown,D
2025,Wildfire,OTHER,unknown,unknown,D
2025,Wildfire,OTHER,unknown,unknown,D
2025,Wildfire,OTHER,unknown,unknown,D
2025,Wildfire,OTHER,unknown,unknown,D
2025,Wildfire,OTHER,unknown,unknown,D
2025,Wildfire,OTHER,unknown,unknown,D
2025,Wildfire,OTHER,unknown,unknown,D
2025,Wildfire,OTHER,unknown,unknown,D
2025,Wildfire,OTHER,unknown,unknown,D
2025,Wildfire,OTHER,unknown,unknown,D
2025,Wildfire,OTHER,unknown,unknown,D
2025,Wildfire,OTHER,unknown,unknown,D
2025,Wildfire,OTHER,unknown,unknown,D
2025,Wildfire,OTHER,unknown,unknown,D
2025,Wildfire,OTHER,unknown,unknown,D
2025,Wildfire,OTHER,unknown,unknown,D
2025,Wildfire,OTHER,unknown,unknown,D
2025,Wildfire,OTHER,unknown,unknown,D
2025,Winter Storm,VEHICLE,unknown,F,I
2025,Winter Storm,VEHICLE,unknown,unknown,I
2025,Winter Storm,VEHICLE,unknown,unknown,I
2025,Winter Storm,VEHICLE,unknown,unknown,I
2025,Winter Storm,VEHICLE,unknown,unknown,I
2025,Winter Storm,VEHICLE,unknown,unknown,I
2025,Winter Storm,VEHICLE,18-39,M,I
2025,Winter Storm,VEHICLE,18-39,F,I
2025,Winter Storm,VEHICLE,40-64,M,I
2025,Winter Storm,VEHICLE,unknown,unknown,I
2025,Winter Storm,VEHICLE,0-17,M,I
2025,Winter Storm,OUTDOOR,unknown,M,I
2025,Winter Storm,VEHICLE,unknown,unknown,I
2025,Winter Storm,VEHICLE,unknown,unknown,I
2025,Winter Storm,VEHICLE,unknown,unknown,I
2025,Winter Storm,OUTDOOR,unknown,F,I
2025,Winter Storm,OTHER,40-64,F,I
2025,Winter Storm,VEHICLE,40-64,M,I
2025,Winter Storm,VEHICLE,unknown,M,I
2025,Winter Storm,VEHICLE,40-64,F,D
2025,Winter Storm,OUTDOOR,unknown,M,D
2025,Winter Storm,VEHICLE,unknown,unknown,I
2025,Winter Storm,OUTDOOR,40-64,M,D
2025,Winter Weather,VEHICLE,0-17,F,I
2025,Winter Weather,VEHICLE,unknown,unknown,I
2025,Winter Weather,VEHICLE,40-64,M,I
2025,Winter Weather,VEHICLE,18-39,F,I
2025,Winter Weather,VEHICLE,18-39,M,I
2025,Winter Weather,OTHER,18-39,M,I
2025,Winter Weather,VEHICLE,18-39,M,I
2025,Winter Weather,WATER,unknown,M,I
2025,Winter Weather,VEHICLE,18-39,F,D
2025,Winter Weather,VEHICLE,unknown,M,D
2025,Winter Weather,VEHICLE,40-64,M,I
2025,Winter Weather,VEHICLE,18-39,M,D
2025,Winter Weather,VEHICLE,40-64,M,D
2025,Winter Weather,VEHICLE,0-17,M,I
2025,Winter Weather,VEHICLE,18-39,M,I
2025,Winter Weather,VEHICLE,40-64,F,I
2025,Winter Weather,VEHICLE,unknown,unknown,I
2025,Winter Weather,VEHICLE,18-39,M,D
2025,Winter Weather,VEHICLE,18-39,F,I
2025,Winter Weather,VEHICLE,40-64,F,I
2025,Winter Weather,VEHICLE,18-39,F,I
2025,Winter Weather,VEHICLE,18-39,F,I
2025,Winter Weather,VEHICLE,18-39,F,I
2025,Winter Weather,VEHICLE,unknown,unknown,I
2025,Winter Weather,VEHICLE,unknown,unknown,I
2025,Winter Weather,OTHER,unknown,unknown,I
2025,Winter Weather,VEHICLE,40-64,F,I
2025,Winter Weather,VEHICLE,18-39,F,I
2025,Winter Weather,VEHICLE,40-64,M,I
2025,Winter Weather,VEHICLE,40-64,M,I
2025,Winter Weather,OTHER,unknown,unknown,I
