fips,name,expected_deaths_per_decade,deaths_1996_2025,risk_same_ef2_tornado_at_night,risk_same_flash_flood_at_night
01001,"Autauga County, Alabama",0.55,10,0.0624,0.0068
01003,"Baldwin County, Alabama",1.0,1,0.0731,0.009
01005,"Barbour County, Alabama",0.28,0,0.1029,0.0078
01007,"Bibb County, Alabama",1.29,1,0.1038,0.0085
01009,"Blount County, Alabama",1.53,0,0.0824,0.01
01011,"Bullock County, Alabama",0.11,0,0.075,0.0069
01013,"Butler County, Alabama",0.19,0,0.0699,0.0087
01015,"Calhoun County, Alabama",4.96,17,0.0899,0.0101
01017,"Chambers County, Alabama",0.32,0,0.0949,0.0107
01019,"Cherokee County, Alabama",0.81,3,0.105,0.0114
01021,"Chilton County, Alabama",0.76,1,0.1803,0.0133
01023,"Choctaw County, Alabama",0.67,2,0.091,0.0114
01025,"Clarke County, Alabama",0.38,0,0.0706,0.0075
01027,"Clay County, Alabama",0.12,1,0.073,0.009
01029,"Cleburne County, Alabama",0.12,1,0.0798,0.0087
01031,"Coffee County, Alabama",1.27,13,0.0874,0.0101
01033,"Colbert County, Alabama",0.65,0,0.0579,0.0072
01035,"Conecuh County, Alabama",0.14,1,0.0597,0.0077
01037,"Coosa County, Alabama",0.44,0,0.0862,0.0095
01039,"Covington County, Alabama",0.2,2,0.0731,0.0089
01041,"Crenshaw County, Alabama",0.19,0,0.0768,0.0091
01043,"Cullman County, Alabama",2.93,2,0.0859,0.0129
01045,"Dale County, Alabama",0.18,0,0.0888,0.0099
01047,"Dallas County, Alabama",0.63,6,0.0929,0.0092
01049,"DeKalb County, Alabama",12.02,35,0.0887,0.0107
01051,"Elmore County, Alabama",0.97,6,0.0681,0.0081
01053,"Escambia County, Alabama",0.39,0,0.0961,0.0111
01055,"Etowah County, Alabama",1.59,0,0.0945,0.0117
01057,"Fayette County, Alabama",0.76,4,0.0678,0.007
01059,"Franklin County, Alabama",3.17,27,0.0599,0.0072
01061,"Geneva County, Alabama",0.31,1,0.0978,0.0117
01063,"Greene County, Alabama",0.26,0,0.0926,0.0099
01065,"Hale County, Alabama",1.11,7,0.0908,0.0081
01067,"Henry County, Alabama",0.3,2,0.0977,0.0121
01069,"Houston County, Alabama",0.41,1,0.0816,0.01
01071,"Jackson County, Alabama",6.0,12,0.0817,0.0103
01073,"Jefferson County, Alabama",8.98,58,0.0724,0.0096
01075,"Lamar County, Alabama",0.4,2,0.0544,0.0068
01077,"Lauderdale County, Alabama",0.83,3,0.0603,0.0074
01079,"Lawrence County, Alabama",7.32,20,0.0679,0.0072
01081,"Lee County, Alabama",8.03,23,0.0973,0.0134
01083,"Limestone County, Alabama",1.8,6,0.068,0.0084
01085,"Lowndes County, Alabama",0.2,0,0.083,0.0083
01087,"Macon County, Alabama",0.23,0,0.0782,0.008
01089,"Madison County, Alabama",3.06,12,0.0679,0.0083
01091,"Marengo County, Alabama",0.45,2,0.0593,0.0067
01093,"Marion County, Alabama",4.58,25,0.0843,0.0107
01095,"Marshall County, Alabama",2.6,8,0.0782,0.0094
01097,"Mobile County, Alabama",1.25,1,0.0946,0.0105
01099,"Monroe County, Alabama",0.21,0,0.0713,0.0089
01101,"Montgomery County, Alabama",0.45,5,0.0911,0.0108
01103,"Morgan County, Alabama",2.14,1,0.0825,0.0103
01105,"Perry County, Alabama",0.5,0,0.0875,0.0085
01107,"Pickens County, Alabama",0.5,5,0.0775,0.0084
01109,"Pike County, Alabama",0.35,0,0.092,0.0111
01111,"Randolph County, Alabama",0.22,0,0.1149,0.0112
01113,"Russell County, Alabama",0.17,0,0.071,0.0079
01115,"St. Clair County, Alabama",1.6,16,0.0602,0.0073
01117,"Shelby County, Alabama",0.62,3,0.0587,0.0086
01119,"Sumter County, Alabama",0.52,1,0.0837,0.0084
01121,"Talladega County, Alabama",0.36,1,0.1178,0.0104
01123,"Tallapoosa County, Alabama",1.97,2,0.1083,0.0135
01125,"Tuscaloosa County, Alabama",9.66,60,0.0864,0.0106
01127,"Walker County, Alabama",3.84,19,0.1435,0.0128
01129,"Washington County, Alabama",0.38,3,0.0639,0.008
01131,"Wilcox County, Alabama",0.38,1,0.0878,0.0086
01133,"Winston County, Alabama",1.09,1,0.1326,0.013
02013,"Aleutians East Borough, Alaska",0.01,0,0.0479,0.0087
02016,"Aleutians West Census Area, Alaska",0.0,0,0.0323,0.0062
02020,"Anchorage Municipality, Alaska",0.0,0,0.0821,0.0128
02050,"Bethel Census Area, Alaska",0.0,0,0.0468,0.0096
02060,"Bristol Bay Borough, Alaska",0.0,0,0.0255,0.0049
02063,"Chugach Census Area, Alaska",0.0,0,0.0538,0.0088
02066,"Copper River Census Area, Alaska",0.0,0,0.065,0.0096
02068,"Denali Borough, Alaska",0.0,0,0.0255,0.0061
02070,"Dillingham Census Area, Alaska",0.0,0,0.0451,0.009
02090,"Fairbanks North Star Borough, Alaska",0.0,0,0.0441,0.0079
02100,"Haines Borough, Alaska",0.0,0,0.0272,0.0045
02105,"Hoonah-Angoon Census Area, Alaska",0.0,0,0.0415,0.0063
02110,"Juneau City and Borough, Alaska",0.0,0,0.0375,0.0056
02122,"Kenai Peninsula Borough, Alaska",0.0,0,0.0288,0.005
02130,"Ketchikan Gateway Borough, Alaska",0.0,0,0.0294,0.0048
02150,"Kodiak Island Borough, Alaska",0.0,0,0.0353,0.0067
02158,"Kusilvak Census Area, Alaska",0.0,0,0.0463,0.0089
02164,"Lake and Peninsula Borough, Alaska",0.0,0,0.0469,0.0112
02170,"Matanuska-Susitna Borough, Alaska",0.0,0,0.0347,0.0071
02180,"Nome Census Area, Alaska",0.0,0,0.0468,0.0091
02185,"North Slope Borough, Alaska",0.0,0,0.0461,0.0086
02188,"Northwest Arctic Borough, Alaska",0.0,0,0.0468,0.009
02195,"Petersburg Borough, Alaska",0.0,0,0.0467,0.0067
02198,"Prince of Wales-Hyder Census Area, Alaska",0.0,0,0.0488,0.0066
02220,"Sitka City and Borough, Alaska",0.0,0,0.0328,0.0049
02230,"Skagway Municipality, Alaska",0.0,0,0.0312,0.0058
02240,"Southeast Fairbanks Census Area, Alaska",0.0,0,0.0377,0.0076
02275,"Wrangell City and Borough, Alaska",0.0,0,0.0877,0.013
02282,"Yakutat City and Borough, Alaska",0.0,0,0.0294,0.0049
02290,"Yukon-Koyukuk Census Area, Alaska",0.0,0,0.0362,0.0058
04001,"Apache County, Arizona",0.49,0,0.0792,0.0066
04003,"Cochise County, Arizona",0.59,13,0.1098,0.0067
04005,"Coconino County, Arizona",1.69,24,0.085,0.0083
04007,"Gila County, Arizona",1.02,15,0.116,0.0078
04009,"Graham County, Arizona",0.16,1,0.1018,0.0099
04011,"Greenlee County, Arizona",0.06,0,0.0499,0.0071
04012,"La Paz County, Arizona",0.6,2,0.0758,0.0112
04013,"Maricopa County, Arizona",3.16,15,0.0992,0.0082
04015,"Mohave County, Arizona",1.73,8,0.1136,0.0096
04017,"Navajo County, Arizona",0.4,0,0.076,0.0063
04019,"Pima County, Arizona",1.37,19,0.0854,0.0068
04021,"Pinal County, Arizona",0.45,5,0.1058,0.0071
04023,"Santa Cruz County, Arizona",0.19,4,0.0803,0.0064
04025,"Yavapai County, Arizona",1.75,5,0.1019,0.0093
04027,"Yuma County, Arizona",0.18,0,0.1183,0.0095
05001,"Arkansas County, Arkansas",0.42,0,0.0525,0.0062
05003,"Ashley County, Arkansas",0.53,3,0.0551,0.0066
05005,"Baxter County, Arkansas",1.09,2,0.062,0.0072
05007,"Benton County, Arkansas",2.77,8,0.1088,0.0102
05009,"Boone County, Arkansas",0.54,1,0.0599,0.0066
05011,"Bradley County, Arkansas",0.24,0,0.051,0.0065
05013,"Calhoun County, Arkansas",0.49,0,0.0684,0.0082
05015,"Carroll County, Arkansas",0.3,3,0.0836,0.0095
05017,"Chicot County, Arkansas",0.53,0,0.0595,0.0066
05019,"Clark County, Arkansas",1.95,6,0.0594,0.0077
05021,"Clay County, Arkansas",0.71,1,0.0493,0.0061
05023,"Cleburne County, Arkansas",0.43,1,0.0712,0.0077
05025,"Cleveland County, Arkansas",0.22,0,0.0585,0.0058
05027,"Columbia County, Arkansas",0.39,0,0.0601,0.0073
05029,"Conway County, Arkansas",1.03,5,0.0676,0.0076
05031,"Craighead County, Arkansas",1.84,4,0.0782,0.0101
05033,"Crawford County, Arkansas",0.79,0,0.0765,0.0088
05035,"Crittenden County, Arkansas",0.54,0,0.0696,0.0089
05037,"Cross County, Arkansas",0.73,4,0.0551,0.0067
05039,"Dallas County, Arkansas",0.64,0,0.0602,0.0073
05041,"Desha County, Arkansas",0.54,0,0.0501,0.006
05043,"Drew County, Arkansas",0.33,0,0.062,0.0068
05045,"Faulkner County, Arkansas",6.67,18,0.0892,0.0098
05047,"Franklin County, Arkansas",1.28,3,0.061,0.0074
05049,"Fulton County, Arkansas",0.28,1,0.0691,0.0072
05051,"Garland County, Arkansas",1.16,1,0.0933,0.0101
05053,"Grant County, Arkansas",0.32,1,0.0469,0.0065
05055,"Greene County, Arkansas",1.14,1,0.0831,0.0092
05057,"Hempstead County, Arkansas",0.49,0,0.061,0.0071
05059,"Hot Spring County, Arkansas",2.71,0,0.0931,0.0088
05061,"Howard County, Arkansas",0.8,2,0.0601,0.0075
05063,"Independence County, Arkansas",1.27,1,0.0919,0.0096
05065,"Izard County, Arkansas",1.38,4,0.0565,0.0067
05067,"Jackson County, Arkansas",0.76,3,0.0481,0.006
05069,"Jefferson County, Arkansas",0.43,0,0.0758,0.0086
05071,"Johnson County, Arkansas",1.37,4,0.08,0.0099
05073,"Lafayette County, Arkansas",0.3,0,0.0703,0.0072
05075,"Lawrence County, Arkansas",0.22,0,0.0575,0.007
05077,"Lee County, Arkansas",0.06,0,0.0444,0.0058
05079,"Lincoln County, Arkansas",0.38,0,0.0832,0.0076
05081,"Little River County, Arkansas",0.22,1,0.049,0.006
05083,"Logan County, Arkansas",0.26,1,0.056,0.0068
05085,"Lonoke County, Arkansas",0.78,0,0.0647,0.0076
05087,"Madison County, Arkansas",0.54,9,0.0569,0.007
05089,"Marion County, Arkansas",0.29,4,0.0507,0.0066
05091,"Miller County, Arkansas",0.46,0,0.0727,0.0085
05093,"Mississippi County, Arkansas",2.55,3,0.0735,0.0085
05095,"Monroe County, Arkansas",0.58,0,0.1009,0.0122
05097,"Montgomery County, Arkansas",0.48,20,0.0773,0.0078
05099,"Nevada County, Arkansas",0.5,1,0.0604,0.0073
05101,"Newton County, Arkansas",0.22,0,0.0266,0.0048
05103,"Ouachita County, Arkansas",0.36,0,0.06,0.0067
05105,"Perry County, Arkansas",0.26,1,0.0489,0.0059
05107,"Phillips County, Arkansas",0.12,0,0.0531,0.0065
05109,"Pike County, Arkansas",0.27,0,0.0615,0.0068
05111,"Poinsett County, Arkansas",0.2,0,0.054,0.0064
05113,"Polk County, Arkansas",0.7,3,0.0616,0.0074
05115,"Pope County, Arkansas",0.79,6,0.0912,0.0098
05117,"Prairie County, Arkansas",0.45,0,0.0488,0.006
05119,"Pulaski County, Arkansas",6.44,16,0.0902,0.0087
05121,"Randolph County, Arkansas",0.27,0,0.0586,0.007
05123,"St. Francis County, Arkansas",0.15,1,0.0617,0.0076
05125,"Saline County, Arkansas",2.71,11,0.0764,0.0072
05127,"Scott County, Arkansas",0.3,8,0.0506,0.0064
05129,"Searcy County, Arkansas",0.2,0,0.0512,0.0065
05131,"Sebastian County, Arkansas",0.65,4,0.0861,0.0099
05133,"Sevier County, Arkansas",0.52,0,0.0698,0.0092
05135,"Sharp County, Arkansas",1.13,2,0.0591,0.007
05137,"Stone County, Arkansas",2.45,7,0.0719,0.0073
05139,"Union County, Arkansas",1.28,2,0.0675,0.0077
05141,"Van Buren County, Arkansas",1.8,7,0.0642,0.0077
05143,"Washington County, Arkansas",2.65,9,0.0908,0.0124
05145,"White County, Arkansas",2.07,6,0.0901,0.0093
05147,"Woodruff County, Arkansas",0.43,0,0.0517,0.0062
05149,"Yell County, Arkansas",0.29,0,0.0594,0.0072
06001,"Alameda County, California",0.13,0,0.0578,0.0057
06003,"Alpine County, California",0.0,0,0.024,0.0038
06005,"Amador County, California",0.01,0,0.0842,0.0062
06007,"Butte County, California",0.06,0,0.0965,0.0073
06009,"Calaveras County, California",0.02,0,0.0386,0.004
06011,"Colusa County, California",0.01,0,0.0881,0.0069
06013,"Contra Costa County, California",0.06,0,0.0545,0.0061
06015,"Del Norte County, California",0.01,0,0.098,0.0069
06017,"El Dorado County, California",0.06,0,0.0417,0.0052
06019,"Fresno County, California",0.14,0,0.0875,0.0074
06021,"Glenn County, California",0.01,0,0.0833,0.0072
06023,"Humboldt County, California",0.0,0,0.0839,0.0065
06025,"Imperial County, California",0.39,2,0.1182,0.0084
06027,"Inyo County, California",0.64,2,0.0744,0.007
06029,"Kern County, California",0.71,0,0.1137,0.0079
06031,"Kings County, California",0.02,0,0.0827,0.0079
06033,"Lake County, California",0.01,0,0.1134,0.007
06035,"Lassen County, California",0.02,0,0.0686,0.0076
06037,"Los Angeles County, California",0.75,7,0.1107,0.008
06039,"Madera County, California",0.06,0,0.1021,0.0079
06041,"Marin County, California",0.08,0,0.0485,0.0054
06043,"Mariposa County, California",0.03,2,0.1036,0.008
06045,"Mendocino County, California",0.0,0,0.074,0.0052
06047,"Merced County, California",0.04,0,0.1111,0.0078
06049,"Modoc County, California",0.04,0,0.0643,0.0064
06051,"Mono County, California",0.02,0,0.0343,0.0044
06053,"Monterey County, California",0.15,0,0.0958,0.0084
06055,"Napa County, California",0.06,0,0.085,0.0066
06057,"Nevada County, California",0.03,0,0.0433,0.0051
06059,"Orange County, California",0.32,2,0.0963,0.0077
06061,"Placer County, California",0.12,0,0.0477,0.0062
06063,"Plumas County, California",0.01,0,0.0388,0.0047
06065,"Riverside County, California",1.68,3,0.1599,0.0091
06067,"Sacramento County, California",0.11,4,0.1179,0.0083
06069,"San Benito County, California",0.02,0,0.053,0.0065
06071,"San Bernardino County, California",2.8,21,0.0912,0.0081
06073,"San Diego County, California",1.13,5,0.1061,0.0083
06075,"San Francisco County, California",0.02,0,0.059,0.0049
06077,"San Joaquin County, California",0.05,0,0.1216,0.0101
06079,"San Luis Obispo County, California",0.08,2,0.0678,0.0057
06081,"San Mateo County, California",0.18,1,0.0514,0.0059
06083,"Santa Barbara County, California",0.25,5,0.0975,0.0079
06085,"Santa Clara County, California",0.16,0,0.0611,0.0073
06087,"Santa Cruz County, California",0.22,1,0.1228,0.0079
06089,"Shasta County, California",0.07,4,0.0969,0.0067
06091,"Sierra County, California",0.0,0,0.0247,0.0039
06093,"Siskiyou County, California",0.08,0,0.0816,0.0068
06095,"Solano County, California",0.01,0,0.0894,0.0075
06097,"Sonoma County, California",0.35,1,0.0814,0.0065
06099,"Stanislaus County, California",0.01,0,0.1219,0.0091
06101,"Sutter County, California",0.0,0,0.0939,0.0083
06103,"Tehama County, California",0.04,0,0.095,0.0067
06105,"Trinity County, California",0.02,0,0.1004,0.0097
06107,"Tulare County, California",0.08,0,0.0995,0.008
06109,"Tuolumne County, California",0.04,1,0.0731,0.0056
06111,"Ventura County, California",0.37,1,0.0936,0.008
06113,"Yolo County, California",0.01,0,0.0924,0.0081
06115,"Yuba County, California",0.02,3,0.1183,0.0086
08001,"Adams County, Colorado",0.47,1,0.1374,0.022
08003,"Alamosa County, Colorado",0.0,0,0.0907,0.0105
08005,"Arapahoe County, Colorado",0.16,2,0.0536,0.0076
08007,"Archuleta County, Colorado",0.04,0,0.0727,0.0108
08009,"Baca County, Colorado",0.12,0,0.0547,0.0094
08011,"Bent County, Colorado",0.12,0,0.056,0.0075
08013,"Boulder County, Colorado",0.25,4,0.0476,0.0063
08014,"Broomfield County, Colorado",0.01,0,0.0625,0.0071
08015,"Chaffee County, Colorado",0.08,0,0.1004,0.0123
08017,"Cheyenne County, Colorado",0.1,0,0.0255,0.0044
08019,"Clear Creek County, Colorado",0.01,0,0.0386,0.005
08021,"Conejos County, Colorado",0.0,0,0.0559,0.0083
08023,"Costilla County, Colorado",0.04,0,0.0787,0.013
08025,"Crowley County, Colorado",0.02,0,0.06,0.0089
08027,"Custer County, Colorado",0.05,0,0.03,0.0055
08029,"Delta County, Colorado",0.06,0,0.1435,0.0193
08031,"Denver County, Colorado",0.14,0,0.0974,0.0107
08033,"Dolores County, Colorado",0.03,0,0.0346,0.0068
08035,"Douglas County, Colorado",0.11,0,0.0419,0.006
08037,"Eagle County, Colorado",0.07,0,0.0512,0.0064
08039,"Elbert County, Colorado",0.11,0,0.0308,0.0041
08041,"El Paso County, Colorado",0.75,4,0.0703,0.0097
08043,"Fremont County, Colorado",0.24,0,0.0771,0.0093
08045,"Garfield County, Colorado",0.18,1,0.0827,0.0103
08047,"Gilpin County, Colorado",0.0,0,0.0403,0.0054
08049,"Grand County, Colorado",0.06,0,0.043,0.0061
08051,"Gunnison County, Colorado",0.02,0,0.022,0.0039
08053,"Hinsdale County, Colorado",0.01,0,0.0246,0.0045
08055,"Huerfano County, Colorado",0.2,0,0.0613,0.0099
08057,"Jackson County, Colorado",0.0,0,0.0394,0.0066
08059,"Jefferson County, Colorado",0.12,3,0.0441,0.0059
08061,"Kiowa County, Colorado",0.11,0,0.0379,0.0071
08063,"Kit Carson County, Colorado",0.26,0,0.0527,0.0093
08065,"Lake County, Colorado",0.0,0,0.0434,0.0054
08067,"La Plata County, Colorado",0.22,0,0.05,0.0058
08069,"Larimer County, Colorado",0.19,13,0.043,0.0054
08071,"Las Animas County, Colorado",0.06,0,0.0398,0.0062
08073,"Lincoln County, Colorado",0.12,0,0.0308,0.0053
08075,"Logan County, Colorado",0.24,0,0.0656,0.0084
08077,"Mesa County, Colorado",0.32,0,0.0827,0.0101
08079,"Mineral County, Colorado",0.01,0,0.0407,0.0073
08081,"Moffat County, Colorado",0.03,0,0.0554,0.0087
08083,"Montezuma County, Colorado",0.06,0,0.0866,0.0119
08085,"Montrose County, Colorado",0.14,0,0.0946,0.0126
08087,"Morgan County, Colorado",0.28,0,0.0883,0.0093
08089,"Otero County, Colorado",0.09,0,0.0502,0.0061
08091,"Ouray County, Colorado",0.06,0,0.0392,0.005
08093,"Park County, Colorado",0.04,0,0.0319,0.0046
08095,"Phillips County, Colorado",0.05,0,0.0326,0.0052
08097,"Pitkin County, Colorado",0.07,0,0.0435,0.0057
08099,"Prowers County, Colorado",0.39,2,0.0548,0.0081
08101,"Pueblo County, Colorado",0.39,1,0.0819,0.009
08103,"Rio Blanco County, Colorado",0.1,0,0.0356,0.0066
08105,"Rio Grande County, Colorado",0.01,0,0.0743,0.0091
08107,"Routt County, Colorado",0.0,0,0.0322,0.0044
08109,"Saguache County, Colorado",0.02,0,0.0538,0.0089
08111,"San Juan County, Colorado",0.02,0,0.0397,0.0063
08113,"San Miguel County, Colorado",0.05,0,0.0259,0.0041
08115,"Sedgwick County, Colorado",0.03,0,0.0398,0.0072
08117,"Summit County, Colorado",0.0,0,0.0452,0.0062
08119,"Teller County, Colorado",0.08,0,0.0456,0.0058
08121,"Washington County, Colorado",0.21,0,0.0342,0.006
08123,"Weld County, Colorado",0.88,1,0.0997,0.0132
08125,"Yuma County, Colorado",0.33,0,0.0568,0.0097
09110,"Capitol Planning Region, Connecticut",0.0,0,0.0734,0.007
09120,"Greater Bridgeport Planning Region, Connecticut",0.0,0,0.0827,0.0083
09130,"Lower Connecticut River Valley Planning Region, Connecticut",0.0,0,0.0454,0.0063
09140,"Naugatuck Valley Planning Region, Connecticut",0.0,0,0.0741,0.0067
09150,"Northeastern Connecticut Planning Region, Connecticut",0.0,0,0.0435,0.0064
09160,"Northwest Hills Planning Region, Connecticut",0.0,0,0.0422,0.0064
09170,"South Central Connecticut Planning Region, Connecticut",0.0,0,0.079,0.0071
09180,"Southeastern Connecticut Planning Region, Connecticut",0.0,0,0.0642,0.007
09190,"Western Connecticut Planning Region, Connecticut",0.0,0,0.0613,0.0068
10001,"Kent County, Delaware",0.24,0,0.1151,0.0104
10003,"New Castle County, Delaware",1.79,4,0.0794,0.0076
10005,"Sussex County, Delaware",0.99,1,0.0915,0.0092
11001,"District of Columbia, District of Columbia",0.79,0,0.0892,0.0111
12001,"Alachua County, Florida",0.08,0,0.0974,0.0109
12003,"Baker County, Florida",0.09,0,0.1447,0.0097
12005,"Bay County, Florida",1.56,2,0.0942,0.0102
12007,"Bradford County, Florida",0.05,0,0.1895,0.0131
12009,"Brevard County, Florida",0.43,1,0.0906,0.0084
12011,"Broward County, Florida",0.88,0,0.1264,0.0106
12013,"Calhoun County, Florida",0.26,4,0.1077,0.0082
12015,"Charlotte County, Florida",0.08,0,0.1146,0.0106
12017,"Citrus County, Florida",0.19,0,0.1876,0.0166
12019,"Clay County, Florida",0.14,0,0.0918,0.0082
12021,"Collier County, Florida",0.2,0,0.0919,0.01
12023,"Columbia County, Florida",0.17,1,0.1542,0.0107
12027,"DeSoto County, Florida",0.06,1,0.2325,0.0156
12029,"Dixie County, Florida",0.05,0,0.1215,0.0094
12031,"Duval County, Florida",0.98,1,0.1459,0.0172
12033,"Escambia County, Florida",1.3,1,0.1168,0.0108
12035,"Flagler County, Florida",0.22,0,0.0623,0.0079
12037,"Franklin County, Florida",0.1,0,0.1404,0.0116
12039,"Gadsden County, Florida",0.12,0,0.1256,0.0093
12041,"Gilchrist County, Florida",0.04,0,0.1868,0.0141
12043,"Glades County, Florida",0.17,0,0.1334,0.0127
12045,"Gulf County, Florida",0.15,0,0.1072,0.01
12047,"Hamilton County, Florida",0.08,0,0.1174,0.0091
12049,"Hardee County, Florida",0.07,0,0.1406,0.011
12051,"Hendry County, Florida",0.08,0,0.171,0.0114
12053,"Hernando County, Florida",0.03,0,0.1566,0.012
12055,"Highlands County, Florida",0.07,1,0.1581,0.0135
12057,"Hillsborough County, Florida",0.38,2,0.1405,0.0146
12059,"Holmes County, Florida",0.46,0,0.1489,0.01
12061,"Indian River County, Florida",0.13,0,0.0803,0.0088
12063,"Jackson County, Florida",1.12,0,0.1644,0.0127
12065,"Jefferson County, Florida",0.15,0,0.1511,0.0103
12067,"Lafayette County, Florida",0.03,0,0.075,0.0074
12069,"Lake County, Florida",2.38,21,0.155,0.0127
12071,"Lee County, Florida",0.6,0,0.153,0.0119
12073,"Leon County, Florida",1.63,3,0.108,0.0124
12075,"Levy County, Florida",0.01,0,0.165,0.0108
12077,"Liberty County, Florida",0.1,0,0.1066,0.014
12079,"Madison County, Florida",0.15,0,0.1116,0.0084
12081,"Manatee County, Florida",0.49,3,0.1443,0.0118
12083,"Marion County, Florida",0.43,0,0.169,0.014
12085,"Martin County, Florida",0.17,0,0.081,0.0082
12086,"Miami-Dade County, Florida",0.99,1,0.0985,0.0086
12087,"Monroe County, Florida",0.08,0,0.0915,0.0094
12089,"Nassau County, Florida",0.11,0,0.0838,0.0087
12091,"Okaloosa County, Florida",0.64,1,0.0968,0.0117
12093,"Okeechobee County, Florida",0.14,1,0.138,0.0111
12095,"Orange County, Florida",1.33,3,0.1558,0.0222
12097,"Osceola County, Florida",0.75,25,0.1138,0.0152
12099,"Palm Beach County, Florida",1.17,2,0.1608,0.0136
12101,"Pasco County, Florida",0.35,0,0.1579,0.0121
12103,"Pinellas County, Florida",0.7,0,0.1551,0.0111
12105,"Polk County, Florida",0.5,0,0.1438,0.0114
12107,"Putnam County, Florida",0.15,1,0.3172,0.0176
12109,"St. Johns County, Florida",0.22,0,0.0642,0.008
12111,"St. Lucie County, Florida",0.42,6,0.1565,0.0126
12113,"Santa Rosa County, Florida",0.53,0,0.0653,0.0078
12115,"Sarasota County, Florida",0.13,0,0.0964,0.0087
12117,"Seminole County, Florida",0.43,12,0.079,0.0082
12119,"Sumter County, Florida",0.22,0,0.0801,0.008
12121,"Suwannee County, Florida",0.14,0,0.1405,0.0103
12123,"Taylor County, Florida",0.09,0,0.1057,0.0086
12125,"Union County, Florida",0.03,0,0.1336,0.0099
12127,"Volusia County, Florida",2.06,2,0.1383,0.0119
12129,"Wakulla County, Florida",0.19,0,0.1141,0.0081
12131,"Walton County, Florida",1.21,0,0.0979,0.0099
12133,"Washington County, Florida",0.86,3,0.1446,0.0104
13001,"Appling County, Georgia",0.06,0,0.0676,0.0082
13003,"Atkinson County, Georgia",0.03,0,0.0819,0.0129
13005,"Bacon County, Georgia",0.05,0,0.0705,0.0083
13007,"Baker County, Georgia",0.08,6,0.0652,0.0083
13009,"Baldwin County, Georgia",0.04,0,0.0716,0.0096
13011,"Banks County, Georgia",0.06,0,0.0646,0.0075
13013,"Barrow County, Georgia",0.06,0,0.0768,0.01
13015,"Bartow County, Georgia",1.34,2,0.0601,0.0086
13017,"Ben Hill County, Georgia",0.07,0,0.0684,0.0084
13019,"Berrien County, Georgia",0.27,2,0.088,0.0092
13021,"Bibb County, Georgia",0.19,0,0.0746,0.0095
13023,"Bleckley County, Georgia",0.04,0,0.0945,0.01
13025,"Brantley County, Georgia",0.04,0,0.0621,0.0066
13027,"Brooks County, Georgia",0.19,2,0.07,0.0086
13029,"Bryan County, Georgia",1.06,3,0.06,0.0111
13031,"Bulloch County, Georgia",0.24,0,0.0802,0.016
13033,"Burke County, Georgia",0.42,0,0.0665,0.0078
13035,"Butts County, Georgia",0.14,1,0.0779,0.0093
13037,"Calhoun County, Georgia",0.07,0,0.0615,0.0086
13039,"Camden County, Georgia",0.26,0,0.0787,0.0103
13043,"Candler County, Georgia",0.04,0,0.0746,0.0095
13045,"Carroll County, Georgia",0.43,2,0.0828,0.0133
13047,"Catoosa County, Georgia",1.06,8,0.0653,0.0075
13049,"Charlton County, Georgia",0.06,0,0.067,0.0092
13051,"Chatham County, Georgia",0.5,0,0.0882,0.011
13053,"Chattahoochee County, Georgia",0.07,0,0.0709,0.0131
13055,"Chattooga County, Georgia",0.36,0,0.0699,0.0098
13057,"Cherokee County, Georgia",0.15,0,0.0493,0.0077
13059,"Clarke County, Georgia",0.08,0,0.1037,0.0193
13061,"Clay County, Georgia",0.03,0,0.0617,0.0077
13063,"Clayton County, Georgia",0.56,0,0.0927,0.0187
13065,"Clinch County, Georgia",0.03,0,0.0458,0.0084
13067,"Cobb County, Georgia",0.4,0,0.0598,0.0088
13069,"Coffee County, Georgia",0.11,0,0.0694,0.0103
13071,"Colquitt County, Georgia",0.13,1,0.0803,0.0102
13073,"Columbia County, Georgia",0.21,0,0.0559,0.0088
13075,"Cook County, Georgia",0.22,7,0.0698,0.0088
13077,"Coweta County, Georgia",2.04,0,0.0527,0.008
13079,"Crawford County, Georgia",0.17,0,0.0885,0.0083
13081,"Crisp County, Georgia",0.12,0,0.0736,0.0086
13083,"Dade County, Georgia",0.33,2,0.0796,0.0088
13085,"Dawson County, Georgia",0.08,0,0.0441,0.0069
13087,"Decatur County, Georgia",0.07,0,0.0555,0.0077
13089,"DeKalb County, Georgia",0.65,1,0.0772,0.0105
13091,"Dodge County, Georgia",0.1,2,0.074,0.0085
13093,"Dooly County, Georgia",0.15,0,0.0638,0.0084
13095,"Dougherty County, Georgia",0.82,5,0.0687,0.0085
13097,"Douglas County, Georgia",0.35,6,0.1114,0.0184
13099,"Early County, Georgia",0.2,2,0.0581,0.008
13101,"Echols County, Georgia",0.01,0,0.0595,0.011
13103,"Effingham County, Georgia",0.1,0,0.0609,0.0097
13105,"Elbert County, Georgia",0.12,0,0.0708,0.0088
13107,"Emanuel County, Georgia",0.07,0,0.0588,0.0074
13109,"Evans County, Georgia",0.04,0,0.0842,0.0106
13111,"Fannin County, Georgia",0.15,0,0.0859,0.0112
13113,"Fayette County, Georgia",0.14,1,0.0628,0.0089
13115,"Floyd County, Georgia",0.41,1,0.0626,0.0082
13117,"Forsyth County, Georgia",0.22,0,0.0615,0.0118
13119,"Franklin County, Georgia",0.14,1,0.0902,0.01
13121,"Fulton County, Georgia",1.19,1,0.0764,0.0099
13123,"Gilmer County, Georgia",0.2,0,0.1046,0.0105
13125,"Glascock County, Georgia",0.01,0,0.0723,0.0079
13127,"Glynn County, Georgia",0.05,0,0.0865,0.0103
13129,"Gordon County, Georgia",1.66,0,0.0727,0.0104
13131,"Grady County, Georgia",0.39,7,0.0723,0.0096
13133,"Greene County, Georgia",0.05,0,0.0701,0.0093
13135,"Gwinnett County, Georgia",0.56,1,0.0849,0.0152
13137,"Habersham County, Georgia",0.19,0,0.0936,0.0099
13139,"Hall County, Georgia",0.41,10,0.0919,0.0113
13141,"Hancock County, Georgia",0.29,1,0.0681,0.0073
13143,"Haralson County, Georgia",0.36,0,0.0557,0.0072
13145,"Harris County, Georgia",0.14,1,0.0408,0.006
13147,"Hart County, Georgia",0.06,0,0.0819,0.0097
13149,"Heard County, Georgia",0.09,0,0.0869,0.0089
13151,"Henry County, Georgia",0.4,0,0.0718,0.0108
13153,"Houston County, Georgia",0.36,0,0.0803,0.0101
13155,"Irwin County, Georgia",0.06,0,0.0683,0.0084
13157,"Jackson County, Georgia",0.1,0,0.0668,0.0085
13159,"Jasper County, Georgia",0.14,1,0.0966,0.0098
13161,"Jeff Davis County, Georgia",0.04,0,0.0701,0.0089
13163,"Jefferson County, Georgia",0.04,0,0.0565,0.0075
13165,"Jenkins County, Georgia",0.03,0,0.0695,0.009
13167,"Johnson County, Georgia",0.07,0,0.0726,0.0097
13169,"Jones County, Georgia",0.05,0,0.0647,0.0072
13171,"Lamar County, Georgia",0.62,2,0.0689,0.0078
13173,"Lanier County, Georgia",0.11,0,0.0784,0.0102
13175,"Laurens County, Georgia",0.24,2,0.0784,0.0101
13177,"Lee County, Georgia",0.12,0,0.0533,0.0085
13179,"Liberty County, Georgia",0.15,1,0.0739,0.0196
13181,"Lincoln County, Georgia",0.05,0,0.0995,0.0096
13183,"Long County, Georgia",0.06,3,0.083,0.0162
13185,"Lowndes County, Georgia",0.96,0,0.0753,0.0118
13187,"Lumpkin County, Georgia",0.13,0,0.0758,0.0092
13189,"McDuffie County, Georgia",0.06,0,0.0954,0.0096
13191,"McIntosh County, Georgia",0.71,0,0.1038,0.0129
13193,"Macon County, Georgia",0.18,0,0.0687,0.0077
13195,"Madison County, Georgia",0.04,0,0.0872,0.0098
13197,"Marion County, Georgia",0.02,0,0.0816,0.01
13199,"Meriwether County, Georgia",0.46,0,0.0759,0.0095
13201,"Miller County, Georgia",0.22,0,0.0607,0.0083
13205,"Mitchell County, Georgia",0.61,16,0.0557,0.0062
13207,"Monroe County, Georgia",0.17,0,0.0574,0.0064
13209,"Montgomery County, Georgia",0.05,0,0.0834,0.009
13211,"Morgan County, Georgia",0.06,0,0.061,0.0071
13213,"Murray County, Georgia",0.12,8,0.0802,0.0103
13215,"Muscogee County, Georgia",0.39,0,0.0639,0.0093
13217,"Newton County, Georgia",0.22,1,0.0936,0.0138
13219,"Oconee County, Georgia",0.02,0,0.0407,0.0061
13221,"Oglethorpe County, Georgia",0.01,0,0.075,0.0086
13223,"Paulding County, Georgia",0.24,0,0.057,0.0106
13225,"Peach County, Georgia",0.04,0,0.0732,0.01
13227,"Pickens County, Georgia",0.27,0,0.0552,0.0073
13229,"Pierce County, Georgia",0.04,0,0.0707,0.0077
13231,"Pike County, Georgia",0.69,0,0.048,0.007
13233,"Polk County, Georgia",0.28,1,0.0726,0.0105
13235,"Pulaski County, Georgia",0.04,0,0.075,0.0105
13237,"Putnam County, Georgia",0.1,0,0.1168,0.0109
13239,"Quitman County, Georgia",0.07,0,0.0742,0.0097
13241,"Rabun County, Georgia",0.56,1,0.0654,0.0096
13243,"Randolph County, Georgia",0.07,0,0.0641,0.0076
13245,"Richmond County, Georgia",0.85,0,0.0743,0.0101
13247,"Rockdale County, Georgia",0.08,0,0.0898,0.0125
13249,"Schley County, Georgia",0.01,0,0.0659,0.0092
13251,"Screven County, Georgia",0.13,0,0.0838,0.0088
13253,"Seminole County, Georgia",0.06,1,0.0712,0.0082
13255,"Spalding County, Georgia",2.05,3,0.0868,0.0094
13257,"Stephens County, Georgia",0.07,0,0.0851,0.0104
13259,"Stewart County, Georgia",0.08,0,0.056,0.0088
13261,"Sumter County, Georgia",0.53,2,0.0591,0.0083
13263,"Talbot County, Georgia",0.23,0,0.0689,0.007
13265,"Taliaferro County, Georgia",0.02,0,0.0825,0.014
13267,"Tattnall County, Georgia",0.14,0,0.0726,0.0107
13269,"Taylor County, Georgia",0.06,2,0.065,0.0083
13271,"Telfair County, Georgia",0.04,0,0.0604,0.0077
13273,"Terrell County, Georgia",0.04,0,0.0612,0.0078
13275,"Thomas County, Georgia",0.54,0,0.0925,0.0106
13277,"Tift County, Georgia",0.1,0,0.0581,0.0086
13279,"Toombs County, Georgia",0.05,0,0.069,0.0081
13281,"Towns County, Georgia",0.07,0,0.1175,0.0114
13283,"Treutlen County, Georgia",0.07,0,0.0611,0.0082
13285,"Troup County, Georgia",0.52,1,0.0641,0.0094
13287,"Turner County, Georgia",0.34,1,0.0587,0.0078
13289,"Twiggs County, Georgia",0.04,0,0.0842,0.0082
13291,"Union County, Georgia",0.14,0,0.072,0.0085
13293,"Upson County, Georgia",0.71,0,0.0767,0.0077
13295,"Walker County, Georgia",0.18,1,0.08,0.0091
13297,"Walton County, Georgia",0.13,0,0.0809,0.0092
13299,"Ware County, Georgia",0.04,0,0.0611,0.0078
13301,"Warren County, Georgia",0.03,0,0.0763,0.0086
13303,"Washington County, Georgia",0.06,0,0.0575,0.0076
13305,"Wayne County, Georgia",0.05,0,0.0668,0.0092
13307,"Webster County, Georgia",0.16,0,0.0676,0.009
13309,"Wheeler County, Georgia",0.01,2,0.0668,0.0087
13311,"White County, Georgia",0.46,3,0.0653,0.0075
13313,"Whitfield County, Georgia",0.56,0,0.0886,0.0124
13315,"Wilcox County, Georgia",0.08,0,0.071,0.0086
13317,"Wilkes County, Georgia",0.58,0,0.0944,0.0098
13319,"Wilkinson County, Georgia",0.08,0,0.0804,0.009
13321,"Worth County, Georgia",0.5,2,0.0702,0.0082
15001,"Hawaii County, Hawaii",1.21,5,0.0657,0.0093
15003,"Honolulu County, Hawaii",0.77,0,0.063,0.008
15005,"Kalawao County, Hawaii",0.0,0,0.0194,0.0035
15007,"Kauai County, Hawaii",1.25,9,0.0504,0.0067
15009,"Maui County, Hawaii",0.54,3,0.0501,0.0065
16001,"Ada County, Idaho",0.03,0,0.0534,0.0067
16003,"Adams County, Idaho",0.02,0,0.0256,0.0051
16005,"Bannock County, Idaho",0.13,0,0.0622,0.0073
16007,"Bear Lake County, Idaho",0.0,0,0.0265,0.0047
16009,"Benewah County, Idaho",0.02,0,0.0805,0.0107
16011,"Bingham County, Idaho",0.04,0,0.0919,0.0096
16013,"Blaine County, Idaho",0.07,0,0.0401,0.0054
16015,"Boise County, Idaho",0.06,0,0.0443,0.008
16017,"Bonner County, Idaho",0.01,0,0.063,0.0076
16019,"Bonneville County, Idaho",0.02,0,0.0613,0.0083
16021,"Boundary County, Idaho",0.02,0,0.047,0.0071
16023,"Butte County, Idaho",0.01,0,0.0517,0.0085
16025,"Camas County, Idaho",0.01,0,0.0283,0.0052
16027,"Canyon County, Idaho",0.01,0,0.1169,0.0167
16029,"Caribou County, Idaho",0.01,0,0.0306,0.0055
16031,"Cassia County, Idaho",0.09,1,0.0875,0.011
16033,"Clark County, Idaho",0.01,0,0.0559,0.0087
16035,"Clearwater County, Idaho",0.0,0,0.0596,0.0115
16037,"Custer County, Idaho",0.03,0,0.048,0.0086
16039,"Elmore County, Idaho",0.05,0,0.0815,0.0101
16041,"Franklin County, Idaho",0.01,0,0.038,0.0048
16043,"Fremont County, Idaho",0.03,0,0.056,0.0086
16045,"Gem County, Idaho",0.0,0,0.0781,0.0099
16047,"Gooding County, Idaho",0.0,0,0.0759,0.0084
16049,"Idaho County, Idaho",0.11,0,0.0486,0.0094
16051,"Jefferson County, Idaho",0.01,0,0.0485,0.0065
16053,"Jerome County, Idaho",0.0,0,0.1056,0.0136
16055,"Kootenai County, Idaho",0.03,0,0.0583,0.0069
16057,"Latah County, Idaho",0.04,0,0.0525,0.006
16059,"Lemhi County, Idaho",0.04,0,0.0398,0.0067
16061,"Lewis County, Idaho",0.0,0,0.0843,0.0154
16063,"Lincoln County, Idaho",0.0,0,0.0475,0.0072
16065,"Madison County, Idaho",0.08,0,0.0846,0.0124
16067,"Minidoka County, Idaho",0.0,0,0.0784,0.0092
16069,"Nez Perce County, Idaho",0.05,0,0.0814,0.01
16071,"Oneida County, Idaho",0.03,0,0.0228,0.0041
16073,"Owyhee County, Idaho",0.08,1,0.0602,0.0118
16075,"Payette County, Idaho",0.0,0,0.1,0.0123
16077,"Power County, Idaho",0.1,0,0.075,0.0105
16079,"Shoshone County, Idaho",0.02,0,0.0469,0.0092
16081,"Teton County, Idaho",0.01,0,0.0407,0.0053
16083,"Twin Falls County, Idaho",0.03,0,0.0939,0.0116
16085,"Valley County, Idaho",0.01,0,0.031,0.0057
16087,"Washington County, Idaho",0.02,0,0.0594,0.0094
17001,"Adams County, Illinois",0.18,0,0.0589,0.0072
17003,"Alexander County, Illinois",0.19,0,0.0991,0.0101
17005,"Bond County, Illinois",0.22,0,0.0907,0.0084
17007,"Boone County, Illinois",0.33,1,0.0686,0.0079
17009,"Brown County, Illinois",0.08,1,0.0518,0.0061
17011,"Bureau County, Illinois",0.14,0,0.0517,0.0067
17013,"Calhoun County, Illinois",0.09,0,0.0488,0.0063
17015,"Carroll County, Illinois",0.28,0,0.0606,0.0083
17017,"Cass County, Illinois",0.16,1,0.066,0.0068
17019,"Champaign County, Illinois",0.95,1,0.0571,0.0082
17021,"Christian County, Illinois",0.37,0,0.051,0.007
17023,"Clark County, Illinois",0.15,0,0.0408,0.0057
17025,"Clay County, Illinois",0.43,0,0.0938,0.0091
17027,"Clinton County, Illinois",0.16,0,0.0534,0.0074
17029,"Coles County, Illinois",0.32,0,0.0831,0.0093
17031,"Cook County, Illinois",2.52,1,0.1058,0.0101
17033,"Crawford County, Illinois",0.4,6,0.0523,0.0071
17035,"Cumberland County, Illinois",0.17,0,0.0483,0.0062
17037,"DeKalb County, Illinois",0.33,2,0.0815,0.0117
17039,"De Witt County, Illinois",0.11,0,0.0519,0.007
17041,"Douglas County, Illinois",0.25,0,0.0605,0.0071
17043,"DuPage County, Illinois",1.23,0,0.075,0.0089
17045,"Edgar County, Illinois",0.19,0,0.0539,0.0061
17047,"Edwards County, Illinois",0.11,0,0.073,0.0074
17049,"Effingham County, Illinois",0.34,0,0.0572,0.0071
17051,"Fayette County, Illinois",0.28,0,0.0841,0.009
17053,"Ford County, Illinois",0.07,0,0.0465,0.0058
17055,"Franklin County, Illinois",0.22,0,0.0711,0.0073
17057,"Fulton County, Illinois",0.49,0,0.0506,0.007
17059,"Gallatin County, Illinois",0.65,0,0.089,0.0078
17061,"Greene County, Illinois",0.1,0,0.0473,0.006
17063,"Grundy County, Illinois",0.24,0,0.0497,0.0079
17065,"Hamilton County, Illinois",0.24,0,0.0746,0.0086
17067,"Hancock County, Illinois",0.18,0,0.0436,0.0059
17069,"Hardin County, Illinois",0.05,0,0.0775,0.0082
17071,"Henderson County, Illinois",0.07,0,0.0458,0.0063
17073,"Henry County, Illinois",0.31,0,0.057,0.0078
17075,"Iroquois County, Illinois",0.15,0,0.0448,0.0062
17077,"Jackson County, Illinois",0.83,0,0.0977,0.009
17079,"Jasper County, Illinois",0.2,0,0.0436,0.0061
17081,"Jefferson County, Illinois",0.35,1,0.1094,0.0102
17083,"Jersey County, Illinois",0.09,2,0.0579,0.0072
17085,"Jo Daviess County, Illinois",0.32,3,0.0611,0.0069
17087,"Johnson County, Illinois",0.36,0,0.0835,0.0085
17089,"Kane County, Illinois",0.29,0,0.0701,0.0085
17091,"Kankakee County, Illinois",0.46,0,0.0837,0.0093
17093,"Kendall County, Illinois",0.5,0,0.0826,0.0142
17095,"Knox County, Illinois",0.25,0,0.0642,0.008
17097,"Lake County, Illinois",0.63,0,0.0754,0.008
17099,"LaSalle County, Illinois",0.55,11,0.0537,0.0073
17101,"Lawrence County, Illinois",0.31,0,0.1119,0.0105
17103,"Lee County, Illinois",0.17,0,0.0667,0.0071
17105,"Livingston County, Illinois",0.26,1,0.0497,0.0064
17107,"Logan County, Illinois",0.45,0,0.0563,0.0069
17109,"McDonough County, Illinois",0.29,0,0.0698,0.0079
17111,"McHenry County, Illinois",0.27,0,0.0656,0.0083
17113,"McLean County, Illinois",0.33,0,0.0481,0.0082
17115,"Macon County, Illinois",0.42,0,0.065,0.008
17117,"Macoupin County, Illinois",0.24,0,0.0554,0.0077
17119,"Madison County, Illinois",0.49,6,0.0603,0.0075
17121,"Marion County, Illinois",0.32,7,0.1078,0.0094
17123,"Marshall County, Illinois",0.12,0,0.039,0.0056
17125,"Mason County, Illinois",0.11,0,0.0386,0.0056
17127,"Massac County, Illinois",1.27,4,0.114,0.0107
17129,"Menard County, Illinois",0.16,0,0.052,0.007
17131,"Mercer County, Illinois",0.12,0,0.0386,0.0055
17133,"Monroe County, Illinois",0.16,0,0.0483,0.0069
17135,"Montgomery County, Illinois",0.32,1,0.0702,0.0072
17137,"Morgan County, Illinois",0.3,1,0.0653,0.0072
17139,"Moultrie County, Illinois",0.18,0,0.0607,0.0072
17141,"Ogle County, Illinois",0.7,0,0.0568,0.0072
17143,"Peoria County, Illinois",0.25,0,0.0623,0.0077
17145,"Perry County, Illinois",0.32,0,0.0994,0.0094
17147,"Piatt County, Illinois",0.12,1,0.0446,0.0064
17149,"Pike County, Illinois",0.12,2,0.0502,0.0063
17151,"Pope County, Illinois",0.36,0,0.0751,0.0092
17153,"Pulaski County, Illinois",0.48,1,0.0787,0.0072
17155,"Putnam County, Illinois",0.12,0,0.0542,0.0075
17157,"Randolph County, Illinois",0.25,0,0.0796,0.0077
17159,"Richland County, Illinois",0.19,0,0.0754,0.0073
17161,"Rock Island County, Illinois",0.33,0,0.0693,0.0086
17163,"St. Clair County, Illinois",0.39,1,0.1018,0.0097
17165,"Saline County, Illinois",1.27,8,0.075,0.0081
17167,"Sangamon County, Illinois",0.62,0,0.0602,0.0072
17169,"Schuyler County, Illinois",0.21,0,0.0556,0.0069
17171,"Scott County, Illinois",0.15,1,0.0452,0.0063
17173,"Shelby County, Illinois",0.28,1,0.042,0.0056
17175,"Stark County, Illinois",0.07,0,0.0391,0.0057
17177,"Stephenson County, Illinois",0.33,0,0.0503,0.0064
17179,"Tazewell County, Illinois",0.97,3,0.0496,0.0073
17181,"Union County, Illinois",0.6,3,0.0994,0.0085
17183,"Vermilion County, Illinois",0.39,0,0.063,0.0078
17185,"Wabash County, Illinois",0.16,0,0.0618,0.0067
17187,"Warren County, Illinois",0.13,0,0.0569,0.0075
17189,"Washington County, Illinois",0.29,2,0.0417,0.0058
17191,"Wayne County, Illinois",0.32,1,0.0709,0.0067
17193,"White County, Illinois",0.21,1,0.0561,0.0062
17195,"Whiteside County, Illinois",0.15,0,0.054,0.0073
17197,"Will County, Illinois",0.88,2,0.0635,0.0092
17199,"Williamson County, Illinois",1.21,0,0.0604,0.0071
17201,"Winnebago County, Illinois",0.25,1,0.0855,0.0082
17203,"Woodford County, Illinois",0.73,0,0.0506,0.0071
18001,"Adams County, Indiana",0.12,0,0.0764,0.007
18003,"Allen County, Indiana",0.42,0,0.0918,0.0119
18005,"Bartholomew County, Indiana",0.1,2,0.0491,0.0061
18007,"Benton County, Indiana",0.09,0,0.0429,0.0052
18009,"Blackford County, Indiana",0.05,0,0.0464,0.0059
18011,"Boone County, Indiana",0.06,0,0.0405,0.0054
18013,"Brown County, Indiana",0.1,0,0.0449,0.006
18015,"Carroll County, Indiana",0.07,2,0.052,0.0063
18017,"Cass County, Indiana",0.18,0,0.0862,0.0096
18019,"Clark County, Indiana",1.3,3,0.0507,0.0069
18021,"Clay County, Indiana",0.09,0,0.055,0.007
18023,"Clinton County, Indiana",0.08,0,0.0444,0.0057
18025,"Crawford County, Indiana",0.22,1,0.0616,0.0064
18027,"Daviess County, Indiana",0.32,0,0.0724,0.0076
18029,"Dearborn County, Indiana",0.12,0,0.0428,0.0055
18031,"Decatur County, Indiana",0.08,0,0.052,0.0074
18033,"DeKalb County, Indiana",0.05,1,0.044,0.0055
18035,"Delaware County, Indiana",0.25,0,0.0732,0.0095
18037,"Dubois County, Indiana",0.29,0,0.0406,0.0054
18039,"Elkhart County, Indiana",0.31,0,0.0733,0.0079
18041,"Fayette County, Indiana",0.09,0,0.0743,0.0094
18043,"Floyd County, Indiana",0.12,0,0.0493,0.006
18045,"Fountain County, Indiana",0.07,0,0.0561,0.0067
18047,"Franklin County, Indiana",0.1,8,0.053,0.0058
18049,"Fulton County, Indiana",0.23,0,0.1053,0.0108
18051,"Gibson County, Indiana",0.47,1,0.0492,0.0061
18053,"Grant County, Indiana",0.21,0,0.067,0.0086
18055,"Greene County, Indiana",0.25,2,0.1459,0.0123
18057,"Hamilton County, Indiana",0.1,0,0.043,0.0062
18059,"Hancock County, Indiana",0.86,0,0.0503,0.0072
18061,"Harrison County, Indiana",0.14,0,0.0483,0.0058
18063,"Hendricks County, Indiana",0.13,1,0.0502,0.0079
18065,"Henry County, Indiana",0.08,1,0.0522,0.0067
18067,"Howard County, Indiana",0.49,0,0.056,0.008
18069,"Huntington County, Indiana",0.1,0,0.0482,0.0066
18071,"Jackson County, Indiana",0.15,0,0.0571,0.0069
18073,"Jasper County, Indiana",0.08,1,0.0503,0.0069
18075,"Jay County, Indiana",0.07,0,0.0493,0.0057
18077,"Jefferson County, Indiana",0.68,5,0.0831,0.0101
18079,"Jennings County, Indiana",0.19,0,0.0666,0.0072
18081,"Johnson County, Indiana",0.4,0,0.0566,0.0078
18083,"Knox County, Indiana",0.21,0,0.0575,0.0068
18085,"Kosciusko County, Indiana",0.09,0,0.0597,0.0064
18087,"LaGrange County, Indiana",0.02,0,0.0604,0.0069
18089,"Lake County, Indiana",0.3,0,0.0655,0.0086
18091,"LaPorte County, Indiana",0.08,1,0.0504,0.0066
18093,"Lawrence County, Indiana",0.21,0,0.0546,0.0067
18095,"Madison County, Indiana",0.31,0,0.0818,0.0111
18097,"Marion County, Indiana",0.48,0,0.0695,0.0092
18099,"Marshall County, Indiana",0.09,0,0.0593,0.0071
18101,"Martin County, Indiana",0.08,1,0.052,0.0061
18103,"Miami County, Indiana",0.3,0,0.0621,0.0066
18105,"Monroe County, Indiana",0.37,2,0.0619,0.0071
18107,"Montgomery County, Indiana",0.1,0,0.0581,0.007
18109,"Morgan County, Indiana",0.22,0,0.0524,0.0073
18111,"Newton County, Indiana",0.1,0,0.0628,0.0081
18113,"Noble County, Indiana",0.02,0,0.0677,0.0067
18115,"Ohio County, Indiana",0.05,0,0.0512,0.0065
18117,"Orange County, Indiana",0.24,0,0.0917,0.0112
18119,"Owen County, Indiana",0.24,3,0.0755,0.0099
18121,"Parke County, Indiana",0.07,0,0.0538,0.0062
18123,"Perry County, Indiana",0.11,3,0.0562,0.0065
18125,"Pike County, Indiana",0.23,0,0.0481,0.0058
18127,"Porter County, Indiana",0.14,2,0.05,0.0064
18129,"Posey County, Indiana",0.32,2,0.0536,0.0061
18131,"Pulaski County, Indiana",0.03,0,0.0509,0.0064
18133,"Putnam County, Indiana",0.07,0,0.0495,0.0059
18135,"Randolph County, Indiana",0.19,1,0.0595,0.0075
18137,"Ripley County, Indiana",0.57,3,0.0464,0.0057
18139,"Rush County, Indiana",0.1,1,0.0451,0.0059
18141,"St. Joseph County, Indiana",0.44,1,0.0692,0.009
18143,"Scott County, Indiana",0.27,1,0.0864,0.0103
18145,"Shelby County, Indiana",0.15,0,0.0483,0.0059
18147,"Spencer County, Indiana",0.11,0,0.0506,0.0061
18149,"Starke County, Indiana",0.02,0,0.0541,0.0065
18151,"Steuben County, Indiana",0.02,0,0.0475,0.006
18153,"Sullivan County, Indiana",0.41,3,0.0882,0.0113
18155,"Switzerland County, Indiana",0.12,0,0.0803,0.0098
18157,"Tippecanoe County, Indiana",0.35,0,0.0657,0.0085
18159,"Tipton County, Indiana",0.03,0,0.0417,0.0056
18161,"Union County, Indiana",0.05,0,0.0505,0.0061
18163,"Vanderburgh County, Indiana",0.74,20,0.0631,0.0075
18165,"Vermillion County, Indiana",0.1,0,0.0678,0.0078
18167,"Vigo County, Indiana",0.2,0,0.0667,0.0087
18169,"Wabash County, Indiana",0.06,0,0.0445,0.006
18171,"Warren County, Indiana",0.05,0,0.0445,0.0062
18173,"Warrick County, Indiana",0.35,4,0.0467,0.0061
18175,"Washington County, Indiana",0.62,5,0.0636,0.0072
18177,"Wayne County, Indiana",0.11,1,0.0502,0.0064
18179,"Wells County, Indiana",0.12,0,0.0542,0.0068
18181,"White County, Indiana",0.18,0,0.0599,0.0086
18183,"Whitley County, Indiana",0.04,0,0.049,0.006
19001,"Adair County, Iowa",0.61,5,0.0266,0.0044
19003,"Adams County, Iowa",0.56,1,0.0266,0.0044
19005,"Allamakee County, Iowa",0.16,0,0.0397,0.0061
19007,"Appanoose County, Iowa",0.32,0,0.0417,0.0055
19009,"Audubon County, Iowa",0.04,0,0.0255,0.0043
19011,"Benton County, Iowa",0.26,0,0.0551,0.0082
19013,"Black Hawk County, Iowa",0.6,1,0.0802,0.0078
19015,"Boone County, Iowa",0.16,0,0.0468,0.006
19017,"Bremer County, Iowa",0.16,0,0.0365,0.0048
19019,"Buchanan County, Iowa",0.44,1,0.0449,0.0066
19021,"Buena Vista County, Iowa",0.16,0,0.0829,0.0086
19023,"Butler County, Iowa",0.54,9,0.0291,0.0045
19025,"Calhoun County, Iowa",0.13,0,0.0275,0.0044
19027,"Carroll County, Iowa",0.12,0,0.0396,0.0055
19029,"Cass County, Iowa",0.26,0,0.0334,0.0052
19031,"Cedar County, Iowa",0.18,0,0.0364,0.0052
19033,"Cerro Gordo County, Iowa",0.24,0,0.0413,0.0065
19035,"Cherokee County, Iowa",0.07,0,0.0297,0.0046
19037,"Chickasaw County, Iowa",0.1,1,0.0318,0.0045
19039,"Clarke County, Iowa",0.18,0,0.0412,0.0056
19041,"Clay County, Iowa",0.13,0,0.0338,0.0051
19043,"Clayton County, Iowa",0.1,0,0.035,0.0048
19045,"Clinton County, Iowa",0.26,0,0.0639,0.0059
19047,"Crawford County, Iowa",0.24,0,0.0494,0.0065
19049,"Dallas County, Iowa",0.7,0,0.0516,0.0076
19051,"Davis County, Iowa",0.14,0,0.0373,0.0046
19053,"Decatur County, Iowa",0.1,0,0.0351,0.005
19055,"Delaware County, Iowa",0.12,0,0.0269,0.0047
19057,"Des Moines County, Iowa",0.17,0,0.0527,0.0061
19059,"Dickinson County, Iowa",0.08,0,0.0367,0.0056
19061,"Dubuque County, Iowa",0.34,0,0.0449,0.0067
19063,"Emmet County, Iowa",0.06,0,0.031,0.0049
19065,"Fayette County, Iowa",0.09,0,0.0303,0.0052
19067,"Floyd County, Iowa",0.14,1,0.0323,0.0054
19069,"Franklin County, Iowa",0.16,0,0.0327,0.0052
19071,"Fremont County, Iowa",0.07,0,0.0298,0.0059
19073,"Greene County, Iowa",0.19,0,0.0303,0.0048
19075,"Grundy County, Iowa",0.14,0,0.0333,0.0061
19077,"Guthrie County, Iowa",0.22,0,0.0349,0.0046
19079,"Hamilton County, Iowa",0.19,2,0.032,0.0049
19081,"Hancock County, Iowa",0.03,0,0.0248,0.0044
19083,"Hardin County, Iowa",0.12,0,0.0318,0.0048
19085,"Harrison County, Iowa",0.14,2,0.0271,0.0047
19087,"Henry County, Iowa",0.12,0,0.0413,0.0066
19089,"Howard County, Iowa",0.09,0,0.0296,0.0046
19091,"Humboldt County, Iowa",0.08,0,0.0328,0.005
19093,"Ida County, Iowa",0.04,0,0.028,0.0044
19095,"Iowa County, Iowa",0.16,0,0.0292,0.0055
19097,"Jackson County, Iowa",0.09,0,0.0285,0.0048
19099,"Jasper County, Iowa",0.16,0,0.0415,0.0067
19101,"Jefferson County, Iowa",0.08,0,0.0832,0.0071
19103,"Johnson County, Iowa",0.51,0,0.071,0.0078
19105,"Jones County, Iowa",0.2,0,0.0526,0.0071
19107,"Keokuk County, Iowa",0.22,2,0.0195,0.0038
19109,"Kossuth County, Iowa",0.13,0,0.0292,0.0047
19111,"Lee County, Iowa",0.2,0,0.0567,0.0066
19113,"Linn County, Iowa",0.42,1,0.053,0.0071
19115,"Louisa County, Iowa",0.16,0,0.0445,0.0057
19117,"Lucas County, Iowa",0.15,1,0.037,0.0051
19119,"Lyon County, Iowa",0.06,0,0.0301,0.0046
19121,"Madison County, Iowa",0.49,6,0.0269,0.0047
19123,"Mahaska County, Iowa",0.2,0,0.0423,0.0067
19125,"Marion County, Iowa",0.25,0,0.0377,0.0061
19127,"Marshall County, Iowa",0.25,0,0.0657,0.0076
19129,"Mills County, Iowa",0.04,0,0.03,0.0048
19131,"Mitchell County, Iowa",0.07,0,0.0292,0.0045
19133,"Monona County, Iowa",0.08,4,0.0235,0.0051
19135,"Monroe County, Iowa",0.27,0,0.0372,0.0081
19137,"Montgomery County, Iowa",0.06,0,0.0332,0.005
19139,"Muscatine County, Iowa",0.26,2,0.0569,0.0066
19141,"O'Brien County, Iowa",0.07,0,0.0369,0.005
19143,"Osceola County, Iowa",0.28,0,0.034,0.0055
19145,"Page County, Iowa",0.07,0,0.0458,0.0052
19147,"Palo Alto County, Iowa",0.08,0,0.0314,0.0051
19149,"Plymouth County, Iowa",0.07,0,0.0265,0.0046
19151,"Pocahontas County, Iowa",0.36,0,0.0293,0.0048
19153,"Polk County, Iowa",1.04,3,0.0949,0.0077
19155,"Pottawattamie County, Iowa",0.68,1,0.055,0.0064
19157,"Poweshiek County, Iowa",0.07,0,0.0281,0.0048
19159,"Ringgold County, Iowa",0.25,0,0.0255,0.0048
19161,"Sac County, Iowa",0.18,0,0.0237,0.0043
19163,"Scott County, Iowa",0.56,0,0.101,0.007
19165,"Shelby County, Iowa",0.15,0,0.0338,0.0057
19167,"Sioux County, Iowa",0.19,0,0.0473,0.0067
19169,"Story County, Iowa",0.47,0,0.0476,0.0074
19171,"Tama County, Iowa",0.12,0,0.0376,0.0054
19173,"Taylor County, Iowa",0.08,0,0.0259,0.0049
19175,"Union County, Iowa",0.63,0,0.038,0.0051
19177,"Van Buren County, Iowa",0.14,0,0.0359,0.0049
19179,"Wapello County, Iowa",0.37,2,0.065,0.0078
19181,"Warren County, Iowa",0.39,0,0.035,0.0061
19183,"Washington County, Iowa",0.4,0,0.0411,0.0066
19185,"Wayne County, Iowa",0.17,0,0.0356,0.0051
19187,"Webster County, Iowa",0.47,0,0.0604,0.0063
19189,"Winnebago County, Iowa",0.07,0,0.0332,0.0049
19191,"Winneshiek County, Iowa",0.12,0,0.0265,0.0045
19193,"Woodbury County, Iowa",2.38,0,0.0735,0.0087
19195,"Worth County, Iowa",0.12,0,0.0287,0.0046
19197,"Wright County, Iowa",0.16,1,0.0425,0.0048
20001,"Allen County, Kansas",0.1,0,0.0607,0.0073
20003,"Anderson County, Kansas",0.17,0,0.0392,0.0056
20005,"Atchison County, Kansas",0.08,0,0.0514,0.0063
20007,"Barber County, Kansas",0.05,0,0.0377,0.0058
20009,"Barton County, Kansas",0.58,1,0.0666,0.0078
20011,"Bourbon County, Kansas",0.4,0,0.0524,0.0068
20013,"Brown County, Kansas",0.09,0,0.0321,0.0053
20015,"Butler County, Kansas",0.55,1,0.0424,0.0066
20017,"Chase County, Kansas",0.06,6,0.0237,0.0045
20019,"Chautauqua County, Kansas",0.1,0,0.0546,0.0076
20021,"Cherokee County, Kansas",0.74,3,0.0496,0.0063
20023,"Cheyenne County, Kansas",0.14,0,0.0253,0.0048
20025,"Clark County, Kansas",0.07,0,0.0229,0.0044
20027,"Clay County, Kansas",0.09,0,0.0378,0.0054
20029,"Cloud County, Kansas",0.06,0,0.0352,0.0053
20031,"Coffey County, Kansas",0.09,0,0.0356,0.0053
20033,"Comanche County, Kansas",0.14,0,0.026,0.0048
20035,"Cowley County, Kansas",0.34,0,0.0678,0.009
20037,"Crawford County, Kansas",2.19,3,0.0624,0.008
20039,"Decatur County, Kansas",0.06,0,0.0264,0.0061
20041,"Dickinson County, Kansas",0.35,2,0.0349,0.0053
20043,"Doniphan County, Kansas",0.05,0,0.0384,0.0058
20045,"Douglas County, Kansas",0.36,0,0.0445,0.0066
20047,"Edwards County, Kansas",0.47,0,0.0344,0.0057
20049,"Elk County, Kansas",0.13,0,0.0492,0.0091
20051,"Ellis County, Kansas",0.36,0,0.0376,0.0063
20053,"Ellsworth County, Kansas",0.21,0,0.0294,0.0052
20055,"Finney County, Kansas",0.22,0,0.075,0.0155
20057,"Ford County, Kansas",1.34,0,0.0709,0.0137
20059,"Franklin County, Kansas",0.15,0,0.0439,0.0066
20061,"Geary County, Kansas",0.29,0,0.0794,0.0167
20063,"Gove County, Kansas",0.25,0,0.0198,0.0041
20065,"Graham County, Kansas",0.12,0,0.0288,0.0046
20067,"Grant County, Kansas",0.07,0,0.0461,0.008
20069,"Gray County, Kansas",0.14,0,0.0236,0.0047
20071,"Greeley County, Kansas",0.04,0,0.0269,0.0048
20073,"Greenwood County, Kansas",0.15,0,0.0253,0.0042
20075,"Hamilton County, Kansas",0.02,0,0.0281,0.0057
20077,"Harper County, Kansas",0.28,0,0.043,0.0062
20079,"Harvey County, Kansas",0.14,0,0.0565,0.0077
20081,"Haskell County, Kansas",0.05,0,0.0411,0.007
20083,"Hodgeman County, Kansas",0.11,0,0.0195,0.004
20085,"Jackson County, Kansas",0.12,3,0.0386,0.0056
20087,"Jefferson County, Kansas",0.18,0,0.0442,0.0061
20089,"Jewell County, Kansas",0.18,0,0.0253,0.0052
20091,"Johnson County, Kansas",0.71,3,0.0621,0.0079
20093,"Kearny County, Kansas",0.06,0,0.0639,0.0096
20095,"Kingman County, Kansas",0.08,0,0.0259,0.0048
20097,"Kiowa County, Kansas",1.72,11,0.0267,0.0047
20099,"Labette County, Kansas",0.39,0,0.0599,0.0069
20101,"Lane County, Kansas",0.02,0,0.0231,0.0045
20103,"Leavenworth County, Kansas",1.03,0,0.036,0.0061
20105,"Lincoln County, Kansas",0.05,0,0.0219,0.0043
20107,"Linn County, Kansas",0.65,0,0.0467,0.0062
20109,"Logan County, Kansas",0.14,0,0.0272,0.0047
20111,"Lyon County, Kansas",0.38,2,0.0673,0.0088
20113,"McPherson County, Kansas",0.09,0,0.0413,0.0064
20115,"Marion County, Kansas",0.13,0,0.031,0.0054
20117,"Marshall County, Kansas",0.11,0,0.0342,0.0053
20119,"Meade County, Kansas",0.11,0,0.0266,0.0051
20121,"Miami County, Kansas",0.12,1,0.0422,0.0075
20123,"Mitchell County, Kansas",0.08,0,0.0252,0.0046
20125,"Montgomery County, Kansas",0.26,3,0.0589,0.0079
20127,"Morris County, Kansas",0.12,1,0.0368,0.0061
20129,"Morton County, Kansas",0.02,0,0.0256,0.0048
20131,"Nemaha County, Kansas",0.21,0,0.031,0.0054
20133,"Neosho County, Kansas",0.2,0,0.0653,0.0076
20135,"Ness County, Kansas",0.19,0,0.0204,0.0042
20137,"Norton County, Kansas",0.1,1,0.0198,0.0042
20139,"Osage County, Kansas",0.23,0,0.0344,0.0055
20141,"Osborne County, Kansas",0.06,0,0.0221,0.0044
20143,"Ottawa County, Kansas",0.16,1,0.0257,0.0049
20145,"Pawnee County, Kansas",0.17,0,0.0286,0.0044
20147,"Phillips County, Kansas",0.04,0,0.0245,0.0045
20149,"Pottawatomie County, Kansas",0.1,0,0.0351,0.0058
20151,"Pratt County, Kansas",0.39,3,0.0336,0.0054
20153,"Rawlins County, Kansas",0.1,0,0.04,0.0071
20155,"Reno County, Kansas",0.31,0,0.0545,0.0072
20157,"Republic County, Kansas",0.18,0,0.0222,0.0044
20159,"Rice County, Kansas",0.09,0,0.0304,0.0056
20161,"Riley County, Kansas",0.82,0,0.0725,0.0153
20163,"Rooks County, Kansas",0.07,0,0.0216,0.0041
20165,"Rush County, Kansas",0.09,0,0.0242,0.0044
20167,"Russell County, Kansas",0.08,0,0.0301,0.0051
20169,"Saline County, Kansas",0.28,0,0.0467,0.0059
20171,"Scott County, Kansas",0.04,0,0.0333,0.0055
20173,"Sedgwick County, Kansas",5.04,7,0.0849,0.0106
20175,"Seward County, Kansas",0.51,0,0.0752,0.0171
20177,"Shawnee County, Kansas",0.47,0,0.0905,0.0089
20179,"Sheridan County, Kansas",0.1,0,0.0216,0.0041
20181,"Sherman County, Kansas",0.21,0,0.0459,0.0066
20183,"Smith County, Kansas",0.08,0,0.0234,0.0057
20185,"Stafford County, Kansas",0.4,3,0.0229,0.0045
20187,"Stanton County, Kansas",0.04,0,0.0376,0.0064
20189,"Stevens County, Kansas",0.06,0,0.0584,0.0082
20191,"Sumner County, Kansas",0.41,0,0.0398,0.0055
20193,"Thomas County, Kansas",0.09,0,0.0273,0.0051
20195,"Trego County, Kansas",0.11,0,0.025,0.0059
20197,"Wabaunsee County, Kansas",0.1,2,0.025,0.0046
20199,"Wallace County, Kansas",0.06,0,0.0256,0.0045
20201,"Washington County, Kansas",0.05,0,0.0217,0.0045
20203,"Wichita County, Kansas",0.07,0,0.034,0.0058
20205,"Wilson County, Kansas",0.21,0,0.0553,0.0078
20207,"Woodson County, Kansas",0.1,0,0.0231,0.0044
20209,"Wyandotte County, Kansas",1.75,2,0.0896,0.0143
21001,"Adair County, Kentucky",0.69,0,0.0942,0.0093
21003,"Allen County, Kentucky",0.43,6,0.0998,0.0089
21005,"Anderson County, Kentucky",0.09,0,0.038,0.006
21007,"Ballard County, Kentucky",0.23,1,0.051,0.0065
21009,"Barren County, Kentucky",0.54,3,0.0867,0.0117
21011,"Bath County, Kentucky",0.23,1,0.0854,0.008
21013,"Bell County, Kentucky",0.28,0,0.0787,0.0084
21015,"Boone County, Kentucky",0.16,0,0.0724,0.0093
21017,"Bourbon County, Kentucky",0.11,0,0.0831,0.0094
21019,"Boyd County, Kentucky",0.23,0,0.0812,0.008
21021,"Boyle County, Kentucky",0.11,0,0.0802,0.0084
21023,"Bracken County, Kentucky",0.08,1,0.0616,0.0076
21025,"Breathitt County, Kentucky",0.34,12,0.0736,0.0071
21027,"Breckinridge County, Kentucky",0.24,2,0.091,0.0096
21029,"Bullitt County, Kentucky",1.04,1,0.051,0.0071
21031,"Butler County, Kentucky",0.16,0,0.0698,0.0084
21033,"Caldwell County, Kentucky",1.16,5,0.074,0.0084
21035,"Calloway County, Kentucky",0.45,0,0.0896,0.0085
21037,"Campbell County, Kentucky",0.2,0,0.0525,0.0066
21039,"Carlisle County, Kentucky",0.18,0,0.0677,0.0078
21041,"Carroll County, Kentucky",0.16,0,0.0849,0.0104
21043,"Carter County, Kentucky",0.22,3,0.1009,0.0087
21045,"Casey County, Kentucky",0.18,0,0.0828,0.0105
21047,"Christian County, Kentucky",1.2,1,0.0634,0.0122
21049,"Clark County, Kentucky",0.1,0,0.0557,0.0069
21051,"Clay County, Kentucky",0.28,3,0.0758,0.0083
21053,"Clinton County, Kentucky",0.1,1,0.0937,0.0097
21055,"Crittenden County, Kentucky",0.37,0,0.0632,0.0074
21057,"Cumberland County, Kentucky",0.14,0,0.0702,0.0076
21059,"Daviess County, Kentucky",0.97,1,0.0817,0.0082
21061,"Edmonson County, Kentucky",0.1,0,0.0723,0.0073
21063,"Elliott County, Kentucky",0.17,0,0.0832,0.0088
21065,"Estill County, Kentucky",0.37,1,0.0865,0.0093
21067,"Fayette County, Kentucky",0.26,2,0.0726,0.0088
21069,"Fleming County, Kentucky",0.19,0,0.0741,0.0073
21071,"Floyd County, Kentucky",0.44,0,0.0764,0.0074
21073,"Franklin County, Kentucky",0.16,5,0.0867,0.0089
21075,"Fulton County, Kentucky",0.92,1,0.0659,0.0091
21077,"Gallatin County, Kentucky",0.18,1,0.1048,0.0142
21079,"Garrard County, Kentucky",0.08,0,0.0533,0.0066
21081,"Grant County, Kentucky",0.15,0,0.0571,0.0076
21083,"Graves County, Kentucky",1.43,24,0.0861,0.0084
21085,"Grayson County, Kentucky",0.31,0,0.0958,0.009
21087,"Green County, Kentucky",0.14,0,0.0985,0.0095
21089,"Greenup County, Kentucky",0.17,0,0.0506,0.0068
21091,"Hancock County, Kentucky",0.1,0,0.0534,0.0072
21093,"Hardin County, Kentucky",0.46,1,0.0716,0.0107
21095,"Harlan County, Kentucky",0.2,0,0.0691,0.008
21097,"Harrison County, Kentucky",0.12,0,0.0468,0.0062
21099,"Hart County, Kentucky",0.43,3,0.0759,0.009
21101,"Henderson County, Kentucky",0.92,0,0.0785,0.008
21103,"Henry County, Kentucky",0.18,0,0.087,0.0089
21105,"Hickman County, Kentucky",0.34,4,0.0449,0.0061
21107,"Hopkins County, Kentucky",3.91,16,0.0897,0.0089
21109,"Jackson County, Kentucky",0.13,0,0.079,0.0081
21111,"Jefferson County, Kentucky",1.28,1,0.0733,0.007
21113,"Jessamine County, Kentucky",0.08,1,0.0669,0.0082
21115,"Johnson County, Kentucky",0.66,6,0.0791,0.0086
21117,"Kenton County, Kentucky",1.15,4,0.0587,0.0067
21119,"Knott County, Kentucky",0.15,16,0.0871,0.0084
21121,"Knox County, Kentucky",0.29,1,0.0732,0.0084
21123,"Larue County, Kentucky",0.2,0,0.0517,0.0069
21125,"Laurel County, Kentucky",2.02,23,0.0915,0.0092
21127,"Lawrence County, Kentucky",0.51,2,0.0683,0.0074
21129,"Lee County, Kentucky",0.21,0,0.0661,0.0081
21131,"Leslie County, Kentucky",0.14,0,0.084,0.0097
21133,"Letcher County, Kentucky",0.22,3,0.0895,0.0085
21135,"Lewis County, Kentucky",0.3,4,0.0909,0.009
21137,"Lincoln County, Kentucky",0.22,1,0.0919,0.0083
21139,"Livingston County, Kentucky",0.2,0,0.0578,0.0078
21141,"Logan County, Kentucky",0.53,1,0.0551,0.0067
21143,"Lyon County, Kentucky",0.49,1,0.0572,0.0072
21145,"McCracken County, Kentucky",0.44,0,0.0705,0.0072
21147,"McCreary County, Kentucky",0.17,0,0.0768,0.0077
21149,"McLean County, Kentucky",0.13,0,0.0538,0.0067
21151,"Madison County, Kentucky",0.44,5,0.0536,0.0078
21153,"Magoffin County, Kentucky",0.46,0,0.0696,0.0073
21155,"Marion County, Kentucky",0.2,0,0.0864,0.0097
21157,"Marshall County, Kentucky",1.72,2,0.0519,0.0071
21159,"Martin County, Kentucky",0.17,0,0.0743,0.0074
21161,"Mason County, Kentucky",0.19,1,0.0713,0.0075
21163,"Meade County, Kentucky",0.12,0,0.0554,0.0072
21165,"Menifee County, Kentucky",0.3,2,0.089,0.0086
21167,"Mercer County, Kentucky",0.09,1,0.0456,0.0063
21169,"Metcalfe County, Kentucky",0.17,2,0.1016,0.0096
21171,"Monroe County, Kentucky",0.41,0,0.0754,0.008
21173,"Montgomery County, Kentucky",0.28,1,0.087,0.0089
21175,"Morgan County, Kentucky",0.65,6,0.0905,0.009
21177,"Muhlenberg County, Kentucky",1.86,15,0.0697,0.0074
21179,"Nelson County, Kentucky",0.12,1,0.0486,0.007
21181,"Nicholas County, Kentucky",0.07,2,0.052,0.0058
21183,"Ohio County, Kentucky",0.51,0,0.0672,0.0076
21185,"Oldham County, Kentucky",0.17,0,0.0366,0.0061
21187,"Owen County, Kentucky",0.18,3,0.0675,0.008
21189,"Owsley County, Kentucky",0.11,0,0.0661,0.0073
21191,"Pendleton County, Kentucky",0.26,0,0.072,0.0083
21193,"Perry County, Kentucky",0.25,7,0.085,0.0082
21195,"Pike County, Kentucky",0.5,3,0.0859,0.0075
21197,"Powell County, Kentucky",0.31,0,0.0731,0.0081
21199,"Pulaski County, Kentucky",3.25,1,0.0958,0.0089
21201,"Robertson County, Kentucky",0.03,0,0.0787,0.0085
21203,"Rockcastle County, Kentucky",0.18,0,0.0786,0.0077
21205,"Rowan County, Kentucky",0.22,1,0.0601,0.0078
21207,"Russell County, Kentucky",0.23,0,0.0991,0.0097
21209,"Scott County, Kentucky",0.22,1,0.0498,0.0082
21211,"Shelby County, Kentucky",0.13,1,0.046,0.0067
21213,"Simpson County, Kentucky",0.22,0,0.0485,0.0073
21215,"Spencer County, Kentucky",0.22,0,0.0493,0.0073
21217,"Taylor County, Kentucky",0.32,1,0.0506,0.0061
21219,"Todd County, Kentucky",0.31,0,0.0706,0.0083
21221,"Trigg County, Kentucky",0.28,0,0.0872,0.0087
21223,"Trimble County, Kentucky",0.2,0,0.069,0.0072
21225,"Union County, Kentucky",0.4,1,0.0468,0.0066
21227,"Warren County, Kentucky",1.08,17,0.0823,0.0122
21229,"Washington County, Kentucky",0.08,2,0.0534,0.0063
21231,"Wayne County, Kentucky",0.19,0,0.0918,0.0095
21233,"Webster County, Kentucky",0.68,1,0.0894,0.0091
21235,"Whitley County, Kentucky",0.55,3,0.0691,0.0086
21237,"Wolfe County, Kentucky",0.15,0,0.0664,0.0077
21239,"Woodford County, Kentucky",0.08,0,0.0464,0.007
22001,"Acadia Parish, Louisiana",0.48,2,0.0722,0.0093
22003,"Allen Parish, Louisiana",0.2,0,0.0548,0.0083
22005,"Ascension Parish, Louisiana",0.22,1,0.0729,0.0097
22007,"Assumption Parish, Louisiana",0.14,0,0.0815,0.008
22009,"Avoyelles Parish, Louisiana",0.31,0,0.0596,0.0081
22011,"Beauregard Parish, Louisiana",0.82,0,0.104,0.0105
22013,"Bienville Parish, Louisiana",0.39,1,0.0641,0.0072
22015,"Bossier Parish, Louisiana",2.36,13,0.0725,0.0105
22017,"Caddo Parish, Louisiana",3.77,4,0.0657,0.0084
22019,"Calcasieu Parish, Louisiana",1.12,1,0.0829,0.0096
22021,"Caldwell Parish, Louisiana",0.33,0,0.0631,0.0077
22023,"Cameron Parish, Louisiana",0.05,0,0.0334,0.0053
22025,"Catahoula Parish, Louisiana",0.2,0,0.0548,0.0077
22027,"Claiborne Parish, Louisiana",0.63,0,0.0693,0.0077
22029,"Concordia Parish, Louisiana",0.15,0,0.0453,0.0059
22031,"De Soto Parish, Louisiana",0.98,1,0.0641,0.0076
22033,"East Baton Rouge Parish, Louisiana",0.58,4,0.0939,0.0124
22035,"East Carroll Parish, Louisiana",0.26,0,0.066,0.0081
22037,"East Feliciana Parish, Louisiana",0.1,0,0.076,0.0078
22039,"Evangeline Parish, Louisiana",0.23,4,0.0513,0.0068
22041,"Franklin Parish, Louisiana",0.33,1,0.0769,0.0089
22043,"Grant Parish, Louisiana",0.46,0,0.0716,0.0085
22045,"Iberia Parish, Louisiana",0.34,2,0.0676,0.0093
22047,"Iberville Parish, Louisiana",0.09,0,0.0685,0.0089
22049,"Jackson Parish, Louisiana",0.28,0,0.0663,0.0082
22051,"Jefferson Parish, Louisiana",0.66,0,0.0941,0.0089
22053,"Jefferson Davis Parish, Louisiana",0.24,0,0.0866,0.0087
22055,"Lafayette Parish, Louisiana",0.57,0,0.0871,0.0118
22057,"Lafourche Parish, Louisiana",0.22,2,0.0802,0.0088
22059,"LaSalle Parish, Louisiana",0.49,1,0.0602,0.0074
22061,"Lincoln Parish, Louisiana",0.65,5,0.0715,0.0099
22063,"Livingston Parish, Louisiana",0.67,0,0.0719,0.0093
22065,"Madison Parish, Louisiana",0.32,0,0.0525,0.0069
22067,"Morehouse Parish, Louisiana",0.36,0,0.0587,0.0078
22069,"Natchitoches Parish, Louisiana",1.06,1,0.0624,0.0085
22071,"Orleans Parish, Louisiana",1.19,3,0.0799,0.0083
22073,"Ouachita Parish, Louisiana",1.7,4,0.0654,0.009
22075,"Plaquemines Parish, Louisiana",0.07,0,0.0832,0.0125
22077,"Pointe Coupee Parish, Louisiana",0.1,0,0.0867,0.0091
22079,"Rapides Parish, Louisiana",0.7,3,0.0671,0.0087
22081,"Red River Parish, Louisiana",0.49,0,0.086,0.0089
22083,"Richland Parish, Louisiana",0.37,0,0.0721,0.0092
22085,"Sabine Parish, Louisiana",0.72,0,0.0638,0.008
22087,"St. Bernard Parish, Louisiana",0.28,1,0.0723,0.0148
22089,"St. Charles Parish, Louisiana",0.29,1,0.0706,0.0081
22091,"St. Helena Parish, Louisiana",0.07,3,0.0622,0.0078
22093,"St. James Parish, Louisiana",0.08,3,0.0515,0.0056
22095,"St. John the Baptist Parish, Louisiana",0.11,0,0.0836,0.0108
22097,"St. Landry Parish, Louisiana",0.55,1,0.0712,0.0091
22099,"St. Martin Parish, Louisiana",0.29,2,0.0841,0.009
22101,"St. Mary Parish, Louisiana",0.12,0,0.0747,0.0088
22103,"St. Tammany Parish, Louisiana",0.86,0,0.0823,0.0084
22105,"Tangipahoa Parish, Louisiana",0.35,4,0.0794,0.0109
22107,"Tensas Parish, Louisiana",0.3,0,0.0395,0.0065
22109,"Terrebonne Parish, Louisiana",0.25,0,0.0758,0.0095
22111,"Union Parish, Louisiana",0.62,0,0.0763,0.0093
22113,"Vermilion Parish, Louisiana",0.16,1,0.072,0.0084
22115,"Vernon Parish, Louisiana",0.58,1,0.0883,0.014
22117,"Washington Parish, Louisiana",0.15,1,0.0667,0.0082
22119,"Webster Parish, Louisiana",1.43,0,0.0708,0.0085
22121,"West Baton Rouge Parish, Louisiana",0.07,1,0.0795,0.0106
22123,"West Carroll Parish, Louisiana",0.35,0,0.092,0.01
22125,"West Feliciana Parish, Louisiana",0.1,0,0.0673,0.0078
22127,"Winn Parish, Louisiana",0.94,0,0.0608,0.0075
23001,"Androscoggin County, Maine",0.13,0,0.0704,0.0077
23003,"Aroostook County, Maine",0.25,0,0.0544,0.0064
23005,"Cumberland County, Maine",0.28,1,0.0615,0.0079
23007,"Franklin County, Maine",0.32,1,0.0447,0.0055
23009,"Hancock County, Maine",0.05,0,0.0631,0.0075
23011,"Kennebec County, Maine",0.1,0,0.0676,0.0072
23013,"Knox County, Maine",0.03,0,0.0559,0.0069
23015,"Lincoln County, Maine",0.01,0,0.0536,0.0067
23017,"Oxford County, Maine",0.41,0,0.0551,0.0065
23019,"Penobscot County, Maine",0.07,0,0.0648,0.0065
23021,"Piscataquis County, Maine",0.14,0,0.0425,0.0063
23023,"Sagadahoc County, Maine",0.03,0,0.0556,0.0073
23025,"Somerset County, Maine",0.15,0,0.0618,0.0069
23027,"Waldo County, Maine",0.05,0,0.0883,0.0089
23029,"Washington County, Maine",0.08,0,0.0777,0.0081
23031,"York County, Maine",0.18,0,0.0602,0.0073
24001,"Allegany County, Maryland",0.57,0,0.0658,0.0072
24003,"Anne Arundel County, Maryland",0.55,1,0.0487,0.0071
24005,"Baltimore County, Maryland",1.2,2,0.0839,0.0072
24009,"Calvert County, Maryland",0.14,2,0.0442,0.0066
24011,"Caroline County, Maryland",0.13,0,0.0803,0.0095
24013,"Carroll County, Maryland",0.41,1,0.0489,0.0064
24015,"Cecil County, Maryland",0.35,0,0.0615,0.0072
24017,"Charles County, Maryland",0.9,1,0.0507,0.0074
24019,"Dorchester County, Maryland",0.21,0,0.0726,0.0085
24021,"Frederick County, Maryland",0.47,6,0.0432,0.0066
24023,"Garrett County, Maryland",0.25,0,0.0453,0.0058
24025,"Harford County, Maryland",0.58,2,0.0553,0.0077
24027,"Howard County, Maryland",0.66,3,0.0483,0.0072
24029,"Kent County, Maryland",0.1,0,0.0517,0.0069
24031,"Montgomery County, Maryland",1.11,1,0.0587,0.0063
24033,"Prince George's County, Maryland",1.17,2,0.0776,0.0094
24035,"Queen Anne's County, Maryland",0.17,0,0.0438,0.0071
24037,"St. Mary's County, Maryland",0.36,0,0.054,0.0087
24039,"Somerset County, Maryland",0.05,0,0.0672,0.0088
24041,"Talbot County, Maryland",0.09,0,0.0455,0.0067
24043,"Washington County, Maryland",0.3,0,0.0938,0.0088
24045,"Wicomico County, Maryland",0.1,0,0.0753,0.0108
24047,"Worcester County, Maryland",0.1,0,0.063,0.0089
24510,"Baltimore City, Maryland",0.43,6,0.0725,0.0088
25001,"Barnstable County, Massachusetts",0.1,0,0.0587,0.0063
25003,"Berkshire County, Massachusetts",0.36,0,0.0564,0.0053
25005,"Bristol County, Massachusetts",0.32,0,0.0943,0.0067
25007,"Dukes County, Massachusetts",0.0,0,0.0484,0.0056
25009,"Essex County, Massachusetts",0.32,0,0.0917,0.0064
25011,"Franklin County, Massachusetts",0.13,0,0.0623,0.0058
25013,"Hampden County, Massachusetts",0.39,3,0.0973,0.0071
25015,"Hampshire County, Massachusetts",0.11,0,0.1092,0.0069
25017,"Middlesex County, Massachusetts",0.49,0,0.082,0.0057
25019,"Nantucket County, Massachusetts",0.0,0,0.0596,0.0062
25021,"Norfolk County, Massachusetts",0.27,0,0.0801,0.0055
25023,"Plymouth County, Massachusetts",0.09,0,0.0974,0.0067
25025,"Suffolk County, Massachusetts",0.26,0,0.0921,0.0076
25027,"Worcester County, Massachusetts",0.47,0,0.0791,0.006
26001,"Alcona County, Michigan",0.02,0,0.0492,0.0062
26003,"Alger County, Michigan",0.02,0,0.0418,0.0059
26005,"Allegan County, Michigan",0.16,2,0.0606,0.0076
26007,"Alpena County, Michigan",0.03,0,0.0642,0.0063
26009,"Antrim County, Michigan",0.02,0,0.0542,0.0068
26011,"Arenac County, Michigan",0.01,0,0.0892,0.0078
26013,"Baraga County, Michigan",0.03,0,0.0495,0.0057
26015,"Barry County, Michigan",0.1,0,0.0533,0.0073
26017,"Bay County, Michigan",0.03,1,0.0597,0.0073
26019,"Benzie County, Michigan",0.0,0,0.0606,0.0075
26021,"Berrien County, Michigan",0.18,0,0.0952,0.0094
26023,"Branch County, Michigan",0.05,0,0.1022,0.0098
26025,"Calhoun County, Michigan",0.08,0,0.0838,0.0093
26027,"Cass County, Michigan",0.14,0,0.0572,0.0077
26029,"Charlevoix County, Michigan",0.0,0,0.0581,0.0071
26031,"Cheboygan County, Michigan",0.01,0,0.0786,0.0083
26033,"Chippewa County, Michigan",0.02,0,0.0688,0.0073
26035,"Clare County, Michigan",0.06,0,0.1473,0.0101
26037,"Clinton County, Michigan",0.07,0,0.0568,0.0078
26039,"Crawford County, Michigan",0.01,0,0.0662,0.0067
26041,"Delta County, Michigan",0.02,0,0.0594,0.0067
26043,"Dickinson County, Michigan",0.1,0,0.0643,0.0081
26045,"Eaton County, Michigan",0.15,1,0.0542,0.0077
26047,"Emmet County, Michigan",0.01,0,0.0561,0.0073
26049,"Genesee County, Michigan",0.57,1,0.1365,0.0098
26051,"Gladwin County, Michigan",0.04,0,0.0992,0.0087
26053,"Gogebic County, Michigan",0.02,0,0.0373,0.0051
26055,"Grand Traverse County, Michigan",0.08,0,0.0539,0.0074
26057,"Gratiot County, Michigan",0.05,0,0.0605,0.0072
26059,"Hillsdale County, Michigan",0.06,0,0.0658,0.0075
26061,"Houghton County, Michigan",0.04,1,0.0485,0.0058
26063,"Huron County, Michigan",0.06,0,0.0631,0.0064
26065,"Ingham County, Michigan",0.24,4,0.0794,0.0112
26067,"Ionia County, Michigan",0.04,0,0.0607,0.0073
26069,"Iosco County, Michigan",0.0,0,0.078,0.0077
26071,"Iron County, Michigan",0.06,0,0.0538,0.0075
26073,"Isabella County, Michigan",0.08,0,0.0891,0.0112
26075,"Jackson County, Michigan",0.06,0,0.0726,0.0073
26077,"Kalamazoo County, Michigan",0.14,0,0.0729,0.0076
26079,"Kalkaska County, Michigan",0.06,1,0.08,0.0088
26081,"Kent County, Michigan",0.16,0,0.0804,0.0089
26083,"Keweenaw County, Michigan",0.0,0,0.0259,0.0052
26085,"Lake County, Michigan",0.1,0,0.1628,0.0146
26087,"Lapeer County, Michigan",0.09,0,0.0558,0.0076
26089,"Leelanau County, Michigan",0.01,0,0.0541,0.0068
26091,"Lenawee County, Michigan",0.06,0,0.0645,0.0073
26093,"Livingston County, Michigan",0.07,0,0.0566,0.0077
26095,"Luce County, Michigan",0.0,0,0.0665,0.0099
26097,"Mackinac County, Michigan",0.06,0,0.0809,0.0114
26099,"Macomb County, Michigan",0.11,0,0.0756,0.0082
26101,"Manistee County, Michigan",0.1,0,0.0644,0.007
26103,"Marquette County, Michigan",0.1,0,0.0483,0.0066
26105,"Mason County, Michigan",0.12,0,0.0754,0.0073
26107,"Mecosta County, Michigan",0.08,0,0.1074,0.0097
26109,"Menominee County, Michigan",0.02,0,0.0503,0.0058
26111,"Midland County, Michigan",0.05,0,0.0516,0.0073
26113,"Missaukee County, Michigan",0.01,0,0.0797,0.0084
26115,"Monroe County, Michigan",0.09,0,0.0532,0.0072
26117,"Montcalm County, Michigan",0.06,0,0.071,0.0075
26119,"Montmorency County, Michigan",0.02,0,0.066,0.0071
26121,"Muskegon County, Michigan",0.12,0,0.0993,0.0098
26123,"Newaygo County, Michigan",0.08,0,0.1119,0.0106
26125,"Oakland County, Michigan",0.14,2,0.0684,0.0088
26127,"Oceana County, Michigan",0.07,0,0.1003,0.01
26129,"Ogemaw County, Michigan",0.02,0,0.0685,0.0068
26131,"Ontonagon County, Michigan",0.03,0,0.0286,0.005
26133,"Osceola County, Michigan",0.1,0,0.1173,0.0096
26135,"Oscoda County, Michigan",0.12,0,0.1094,0.0102
26137,"Otsego County, Michigan",0.08,2,0.0565,0.0073
26139,"Ottawa County, Michigan",0.22,1,0.0655,0.008
26141,"Presque Isle County, Michigan",0.0,0,0.0459,0.0058
26143,"Roscommon County, Michigan",0.01,0,0.0963,0.0075
26145,"Saginaw County, Michigan",0.09,0,0.0814,0.0089
26147,"St. Clair County, Michigan",0.03,1,0.0613,0.0075
26149,"St. Joseph County, Michigan",0.14,0,0.067,0.0074
26151,"Sanilac County, Michigan",0.05,0,0.0661,0.0074
26153,"Schoolcraft County, Michigan",0.0,0,0.0789,0.012
26155,"Shiawassee County, Michigan",0.06,0,0.0533,0.0079
26157,"Tuscola County, Michigan",0.06,0,0.0629,0.0074
26159,"Van Buren County, Michigan",0.1,0,0.0898,0.0096
26161,"Washtenaw County, Michigan",0.19,0,0.0659,0.0076
26163,"Wayne County, Michigan",0.53,1,0.1125,0.0104
26165,"Wexford County, Michigan",0.08,0,0.0723,0.0077
27001,"Aitkin County, Minnesota",0.1,0,0.0601,0.0084
27003,"Anoka County, Minnesota",0.13,0,0.0641,0.0083
27005,"Becker County, Minnesota",0.1,0,0.0501,0.0061
27007,"Beltrami County, Minnesota",0.11,0,0.0749,0.0081
27009,"Benton County, Minnesota",0.05,0,0.0586,0.0088
27011,"Big Stone County, Minnesota",0.06,0,0.0395,0.0054
27013,"Blue Earth County, Minnesota",0.39,0,0.057,0.0078
27015,"Brown County, Minnesota",1.14,1,0.0507,0.0073
27017,"Carlton County, Minnesota",0.12,0,0.0609,0.0073
27019,"Carver County, Minnesota",0.08,0,0.0525,0.0081
27021,"Cass County, Minnesota",0.02,0,0.0523,0.0066
27023,"Chippewa County, Minnesota",0.03,0,0.0605,0.007
27025,"Chisago County, Minnesota",0.02,0,0.0519,0.0071
27027,"Clay County, Minnesota",0.24,0,0.0505,0.0074
27029,"Clearwater County, Minnesota",0.08,0,0.06,0.0069
27031,"Cook County, Minnesota",0.1,0,0.0265,0.0056
27033,"Cottonwood County, Minnesota",0.16,0,0.0426,0.0059
27035,"Crow Wing County, Minnesota",0.16,0,0.0501,0.0071
27037,"Dakota County, Minnesota",0.17,1,0.0695,0.0081
27039,"Dodge County, Minnesota",0.1,0,0.0505,0.007
27041,"Douglas County, Minnesota",0.11,0,0.0484,0.0074
27043,"Faribault County, Minnesota",0.07,0,0.0356,0.0054
27045,"Fillmore County, Minnesota",0.14,0,0.0441,0.0058
27047,"Freeborn County, Minnesota",1.12,2,0.0633,0.0075
27049,"Goodhue County, Minnesota",0.13,3,0.0563,0.0072
27051,"Grant County, Minnesota",0.2,0,0.0374,0.0059
27053,"Hennepin County, Minnesota",0.25,2,0.0629,0.0068
27055,"Houston County, Minnesota",0.19,2,0.0558,0.0075
27057,"Hubbard County, Minnesota",0.11,0,0.0548,0.0062
27059,"Isanti County, Minnesota",0.04,0,0.0506,0.0074
27061,"Itasca County, Minnesota",0.1,0,0.0496,0.0063
27063,"Jackson County, Minnesota",0.05,0,0.0325,0.0052
27065,"Kanabec County, Minnesota",0.06,0,0.0595,0.0069
27067,"Kandiyohi County, Minnesota",0.18,0,0.084,0.0105
27069,"Kittson County, Minnesota",0.1,0,0.0284,0.0047
27071,"Koochiching County, Minnesota",0.01,0,0.0321,0.0052
27073,"Lac qui Parle County, Minnesota",0.02,0,0.0407,0.0069
27075,"Lake County, Minnesota",0.06,0,0.0279,0.0051
27077,"Lake of the Woods County, Minnesota",0.05,0,0.0565,0.0086
27079,"Le Sueur County, Minnesota",0.26,1,0.0513,0.0078
27081,"Lincoln County, Minnesota",0.03,0,0.0354,0.0054
27083,"Lyon County, Minnesota",0.1,0,0.0861,0.0087
27085,"McLeod County, Minnesota",0.09,0,0.0525,0.0079
27087,"Mahnomen County, Minnesota",0.1,0,0.0552,0.0067
27089,"Marshall County, Minnesota",0.11,0,0.0315,0.0059
27091,"Martin County, Minnesota",0.07,0,0.0456,0.0059
27093,"Meeker County, Minnesota",0.05,0,0.0486,0.0065
27095,"Mille Lacs County, Minnesota",0.13,0,0.0989,0.0095
27097,"Morrison County, Minnesota",0.12,1,0.0417,0.0059
27099,"Mower County, Minnesota",0.23,0,0.0561,0.0073
27101,"Murray County, Minnesota",0.07,0,0.0393,0.0057
27103,"Nicollet County, Minnesota",0.7,1,0.0499,0.0071
27105,"Nobles County, Minnesota",0.13,0,0.0671,0.0076
27107,"Norman County, Minnesota",0.08,0,0.0287,0.0051
27109,"Olmsted County, Minnesota",0.13,0,0.0534,0.0071
27111,"Otter Tail County, Minnesota",1.43,2,0.0517,0.0061
27113,"Pennington County, Minnesota",0.05,0,0.0464,0.0066
27115,"Pine County, Minnesota",0.15,0,0.0849,0.0076
27117,"Pipestone County, Minnesota",0.03,0,0.0397,0.0058
27119,"Polk County, Minnesota",0.31,1,0.0444,0.0057
27121,"Pope County, Minnesota",0.06,0,0.0397,0.0054
27123,"Ramsey County, Minnesota",0.1,1,0.0846,0.0086
27125,"Red Lake County, Minnesota",0.09,0,0.0397,0.0058
27127,"Redwood County, Minnesota",0.06,0,0.0424,0.0061
27129,"Renville County, Minnesota",0.06,0,0.0411,0.0057
27131,"Rice County, Minnesota",0.2,0,0.0561,0.0072
27133,"Rock County, Minnesota",0.05,0,0.0384,0.0055
27135,"Roseau County, Minnesota",0.12,0,0.0464,0.0064
27137,"St. Louis County, Minnesota",0.46,0,0.0537,0.007
27139,"Scott County, Minnesota",0.14,0,0.0724,0.0119
27141,"Sherburne County, Minnesota",0.04,0,0.0559,0.01
27143,"Sibley County, Minnesota",0.06,0,0.0385,0.0064
27145,"Stearns County, Minnesota",0.16,1,0.057,0.0073
27147,"Steele County, Minnesota",0.18,0,0.0563,0.007
27149,"Stevens County, Minnesota",0.03,0,0.0405,0.006
27151,"Swift County, Minnesota",0.07,0,0.0413,0.0062
27153,"Todd County, Minnesota",0.09,0,0.0735,0.0081
27155,"Traverse County, Minnesota",0.02,0,0.0271,0.0048
27157,"Wabasha County, Minnesota",0.08,0,0.0543,0.0071
27159,"Wadena County, Minnesota",0.6,0,0.0552,0.0065
27161,"Waseca County, Minnesota",0.12,0,0.0617,0.0081
27163,"Washington County, Minnesota",0.09,1,0.0636,0.0075
27165,"Watonwan County, Minnesota",0.17,0,0.0671,0.0076
27167,"Wilkin County, Minnesota",0.29,0,0.035,0.0056
27169,"Winona County, Minnesota",0.15,5,0.0532,0.007
27171,"Wright County, Minnesota",0.16,0,0.0525,0.009
27173,"Yellow Medicine County, Minnesota",0.13,1,0.034,0.0055
28001,"Adams County, Mississippi",0.28,1,0.0853,0.0087
28003,"Alcorn County, Mississippi",0.16,1,0.1185,0.0097
28005,"Amite County, Mississippi",0.32,0,0.1529,0.0108
28007,"Attala County, Mississippi",1.05,0,0.0781,0.0074
28009,"Benton County, Mississippi",1.03,8,0.1285,0.0106
28011,"Bolivar County, Mississippi",1.7,0,0.0934,0.0074
28013,"Calhoun County, Mississippi",0.48,0,0.0936,0.0085
28015,"Carroll County, Mississippi",0.66,3,0.1234,0.0099
28017,"Chickasaw County, Mississippi",0.84,3,0.0853,0.0078
28019,"Choctaw County, Mississippi",0.75,5,0.0948,0.0115
28021,"Claiborne County, Mississippi",0.24,0,0.0938,0.0085
28023,"Clarke County, Mississippi",1.31,4,0.1194,0.0098
28025,"Clay County, Mississippi",0.21,0,0.1278,0.0094
28027,"Coahoma County, Mississippi",0.37,3,0.1078,0.0089
28029,"Copiah County, Mississippi",0.38,0,0.1466,0.011
28031,"Covington County, Mississippi",4.66,2,0.164,0.0103
28033,"DeSoto County, Mississippi",0.6,1,0.0744,0.0095
28035,"Forrest County, Mississippi",2.35,5,0.1135,0.0122
28037,"Franklin County, Mississippi",0.4,0,0.105,0.0106
28039,"George County, Mississippi",0.3,3,0.1233,0.0115
28041,"Greene County, Mississippi",0.37,1,0.1266,0.012
28043,"Grenada County, Mississippi",0.43,0,0.1075,0.0099
28045,"Hancock County, Mississippi",0.16,0,0.0708,0.0079
28047,"Harrison County, Mississippi",0.45,1,0.1272,0.0125
28049,"Hinds County, Mississippi",1.95,0,0.1009,0.0116
28051,"Holmes County, Mississippi",3.54,3,0.1402,0.0087
28053,"Humphreys County, Mississippi",0.56,4,0.0751,0.0076
28055,"Issaquena County, Mississippi",0.1,0,0.0572,0.0071
28057,"Itawamba County, Mississippi",2.91,0,0.0756,0.0081
28059,"Jackson County, Mississippi",0.28,1,0.0962,0.0104
28061,"Jasper County, Mississippi",3.03,4,0.1091,0.0104
28063,"Jefferson County, Mississippi",0.4,0,0.0874,0.0082
28065,"Jefferson Davis County, Mississippi",2.53,6,0.1518,0.0114
28067,"Jones County, Mississippi",5.62,6,0.1107,0.0101
28069,"Kemper County, Mississippi",1.96,4,0.0834,0.0093
28071,"Lafayette County, Mississippi",0.62,1,0.0651,0.0086
28073,"Lamar County, Mississippi",1.96,1,0.0875,0.0108
28075,"Lauderdale County, Mississippi",0.74,0,0.0921,0.0086
28077,"Lawrence County, Mississippi",0.77,2,0.116,0.0093
28079,"Leake County, Mississippi",0.53,0,0.0864,0.0077
28081,"Lee County, Mississippi",1.42,0,0.097,0.011
28083,"Leflore County, Mississippi",0.65,0,0.0876,0.0108
28085,"Lincoln County, Mississippi",0.51,0,0.1382,0.0104
28087,"Lowndes County, Mississippi",1.82,2,0.0987,0.0101
28089,"Madison County, Mississippi",1.42,2,0.0625,0.0087
28091,"Marion County, Mississippi",3.18,4,0.1176,0.0105
28093,"Marshall County, Mississippi",2.35,3,0.1139,0.0108
28095,"Monroe County, Mississippi",5.32,20,0.1076,0.0101
28097,"Montgomery County, Mississippi",0.46,0,0.0901,0.0087
28099,"Neshoba County, Mississippi",4.21,0,0.093,0.0085
28101,"Newton County, Mississippi",1.24,0,0.0991,0.0094
28103,"Noxubee County, Mississippi",0.91,0,0.088,0.0083
28105,"Oktibbeha County, Mississippi",0.61,0,0.0969,0.0135
28107,"Panola County, Mississippi",0.6,2,0.1074,0.0103
28109,"Pearl River County, Mississippi",0.6,0,0.101,0.0113
28111,"Perry County, Mississippi",0.29,0,0.0973,0.009
28113,"Pike County, Mississippi",0.33,0,0.1092,0.0099
28115,"Pontotoc County, Mississippi",1.35,8,0.1342,0.0105
28117,"Prentiss County, Mississippi",0.36,0,0.1034,0.01
28119,"Quitman County, Mississippi",0.18,2,0.0771,0.0074
28121,"Rankin County, Mississippi",2.48,2,0.0752,0.0081
28123,"Scott County, Mississippi",1.41,1,0.1525,0.0094
28125,"Sharkey County, Mississippi",1.2,14,0.0717,0.0073
28127,"Simpson County, Mississippi",0.99,0,0.1251,0.0108
28129,"Smith County, Mississippi",1.11,1,0.146,0.012
28131,"Stone County, Mississippi",0.27,0,0.1237,0.0101
28133,"Sunflower County, Mississippi",0.46,0,0.0778,0.0098
28135,"Tallahatchie County, Mississippi",0.07,0,0.078,0.0078
28137,"Tate County, Mississippi",1.27,2,0.1084,0.0105
28139,"Tippah County, Mississippi",1.51,1,0.119,0.0109
28141,"Tishomingo County, Mississippi",0.21,3,0.1148,0.0103
28143,"Tunica County, Mississippi",0.06,0,0.0868,0.0096
28145,"Union County, Mississippi",1.4,0,0.1002,0.01
28147,"Walthall County, Mississippi",1.65,6,0.1082,0.01
28149,"Warren County, Mississippi",0.65,0,0.1153,0.0101
28151,"Washington County, Mississippi",1.44,1,0.1093,0.009
28153,"Wayne County, Mississippi",0.68,0,0.1196,0.0089
28155,"Webster County, Mississippi",0.51,1,0.088,0.008
28157,"Wilkinson County, Mississippi",0.07,0,0.0952,0.0093
28159,"Winston County, Mississippi",2.73,11,0.1031,0.0086
28161,"Yalobusha County, Mississippi",0.06,0,0.1141,0.0093
28163,"Yazoo County, Mississippi",2.78,5,0.1156,0.0097
29001,"Adair County, Missouri",0.21,2,0.0553,0.0068
29003,"Andrew County, Missouri",0.08,0,0.0409,0.0058
29005,"Atchison County, Missouri",0.07,0,0.0292,0.0047
29007,"Audrain County, Missouri",0.25,0,0.0791,0.0078
29009,"Barry County, Missouri",1.53,2,0.0851,0.0093
29011,"Barton County, Missouri",0.71,5,0.0491,0.0062
29013,"Bates County, Missouri",0.12,0,0.0569,0.0068
29015,"Benton County, Missouri",0.68,4,0.0641,0.0076
29017,"Bollinger County, Missouri",0.5,10,0.0463,0.006
29019,"Boone County, Missouri",0.59,0,0.0656,0.0084
29021,"Buchanan County, Missouri",0.14,1,0.0723,0.0077
29023,"Butler County, Missouri",1.51,2,0.0701,0.0081
29025,"Caldwell County, Missouri",0.09,0,0.0507,0.0062
29027,"Callaway County, Missouri",0.31,1,0.0519,0.0077
29029,"Camden County, Missouri",0.93,5,0.0681,0.0085
29031,"Cape Girardeau County, Missouri",0.44,0,0.0593,0.007
29033,"Carroll County, Missouri",0.1,0,0.0288,0.0052
29035,"Carter County, Missouri",0.78,1,0.042,0.0053
29037,"Cass County, Missouri",0.28,0,0.0457,0.0071
29039,"Cedar County, Missouri",0.54,4,0.0666,0.0077
29041,"Chariton County, Missouri",0.06,0,0.0285,0.0052
29043,"Christian County, Missouri",1.07,2,0.0381,0.0067
29045,"Clark County, Missouri",0.18,0,0.0452,0.006
29047,"Clay County, Missouri",1.6,0,0.1028,0.0072
29049,"Clinton County, Missouri",0.09,0,0.0416,0.0067
29051,"Cole County, Missouri",0.34,1,0.0572,0.0067
29053,"Cooper County, Missouri",0.15,1,0.0419,0.0054
29055,"Crawford County, Missouri",0.26,0,0.0612,0.0072
29057,"Dade County, Missouri",0.3,1,0.0542,0.0068
29059,"Dallas County, Missouri",0.79,6,0.0615,0.0073
29061,"Daviess County, Missouri",0.43,0,0.0383,0.0053
29063,"DeKalb County, Missouri",0.28,3,0.0335,0.0052
29065,"Dent County, Missouri",0.32,2,0.0587,0.007
29067,"Douglas County, Missouri",1.09,3,0.0541,0.007
29069,"Dunklin County, Missouri",0.52,0,0.0677,0.0078
29071,"Franklin County, Missouri",0.26,2,0.0408,0.006
29073,"Gasconade County, Missouri",0.12,0,0.041,0.006
29075,"Gentry County, Missouri",0.09,0,0.0353,0.0052
29077,"Greene County, Missouri",2.7,3,0.1089,0.0077
29079,"Grundy County, Missouri",0.17,0,0.0437,0.0055
29081,"Harrison County, Missouri",0.17,0,0.0356,0.0051
29083,"Henry County, Missouri",0.18,2,0.0511,0.0065
29085,"Hickory County, Missouri",1.36,0,0.0753,0.0074
29087,"Holt County, Missouri",0.08,0,0.0373,0.005
29089,"Howard County, Missouri",0.4,0,0.0537,0.0063
29091,"Howell County, Missouri",2.45,7,0.0863,0.0087
29093,"Iron County, Missouri",0.33,2,0.0564,0.0071
29095,"Jackson County, Missouri",1.24,10,0.1107,0.0078
29097,"Jasper County, Missouri",3.68,161,0.0981,0.0089
29099,"Jefferson County, Missouri",0.4,4,0.0577,0.0067
29101,"Johnson County, Missouri",0.34,0,0.0591,0.0079
29103,"Knox County, Missouri",0.24,0,0.0491,0.0087
29105,"Laclede County, Missouri",1.28,3,0.0849,0.0085
29107,"Lafayette County, Missouri",0.13,0,0.0412,0.0059
29109,"Lawrence County, Missouri",1.13,11,0.0716,0.0082
29111,"Lewis County, Missouri",0.21,1,0.0487,0.0063
29113,"Lincoln County, Missouri",1.17,0,0.0519,0.0079
29115,"Linn County, Missouri",0.1,0,0.0327,0.0052
29117,"Livingston County, Missouri",0.05,0,0.0439,0.0052
29119,"McDonald County, Missouri",1.19,5,0.1004,0.0105
29121,"Macon County, Missouri",0.2,0,0.0393,0.0052
29123,"Madison County, Missouri",0.37,1,0.0489,0.0062
29125,"Maries County, Missouri",0.28,0,0.046,0.006
29127,"Marion County, Missouri",0.17,0,0.0534,0.0064
29129,"Mercer County, Missouri",0.05,0,0.0458,0.007
29131,"Miller County, Missouri",0.47,3,0.0635,0.0071
29133,"Mississippi County, Missouri",0.11,0,0.0483,0.0061
29135,"Moniteau County, Missouri",0.16,0,0.052,0.0068
29137,"Monroe County, Missouri",1.21,2,0.0432,0.0058
29139,"Montgomery County, Missouri",0.36,0,0.0487,0.0061
29141,"Morgan County, Missouri",1.18,1,0.0932,0.0095
29143,"New Madrid County, Missouri",0.17,1,0.0556,0.0069
29145,"Newton County, Missouri",4.3,14,0.0828,0.0083
29147,"Nodaway County, Missouri",0.11,0,0.0283,0.005
29149,"Oregon County, Missouri",0.85,0,0.0566,0.0072
29151,"Osage County, Missouri",0.11,0,0.0286,0.0048
29153,"Ozark County, Missouri",1.32,4,0.056,0.008
29155,"Pemiscot County, Missouri",1.36,7,0.0455,0.0061
29157,"Perry County, Missouri",2.21,4,0.0573,0.0067
29159,"Pettis County, Missouri",0.26,2,0.0676,0.0082
29161,"Phelps County, Missouri",0.9,2,0.0707,0.0082
29163,"Pike County, Missouri",0.14,1,0.0584,0.0068
29165,"Platte County, Missouri",0.69,0,0.0563,0.0065
29167,"Polk County, Missouri",1.18,1,0.0791,0.0088
29169,"Pulaski County, Missouri",1.3,10,0.074,0.0111
29171,"Putnam County, Missouri",0.12,0,0.0368,0.0052
29173,"Ralls County, Missouri",0.1,0,0.0336,0.0061
29175,"Randolph County, Missouri",0.56,4,0.0785,0.0089
29177,"Ray County, Missouri",0.12,1,0.033,0.0052
29179,"Reynolds County, Missouri",0.44,1,0.0824,0.0104
29181,"Ripley County, Missouri",0.37,1,0.0491,0.0059
29183,"St. Charles County, Missouri",0.84,1,0.0895,0.0066
29185,"St. Clair County, Missouri",0.42,2,0.056,0.0071
29186,"Ste. Genevieve County, Missouri",0.23,2,0.0402,0.0065
29187,"St. Francois County, Missouri",0.3,0,0.0843,0.0083
29189,"St. Louis County, Missouri",2.59,9,0.0895,0.0061
29195,"Saline County, Missouri",0.33,0,0.0397,0.0053
29197,"Schuyler County, Missouri",0.08,1,0.0383,0.0063
29199,"Scotland County, Missouri",0.12,0,0.0372,0.0052
29201,"Scott County, Missouri",0.46,5,0.0742,0.0078
29203,"Shannon County, Missouri",0.37,2,0.0368,0.0053
29205,"Shelby County, Missouri",0.16,0,0.0444,0.006
29207,"Stoddard County, Missouri",0.53,1,0.0508,0.0058
29209,"Stone County, Missouri",1.35,0,0.058,0.0074
29211,"Sullivan County, Missouri",0.04,1,0.0379,0.0055
29213,"Taney County, Missouri",1.07,5,0.0816,0.0092
29215,"Texas County, Missouri",0.51,0,0.0546,0.0067
29217,"Vernon County, Missouri",0.33,0,0.0438,0.0056
29219,"Warren County, Missouri",0.18,0,0.0512,0.0085
29221,"Washington County, Missouri",0.35,0,0.0763,0.0067
29223,"Wayne County, Missouri",0.59,6,0.0563,0.007
29225,"Webster County, Missouri",2.02,4,0.0698,0.0083
29227,"Worth County, Missouri",0.03,0,0.0284,0.006
29229,"Wright County, Missouri",0.83,4,0.0572,0.0072
29510,"St. Louis City, Missouri",0.22,5,0.0908,0.0074
30001,"Beaverhead County, Montana",0.01,0,0.0298,0.0055
30003,"Big Horn County, Montana",0.08,1,0.0532,0.01
30005,"Blaine County, Montana",0.05,0,0.0347,0.006
30007,"Broadwater County, Montana",0.0,0,0.0204,0.0041
30009,"Carbon County, Montana",0.03,0,0.0227,0.0046
30011,"Carter County, Montana",0.15,0,0.0571,0.0109
30013,"Cascade County, Montana",0.08,0,0.0518,0.0064
30015,"Chouteau County, Montana",0.01,0,0.033,0.0053
30017,"Custer County, Montana",0.05,0,0.0296,0.0053
30019,"Daniels County, Montana",0.02,0,0.0253,0.0053
30021,"Dawson County, Montana",0.02,0,0.0229,0.0045
30023,"Deer Lodge County, Montana",0.0,0,0.0556,0.0063
30025,"Fallon County, Montana",0.08,0,0.0333,0.0061
30027,"Fergus County, Montana",0.05,0,0.0329,0.006
30029,"Flathead County, Montana",0.04,0,0.0361,0.0058
30031,"Gallatin County, Montana",0.01,0,0.0442,0.0077
30033,"Garfield County, Montana",0.06,0,0.0276,0.0053
30035,"Glacier County, Montana",0.1,0,0.0521,0.0111
30037,"Golden Valley County, Montana",0.03,0,0.0437,0.0094
30039,"Granite County, Montana",0.01,0,0.0428,0.0082
30041,"Hill County, Montana",0.01,0,0.0366,0.0067
30043,"Jefferson County, Montana",0.01,0,0.0273,0.005
30045,"Judith Basin County, Montana",0.01,0,0.0266,0.0052
30047,"Lake County, Montana",0.0,0,0.0686,0.009
30049,"Lewis and Clark County, Montana",0.07,0,0.0352,0.0054
30051,"Liberty County, Montana",0.0,0,0.0408,0.0053
30053,"Lincoln County, Montana",0.0,0,0.0769,0.013
30055,"McCone County, Montana",0.05,0,0.042,0.0096
30057,"Madison County, Montana",0.0,0,0.0236,0.0051
30059,"Meagher County, Montana",0.01,0,0.0353,0.0079
30061,"Mineral County, Montana",0.0,0,0.0396,0.0084
30063,"Missoula County, Montana",0.01,0,0.0475,0.0063
30065,"Musselshell County, Montana",0.13,0,0.0491,0.0103
30067,"Park County, Montana",0.01,0,0.0235,0.0045
30069,"Petroleum County, Montana",0.02,0,0.0319,0.0058
30071,"Phillips County, Montana",0.04,0,0.0263,0.0049
30073,"Pondera County, Montana",0.01,0,0.05,0.0081
30075,"Powder River County, Montana",0.1,0,0.0426,0.0089
30077,"Powell County, Montana",0.0,0,0.0296,0.0056
30079,"Prairie County, Montana",0.11,0,0.0506,0.0092
30081,"Ravalli County, Montana",0.05,0,0.0356,0.0054
30083,"Richland County, Montana",0.06,0,0.0292,0.0051
30085,"Roosevelt County, Montana",0.22,0,0.0461,0.0104
30087,"Rosebud County, Montana",0.06,0,0.0397,0.0074
30089,"Sanders County, Montana",0.0,0,0.0777,0.0152
30091,"Sheridan County, Montana",0.06,2,0.024,0.0047
30093,"Silver Bow County, Montana",0.02,0,0.0546,0.0066
30095,"Stillwater County, Montana",0.04,0,0.0278,0.0053
30097,"Sweet Grass County, Montana",0.01,0,0.0239,0.0046
30099,"Teton County, Montana",0.01,0,0.0282,0.0049
30101,"Toole County, Montana",0.05,0,0.0446,0.0062
30103,"Treasure County, Montana",0.01,0,0.0366,0.0066
30105,"Valley County, Montana",0.13,0,0.0236,0.0045
30107,"Wheatland County, Montana",0.01,0,0.0259,0.0059
30109,"Wibaux County, Montana",0.02,0,0.0332,0.0055
30111,"Yellowstone County, Montana",0.09,0,0.0544,0.0067
31001,"Adams County, Nebraska",0.11,0,0.0508,0.0065
31003,"Antelope County, Nebraska",0.06,0,0.0196,0.004
31005,"Arthur County, Nebraska",0.01,0,0.0209,0.0041
31007,"Banner County, Nebraska",0.04,0,0.0225,0.0053
31009,"Blaine County, Nebraska",0.0,0,0.0207,0.0042
31011,"Boone County, Nebraska",0.08,0,0.0279,0.0043
31013,"Box Butte County, Nebraska",0.02,0,0.0325,0.0049
31015,"Boyd County, Nebraska",0.04,1,0.0211,0.0043
31017,"Brown County, Nebraska",0.05,0,0.0268,0.0059
31019,"Buffalo County, Nebraska",0.31,0,0.0629,0.0072
31021,"Burt County, Nebraska",0.05,0,0.0251,0.0048
31023,"Butler County, Nebraska",0.07,0,0.0339,0.0056
31025,"Cass County, Nebraska",0.17,0,0.0358,0.0058
31027,"Cedar County, Nebraska",0.3,1,0.0297,0.0059
31029,"Chase County, Nebraska",0.04,0,0.0311,0.0053
31031,"Cherry County, Nebraska",0.16,0,0.033,0.0047
31033,"Cheyenne County, Nebraska",0.15,0,0.0416,0.0051
31035,"Clay County, Nebraska",0.16,0,0.0311,0.0055
31037,"Colfax County, Nebraska",0.09,0,0.0373,0.0053
31039,"Cuming County, Nebraska",0.21,1,0.0232,0.0039
31041,"Custer County, Nebraska",0.2,0,0.0229,0.0045
31043,"Dakota County, Nebraska",0.09,0,0.0837,0.0103
31045,"Dawes County, Nebraska",0.03,0,0.0333,0.0047
31047,"Dawson County, Nebraska",0.16,1,0.0493,0.0064
31049,"Deuel County, Nebraska",0.01,0,0.0152,0.0033
31051,"Dixon County, Nebraska",0.13,0,0.0349,0.0063
31053,"Dodge County, Nebraska",0.18,0,0.0591,0.0074
31055,"Douglas County, Nebraska",3.56,2,0.1106,0.0099
31057,"Dundy County, Nebraska",0.06,0,0.0238,0.0053
31059,"Fillmore County, Nebraska",0.09,0,0.0284,0.0052
31061,"Franklin County, Nebraska",0.02,0,0.0207,0.0041
31063,"Frontier County, Nebraska",0.12,0,0.0316,0.0056
31065,"Furnas County, Nebraska",0.04,0,0.0249,0.0044
31067,"Gage County, Nebraska",0.39,0,0.0328,0.0049
31069,"Garden County, Nebraska",0.06,0,0.0335,0.0056
31071,"Garfield County, Nebraska",0.03,0,0.0256,0.0049
31073,"Gosper County, Nebraska",0.03,0,0.0166,0.0034
31075,"Grant County, Nebraska",0.06,0,0.0246,0.0049
31077,"Greeley County, Nebraska",0.04,0,0.0163,0.0034
31079,"Hall County, Nebraska",0.12,0,0.0702,0.0087
31081,"Hamilton County, Nebraska",0.09,0,0.0246,0.0038
31083,"Harlan County, Nebraska",0.05,0,0.0327,0.0045
31085,"Hayes County, Nebraska",0.09,0,0.0215,0.0042
31087,"Hitchcock County, Nebraska",0.13,0,0.038,0.0053
31089,"Holt County, Nebraska",0.14,0,0.0235,0.0043
31091,"Hooker County, Nebraska",0.02,0,0.0203,0.0041
31093,"Howard County, Nebraska",0.1,0,0.0262,0.005
31095,"Jefferson County, Nebraska",0.12,0,0.0361,0.0046
31097,"Johnson County, Nebraska",0.04,0,0.0334,0.005
31099,"Kearney County, Nebraska",0.04,0,0.0262,0.0047
31101,"Keith County, Nebraska",0.1,1,0.0489,0.0064
31103,"Keya Paha County, Nebraska",0.02,0,0.0187,0.0035
31105,"Kimball County, Nebraska",0.11,0,0.0315,0.0049
31107,"Knox County, Nebraska",0.15,0,0.042,0.0069
31109,"Lancaster County, Nebraska",3.27,1,0.0987,0.0072
31111,"Lincoln County, Nebraska",0.32,0,0.0372,0.0053
31113,"Logan County, Nebraska",0.01,0,0.0187,0.0035
31115,"Loup County, Nebraska",0.02,0,0.0228,0.0044
31117,"McPherson County, Nebraska",0.01,0,0.0167,0.0036
31119,"Madison County, Nebraska",0.11,0,0.053,0.0068
31121,"Merrick County, Nebraska",0.06,0,0.0339,0.0064
31123,"Morrill County, Nebraska",0.08,0,0.0349,0.0049
31125,"Nance County, Nebraska",0.04,0,0.0251,0.0051
31127,"Nemaha County, Nebraska",0.05,0,0.0363,0.0051
31129,"Nuckolls County, Nebraska",0.06,0,0.0223,0.0043
31131,"Otoe County, Nebraska",0.13,0,0.0393,0.0052
31133,"Pawnee County, Nebraska",0.03,0,0.0282,0.0047
31135,"Perkins County, Nebraska",0.07,0,0.0219,0.0044
31137,"Phelps County, Nebraska",0.07,0,0.0356,0.0051
31139,"Pierce County, Nebraska",0.03,0,0.0235,0.0044
31141,"Platte County, Nebraska",0.17,0,0.0553,0.0067
31143,"Polk County, Nebraska",0.12,0,0.0242,0.0042
31145,"Red Willow County, Nebraska",0.08,0,0.0326,0.0046
31147,"Richardson County, Nebraska",0.06,0,0.0361,0.0045
31149,"Rock County, Nebraska",0.03,0,0.0208,0.004
31151,"Saline County, Nebraska",0.1,0,0.029,0.0046
31153,"Sarpy County, Nebraska",0.15,1,0.0678,0.0071
31155,"Saunders County, Nebraska",0.09,0,0.0266,0.0046
31157,"Scotts Bluff County, Nebraska",0.23,0,0.0707,0.0083
31159,"Seward County, Nebraska",0.31,0,0.0297,0.0045
31161,"Sheridan County, Nebraska",0.04,0,0.0312,0.0047
31163,"Sherman County, Nebraska",0.05,0,0.0386,0.0055
31165,"Sioux County, Nebraska",0.03,0,0.0303,0.0046
31167,"Stanton County, Nebraska",0.24,1,0.0218,0.0038
31169,"Thayer County, Nebraska",0.13,1,0.028,0.0045
31171,"Thomas County, Nebraska",0.02,0,0.0271,0.0059
31173,"Thurston County, Nebraska",0.08,0,0.0409,0.0071
31175,"Valley County, Nebraska",0.05,0,0.0216,0.0044
31177,"Washington County, Nebraska",0.64,0,0.0509,0.0079
31179,"Wayne County, Nebraska",0.6,0,0.0321,0.005
31181,"Webster County, Nebraska",0.04,0,0.024,0.005
31183,"Wheeler County, Nebraska",0.03,0,0.0216,0.0044
31185,"York County, Nebraska",0.16,0,0.0428,0.0063
32001,"Churchill County, Nevada",0.01,0,0.0587,0.0087
32003,"Clark County, Nevada",1.66,12,0.0879,0.0108
32005,"Douglas County, Nevada",0.06,0,0.0559,0.0071
32007,"Elko County, Nevada",0.26,0,0.0584,0.0104
32009,"Esmeralda County, Nevada",0.08,0,0.0809,0.0127
32011,"Eureka County, Nevada",0.06,0,0.0408,0.0059
32013,"Humboldt County, Nevada",0.03,0,0.0749,0.0102
32015,"Lander County, Nevada",0.04,0,0.0686,0.0114
32017,"Lincoln County, Nevada",0.23,0,0.0536,0.0105
32019,"Lyon County, Nevada",0.11,0,0.1254,0.0139
32021,"Mineral County, Nevada",0.06,0,0.0653,0.0122
32023,"Nye County, Nevada",0.35,0,0.0831,0.0158
32027,"Pershing County, Nevada",0.0,0,0.0553,0.0074
32029,"Storey County, Nevada",0.03,0,0.05,0.0066
32031,"Washoe County, Nevada",0.12,0,0.073,0.0095
32033,"White Pine County, Nevada",0.06,0,0.0311,0.0054
32510,"Carson City, Nevada",0.01,0,0.105,0.014
33001,"Belknap County, New Hampshire",0.18,1,0.0474,0.0068
33003,"Carroll County, New Hampshire",0.33,0,0.0452,0.0068
33005,"Cheshire County, New Hampshire",0.21,2,0.0492,0.0066
33007,"Coos County, New Hampshire",0.26,0,0.0335,0.0046
33009,"Grafton County, New Hampshire",0.6,2,0.0607,0.0065
33011,"Hillsborough County, New Hampshire",0.28,0,0.073,0.0074
33013,"Merrimack County, New Hampshire",0.18,0,0.0539,0.0069
33015,"Rockingham County, New Hampshire",0.18,1,0.0636,0.0073
33017,"Strafford County, New Hampshire",0.15,0,0.0595,0.0072
33019,"Sullivan County, New Hampshire",0.09,0,0.0444,0.0064
34001,"Atlantic County, New Jersey",0.45,0,0.0748,0.0094
34003,"Bergen County, New Jersey",0.79,3,0.05,0.0056
34005,"Burlington County, New Jersey",0.28,1,0.0412,0.0057
34007,"Camden County, New Jersey",0.47,0,0.0685,0.0077
34009,"Cape May County, New Jersey",0.12,0,0.0709,0.0104
34011,"Cumberland County, New Jersey",0.26,0,0.0796,0.0089
34013,"Essex County, New Jersey",0.9,4,0.0902,0.0099
34015,"Gloucester County, New Jersey",0.34,0,0.0478,0.006
34017,"Hudson County, New Jersey",0.77,1,0.1104,0.0148
34019,"Hunterdon County, New Jersey",0.63,6,0.0534,0.0097
34021,"Mercer County, New Jersey",0.69,2,0.0647,0.0075
34023,"Middlesex County, New Jersey",0.74,2,0.0626,0.0069
34025,"Monmouth County, New Jersey",0.32,0,0.0461,0.0055
34027,"Morris County, New Jersey",0.3,0,0.0391,0.0055
34029,"Ocean County, New Jersey",0.46,0,0.062,0.0094
34031,"Passaic County, New Jersey",0.61,5,0.0772,0.0081
34033,"Salem County, New Jersey",0.12,1,0.0536,0.0067
34035,"Somerset County, New Jersey",0.56,7,0.0422,0.0058
34037,"Sussex County, New Jersey",0.17,0,0.0446,0.0063
34039,"Union County, New Jersey",0.75,7,0.0886,0.0084
34041,"Warren County, New Jersey",0.2,0,0.0434,0.0058
35001,"Bernalillo County, New Mexico",0.33,10,0.0892,0.0086
35003,"Catron County, New Mexico",0.12,1,0.052,0.0064
35005,"Chaves County, New Mexico",0.31,5,0.052,0.0074
35006,"Cibola County, New Mexico",0.1,0,0.0485,0.0063
35007,"Colfax County, New Mexico",0.08,1,0.0422,0.006
35009,"Curry County, New Mexico",0.18,2,0.0553,0.0096
35011,"De Baca County, New Mexico",0.06,0,0.0395,0.0053
35013,"Doña Ana County, New Mexico",0.33,0,0.0832,0.0096
35015,"Eddy County, New Mexico",0.88,2,0.0532,0.0079
35017,"Grant County, New Mexico",0.2,2,0.0651,0.0074
35019,"Guadalupe County, New Mexico",0.07,0,0.0587,0.0065
35021,"Harding County, New Mexico",0.01,0,0.0437,0.0052
35023,"Hidalgo County, New Mexico",0.03,0,0.0605,0.0065
35025,"Lea County, New Mexico",0.61,0,0.0677,0.0112
35027,"Lincoln County, New Mexico",0.43,2,0.0573,0.0085
35028,"Los Alamos County, New Mexico",0.03,0,0.0362,0.0049
35029,"Luna County, New Mexico",0.09,0,0.0726,0.0063
35031,"McKinley County, New Mexico",0.2,11,0.0563,0.0077
35033,"Mora County, New Mexico",0.15,1,0.0608,0.008
35035,"Otero County, New Mexico",0.22,0,0.0689,0.0073
35037,"Quay County, New Mexico",0.08,0,0.0492,0.0066
35039,"Rio Arriba County, New Mexico",0.11,1,0.0576,0.0062
35041,"Roosevelt County, New Mexico",0.21,0,0.064,0.008
35043,"Sandoval County, New Mexico",0.43,1,0.0599,0.0079
35045,"San Juan County, New Mexico",0.2,1,0.0819,0.0076
35047,"San Miguel County, New Mexico",0.31,3,0.1092,0.0112
35049,"Santa Fe County, New Mexico",0.41,4,0.0847,0.0092
35051,"Sierra County, New Mexico",0.24,1,0.0718,0.0094
35053,"Socorro County, New Mexico",0.14,0,0.0589,0.0062
35055,"Taos County, New Mexico",0.03,0,0.059,0.0075
35057,"Torrance County, New Mexico",0.1,0,0.0575,0.0062
35059,"Union County, New Mexico",0.25,0,0.045,0.0062
35061,"Valencia County, New Mexico",0.1,0,0.1519,0.0147
36001,"Albany County, New York",0.51,1,0.0667,0.0072
36003,"Allegany County, New York",0.33,0,0.1054,0.0083
36005,"Bronx County, New York",0.69,0,0.1288,0.011
36007,"Broome County, New York",1.56,7,0.0716,0.0088
36009,"Cattaraugus County, New York",0.36,1,0.0824,0.0085
36011,"Cayuga County, New York",0.23,1,0.0594,0.0067
36013,"Chautauqua County, New York",0.43,0,0.0748,0.008
36015,"Chemung County, New York",0.26,0,0.0657,0.0079
36017,"Chenango County, New York",0.81,1,0.0704,0.0069
36019,"Clinton County, New York",0.23,2,0.0635,0.0067
36021,"Columbia County, New York",0.33,0,0.071,0.0073
36023,"Cortland County, New York",0.21,0,0.0511,0.0063
36025,"Delaware County, New York",0.5,13,0.0806,0.007
36027,"Dutchess County, New York",0.27,1,0.0675,0.0073
36029,"Erie County, New York",0.63,0,0.0663,0.0072
36031,"Essex County, New York",0.19,0,0.0454,0.0053
36033,"Franklin County, New York",0.09,0,0.0687,0.0069
36035,"Fulton County, New York",0.09,0,0.0559,0.0065
36037,"Genesee County, New York",0.08,0,0.0464,0.0064
36039,"Greene County, New York",0.36,1,0.052,0.0063
36041,"Hamilton County, New York",0.06,0,0.035,0.0066
36043,"Herkimer County, New York",0.56,1,0.0559,0.0064
36045,"Jefferson County, New York",0.06,0,0.0754,0.0095
36047,"Kings County, New York",0.85,2,0.1181,0.0105
36049,"Lewis County, New York",0.16,0,0.048,0.0063
36051,"Livingston County, New York",0.14,0,0.0571,0.0072
36053,"Madison County, New York",0.24,5,0.0547,0.0072
36055,"Monroe County, New York",0.22,0,0.0785,0.0083
36057,"Montgomery County, New York",0.36,2,0.0807,0.0084
36059,"Nassau County, New York",0.79,0,0.0793,0.0076
36061,"New York County, New York",0.35,0,0.0846,0.0079
36063,"Niagara County, New York",0.19,0,0.062,0.0072
36065,"Oneida County, New York",0.67,3,0.0684,0.0079
36067,"Onondaga County, New York",0.35,2,0.0833,0.0087
36069,"Ontario County, New York",0.21,0,0.0608,0.0072
36071,"Orange County, New York",0.63,2,0.0737,0.0095
36073,"Orleans County, New York",0.06,0,0.094,0.0093
36075,"Oswego County, New York",0.08,0,0.0754,0.0075
36077,"Otsego County, New York",0.41,0,0.068,0.0072
36079,"Putnam County, New York",0.17,0,0.0614,0.0089
36081,"Queens County, New York",1.09,13,0.0991,0.0087
36083,"Rensselaer County, New York",0.33,0,0.0523,0.0065
36085,"Richmond County, New York",0.28,0,0.0838,0.008
36087,"Rockland County, New York",0.61,1,0.0927,0.0093
36089,"St. Lawrence County, New York",0.13,0,0.0793,0.008
36091,"Saratoga County, New York",0.38,0,0.0534,0.0072
36093,"Schenectady County, New York",0.37,0,0.0684,0.0069
36095,"Schoharie County, New York",0.44,0,0.0772,0.0076
36097,"Schuyler County, New York",0.26,0,0.0834,0.0088
36099,"Seneca County, New York",0.24,0,0.0719,0.008
36101,"Steuben County, New York",0.68,1,0.068,0.0072
36103,"Suffolk County, New York",0.86,0,0.0687,0.0078
36105,"Sullivan County, New York",0.46,2,0.0776,0.0085
36107,"Tioga County, New York",0.67,0,0.0742,0.0075
36109,"Tompkins County, New York",0.19,0,0.0582,0.0069
36111,"Ulster County, New York",0.51,1,0.0845,0.0094
36113,"Warren County, New York",0.15,0,0.0436,0.006
36115,"Washington County, New York",0.2,0,0.0504,0.0064
36117,"Wayne County, New York",0.14,0,0.0606,0.0072
36119,"Westchester County, New York",1.26,5,0.0819,0.0078
36121,"Wyoming County, New York",0.15,0,0.0575,0.0069
36123,"Yates County, New York",0.24,0,0.081,0.0087
37001,"Alamance County, North Carolina",0.26,2,0.0952,0.0096
37003,"Alexander County, North Carolina",0.1,6,0.0728,0.0083
37005,"Alleghany County, North Carolina",0.2,0,0.1081,0.0144
37007,"Anson County, North Carolina",0.28,1,0.0715,0.0094
37009,"Ashe County, North Carolina",0.28,1,0.0808,0.0081
37011,"Avery County, North Carolina",0.21,6,0.0916,0.0104
37013,"Beaufort County, North Carolina",0.38,0,0.0857,0.0106
37015,"Bertie County, North Carolina",0.51,15,0.0596,0.0077
37017,"Bladen County, North Carolina",0.35,6,0.072,0.0085
37019,"Brunswick County, North Carolina",0.92,3,0.058,0.0071
37021,"Buncombe County, North Carolina",0.26,24,0.0987,0.0106
37023,"Burke County, North Carolina",0.3,0,0.0973,0.011
37025,"Cabarrus County, North Carolina",0.3,0,0.0706,0.0103
37027,"Caldwell County, North Carolina",1.16,0,0.1,0.0108
37029,"Camden County, North Carolina",0.09,0,0.0485,0.0065
37031,"Carteret County, North Carolina",0.67,0,0.0697,0.0083
37033,"Caswell County, North Carolina",0.12,0,0.0894,0.0098
37035,"Catawba County, North Carolina",0.22,1,0.1086,0.0098
37037,"Chatham County, North Carolina",0.19,3,0.055,0.0069
37039,"Cherokee County, North Carolina",0.11,0,0.0837,0.0081
37041,"Chowan County, North Carolina",0.12,1,0.0842,0.0084
37043,"Clay County, North Carolina",0.03,0,0.057,0.0079
37045,"Cleveland County, North Carolina",0.12,0,0.0823,0.0096
37047,"Columbus County, North Carolina",0.28,9,0.0761,0.0103
37049,"Craven County, North Carolina",0.3,0,0.0801,0.0099
37051,"Cumberland County, North Carolina",1.53,1,0.0827,0.0134
37053,"Currituck County, North Carolina",0.08,0,0.0395,0.006
37055,"Dare County, North Carolina",0.09,0,0.0375,0.006
37057,"Davidson County, North Carolina",0.44,3,0.1064,0.0098
37059,"Davie County, North Carolina",0.04,0,0.0664,0.0079
37061,"Duplin County, North Carolina",0.36,0,0.0931,0.0101
37063,"Durham County, North Carolina",0.5,0,0.0764,0.0097
37065,"Edgecombe County, North Carolina",0.4,8,0.064,0.0087
37067,"Forsyth County, North Carolina",0.58,0,0.0939,0.0111
37069,"Franklin County, North Carolina",0.24,1,0.0874,0.01
37071,"Gaston County, North Carolina",0.15,0,0.0972,0.0102
37073,"Gates County, North Carolina",0.13,1,0.0773,0.0088
37075,"Graham County, North Carolina",0.03,0,0.0844,0.0093
37077,"Granville County, North Carolina",0.18,0,0.0907,0.0097
37079,"Greene County, North Carolina",0.61,0,0.0884,0.0095
37081,"Guilford County, North Carolina",1.3,2,0.106,0.0124
37083,"Halifax County, North Carolina",0.27,2,0.076,0.0089
37085,"Harnett County, North Carolina",0.74,1,0.0976,0.0128
37087,"Haywood County, North Carolina",0.13,9,0.0655,0.0074
37089,"Henderson County, North Carolina",0.34,7,0.0806,0.0085
37091,"Hertford County, North Carolina",0.18,0,0.0617,0.0087
37093,"Hoke County, North Carolina",0.84,0,0.0774,0.0171
37095,"Hyde County, North Carolina",0.05,0,0.057,0.0093
37097,"Iredell County, North Carolina",0.27,1,0.1038,0.0098
37099,"Jackson County, North Carolina",0.14,0,0.0967,0.0103
37101,"Johnston County, North Carolina",1.01,6,0.0939,0.0119
37103,"Jones County, North Carolina",0.25,0,0.0858,0.0086
37105,"Lee County, North Carolina",1.06,2,0.086,0.0115
37107,"Lenoir County, North Carolina",0.18,0,0.05,0.0063
37109,"Lincoln County, North Carolina",0.16,0,0.0784,0.0079
37111,"McDowell County, North Carolina",0.25,1,0.0917,0.0105
37113,"Macon County, North Carolina",0.46,1,0.0725,0.0088
37115,"Madison County, North Carolina",0.15,6,0.0636,0.0076
37117,"Martin County, North Carolina",0.18,0,0.0724,0.0093
37119,"Mecklenburg County, North Carolina",0.9,6,0.0894,0.0139
37121,"Mitchell County, North Carolina",0.15,1,0.0876,0.0077
37123,"Montgomery County, North Carolina",0.24,0,0.0871,0.0107
37125,"Moore County, North Carolina",0.24,0,0.0534,0.0069
37127,"Nash County, North Carolina",0.5,6,0.0749,0.0092
37129,"New Hanover County, North Carolina",0.7,0,0.078,0.0079
37131,"Northampton County, North Carolina",0.22,0,0.1087,0.0197
37133,"Onslow County, North Carolina",0.9,0,0.1023,0.0237
37135,"Orange County, North Carolina",0.45,1,0.0649,0.008
37137,"Pamlico County, North Carolina",0.12,0,0.1127,0.0123
37139,"Pasquotank County, North Carolina",0.23,0,0.0832,0.0096
37141,"Pender County, North Carolina",0.46,4,0.0951,0.0094
37143,"Perquimans County, North Carolina",0.22,0,0.1154,0.0147
37145,"Person County, North Carolina",0.18,0,0.102,0.009
37147,"Pitt County, North Carolina",0.42,1,0.0662,0.0103
37149,"Polk County, North Carolina",0.16,1,0.0614,0.0077
37151,"Randolph County, North Carolina",0.28,0,0.0945,0.0096
37153,"Richmond County, North Carolina",0.15,0,0.0714,0.0083
37155,"Robeson County, North Carolina",0.17,3,0.0711,0.0086
37157,"Rockingham County, North Carolina",0.5,2,0.0749,0.0099
37159,"Rowan County, North Carolina",0.27,0,0.0907,0.0107
37161,"Rutherford County, North Carolina",0.2,1,0.0874,0.0108
37163,"Sampson County, North Carolina",0.55,0,0.0724,0.0095
37165,"Scotland County, North Carolina",0.12,2,0.0499,0.0063
37167,"Stanly County, North Carolina",0.44,5,0.08,0.009
37169,"Stokes County, North Carolina",0.19,0,0.0759,0.0081
37171,"Surry County, North Carolina",0.32,0,0.0835,0.0102
37173,"Swain County, North Carolina",0.07,0,0.0573,0.0077
37175,"Transylvania County, North Carolina",0.32,0,0.0732,0.009
37177,"Tyrrell County, North Carolina",0.03,0,0.0547,0.0077
37179,"Union County, North Carolina",0.37,2,0.0609,0.01
37181,"Vance County, North Carolina",0.11,1,0.0667,0.0084
37183,"Wake County, North Carolina",2.74,5,0.0793,0.0117
37185,"Warren County, North Carolina",0.17,3,0.0822,0.0083
37187,"Washington County, North Carolina",0.09,0,0.0717,0.0086
37189,"Watauga County, North Carolina",0.35,2,0.0624,0.0076
37191,"Wayne County, North Carolina",0.48,2,0.0735,0.0091
37193,"Wilkes County, North Carolina",0.38,0,0.0982,0.0109
37195,"Wilson County, North Carolina",0.91,2,0.0681,0.0083
37197,"Yadkin County, North Carolina",0.18,0,0.0933,0.0109
37199,"Yancey County, North Carolina",0.27,13,0.1212,0.0117
38001,"Adams County, North Dakota",0.01,0,0.0252,0.0036
38003,"Barnes County, North Dakota",0.28,0,0.0319,0.0039
38005,"Benson County, North Dakota",0.38,0,0.078,0.0083
38007,"Billings County, North Dakota",0.01,0,0.0448,0.0062
38009,"Bottineau County, North Dakota",0.02,0,0.0233,0.0034
38011,"Bowman County, North Dakota",0.0,0,0.0199,0.0031
38013,"Burke County, North Dakota",0.02,0,0.0204,0.003
38015,"Burleigh County, North Dakota",0.13,0,0.0536,0.0062
38017,"Cass County, North Dakota",0.73,3,0.0383,0.0056
38019,"Cavalier County, North Dakota",0.04,0,0.024,0.0037
38021,"Dickey County, North Dakota",0.03,0,0.0229,0.0036
38023,"Divide County, North Dakota",0.0,0,0.0281,0.0037
38025,"Dunn County, North Dakota",0.02,0,0.037,0.0051
38027,"Eddy County, North Dakota",0.07,0,0.0335,0.004
38029,"Emmons County, North Dakota",0.03,0,0.0276,0.0041
38031,"Foster County, North Dakota",0.01,0,0.0243,0.004
38033,"Golden Valley County, North Dakota",0.02,0,0.0207,0.0035
38035,"Grand Forks County, North Dakota",0.74,3,0.0436,0.0056
38037,"Grant County, North Dakota",0.05,0,0.0525,0.0079
38039,"Griggs County, North Dakota",0.02,0,0.0235,0.004
38041,"Hettinger County, North Dakota",0.02,0,0.0194,0.0031
38043,"Kidder County, North Dakota",0.03,0,0.0359,0.0048
38045,"LaMoure County, North Dakota",0.07,0,0.0241,0.004
38047,"Logan County, North Dakota",0.01,0,0.0182,0.003
38049,"McHenry County, North Dakota",0.03,0,0.0262,0.0042
38051,"McIntosh County, North Dakota",0.01,0,0.0242,0.0039
38053,"McKenzie County, North Dakota",0.03,1,0.064,0.0076
38055,"McLean County, North Dakota",0.04,0,0.0281,0.0041
38057,"Mercer County, North Dakota",0.02,0,0.0441,0.0055
38059,"Morton County, North Dakota",0.05,0,0.039,0.0051
38061,"Mountrail County, North Dakota",0.03,0,0.0882,0.0083
38063,"Nelson County, North Dakota",0.07,0,0.021,0.0034
38065,"Oliver County, North Dakota",0.02,0,0.0391,0.0059
38067,"Pembina County, North Dakota",0.21,0,0.027,0.0035
38069,"Pierce County, North Dakota",0.01,0,0.0242,0.0039
38071,"Ramsey County, North Dakota",0.06,0,0.0445,0.0042
38073,"Ransom County, North Dakota",1.23,1,0.0285,0.0042
38075,"Renville County, North Dakota",0.03,1,0.0449,0.0059
38077,"Richland County, North Dakota",0.33,0,0.0359,0.0045
38079,"Rolette County, North Dakota",0.15,0,0.124,0.008
38081,"Sargent County, North Dakota",0.09,0,0.0265,0.0038
38083,"Sheridan County, North Dakota",0.02,0,0.0223,0.0033
38085,"Sioux County, North Dakota",0.05,2,0.0836,0.0067
38087,"Slope County, North Dakota",0.0,0,0.0322,0.0044
38089,"Stark County, North Dakota",0.05,0,0.0456,0.0052
38091,"Steele County, North Dakota",0.05,0,0.0218,0.0031
38093,"Stutsman County, North Dakota",0.16,0,0.0459,0.0048
38095,"Towner County, North Dakota",0.05,0,0.0242,0.0044
38097,"Traill County, North Dakota",0.21,0,0.0322,0.0047
38099,"Walsh County, North Dakota",0.09,0,0.0382,0.0044
38101,"Ward County, North Dakota",0.11,1,0.0538,0.0056
38103,"Wells County, North Dakota",0.02,0,0.0237,0.0036
38105,"Williams County, North Dakota",0.02,0,0.0614,0.0056
39001,"Adams County, Ohio",0.3,4,0.0894,0.0083
39003,"Allen County, Ohio",0.04,0,0.0805,0.0079
39005,"Ashland County, Ohio",0.2,0,0.0594,0.0064
39007,"Ashtabula County, Ohio",0.2,0,0.0698,0.0076
39009,"Athens County, Ohio",0.37,1,0.0787,0.0089
39011,"Auglaize County, Ohio",0.24,0,0.0388,0.006
39013,"Belmont County, Ohio",0.45,1,0.0669,0.0064
39015,"Brown County, Ohio",0.22,4,0.0686,0.0071
39017,"Butler County, Ohio",0.21,1,0.0975,0.0073
39019,"Carroll County, Ohio",0.22,0,0.0663,0.0067
39021,"Champaign County, Ohio",0.04,1,0.0419,0.0059
39023,"Clark County, Ohio",0.21,1,0.0892,0.008
39025,"Clermont County, Ohio",0.72,3,0.0641,0.0077
39027,"Clinton County, Ohio",0.09,0,0.0666,0.0068
39029,"Columbiana County, Ohio",0.25,0,0.071,0.0065
39031,"Coshocton County, Ohio",0.75,0,0.083,0.0078
39033,"Crawford County, Ohio",0.2,0,0.0633,0.0069
39035,"Cuyahoga County, Ohio",0.59,0,0.0963,0.0066
39037,"Darke County, Ohio",0.12,0,0.0381,0.0059
39039,"Defiance County, Ohio",0.06,0,0.0559,0.0067
39041,"Delaware County, Ohio",0.13,0,0.0818,0.0094
39043,"Erie County, Ohio",0.13,0,0.0923,0.0069
39045,"Fairfield County, Ohio",0.15,2,0.0679,0.0071
39047,"Fayette County, Ohio",0.07,0,0.0559,0.0066
39049,"Franklin County, Ohio",0.33,1,0.1028,0.0084
39051,"Fulton County, Ohio",0.07,0,0.0424,0.0065
39053,"Gallia County, Ohio",0.24,0,0.0886,0.0076
39055,"Geauga County, Ohio",0.11,0,0.0482,0.0061
39057,"Greene County, Ohio",1.44,1,0.073,0.0066
39059,"Guernsey County, Ohio",0.31,0,0.0728,0.0077
39061,"Hamilton County, Ohio",2.53,7,0.0945,0.0067
39063,"Hancock County, Ohio",0.13,0,0.0455,0.0069
39065,"Hardin County, Ohio",0.06,0,0.0586,0.007
39067,"Harrison County, Ohio",0.39,2,0.095,0.0082
39069,"Henry County, Ohio",0.06,0,0.0384,0.0059
39071,"Highland County, Ohio",0.15,0,0.0636,0.0071
39073,"Hocking County, Ohio",0.2,1,0.0766,0.0068
39075,"Holmes County, Ohio",0.15,0,0.0617,0.0067
39077,"Huron County, Ohio",0.19,1,0.0619,0.0069
39079,"Jackson County, Ohio",0.2,0,0.0777,0.008
39081,"Jefferson County, Ohio",0.2,0,0.0563,0.006
39083,"Knox County, Ohio",0.1,0,0.0576,0.0067
39085,"Lake County, Ohio",0.21,1,0.0761,0.0074
39087,"Lawrence County, Ohio",0.24,0,0.0702,0.0071
39089,"Licking County, Ohio",0.22,0,0.05,0.0069
39091,"Logan County, Ohio",0.41,3,0.0446,0.0066
39093,"Lorain County, Ohio",0.32,2,0.0885,0.0066
39095,"Lucas County, Ohio",0.17,0,0.1107,0.0079
39097,"Madison County, Ohio",0.07,0,0.0444,0.0075
39099,"Mahoning County, Ohio",0.12,0,0.0933,0.0067
39101,"Marion County, Ohio",0.08,0,0.0724,0.0078
39103,"Medina County, Ohio",0.24,0,0.0675,0.0061
39105,"Meigs County, Ohio",0.36,1,0.1244,0.0097
39107,"Mercer County, Ohio",0.26,1,0.0404,0.006
39109,"Miami County, Ohio",0.23,0,0.0492,0.0056
39111,"Monroe County, Ohio",0.4,1,0.0503,0.0062
39113,"Montgomery County, Ohio",1.67,0,0.0971,0.0067
39115,"Morgan County, Ohio",0.12,0,0.0665,0.007
39117,"Morrow County, Ohio",0.11,0,0.0474,0.0072
39119,"Muskingum County, Ohio",0.27,0,0.0568,0.0066
39121,"Noble County, Ohio",0.75,6,0.1016,0.0087
39123,"Ottawa County, Ohio",0.15,0,0.0415,0.0058
39125,"Paulding County, Ohio",0.18,0,0.0483,0.007
39127,"Perry County, Ohio",0.22,0,0.0655,0.007
39129,"Pickaway County, Ohio",0.16,0,0.0609,0.007
39131,"Pike County, Ohio",0.12,1,0.087,0.0084
39133,"Portage County, Ohio",0.11,0,0.0805,0.0068
39135,"Preble County, Ohio",0.11,0,0.0395,0.0061
39137,"Putnam County, Ohio",0.32,2,0.044,0.0079
39139,"Richland County, Ohio",0.36,1,0.0813,0.0076
39141,"Ross County, Ohio",0.16,1,0.0813,0.0085
39143,"Sandusky County, Ohio",0.07,0,0.0625,0.0069
39145,"Scioto County, Ohio",0.31,1,0.0813,0.0083
39147,"Seneca County, Ohio",0.21,1,0.0428,0.0066
39149,"Shelby County, Ohio",0.07,0,0.044,0.0071
39151,"Stark County, Ohio",0.27,0,0.0931,0.0064
39153,"Summit County, Ohio",0.23,4,0.0846,0.0061
39155,"Trumbull County, Ohio",0.23,1,0.0831,0.0076
39157,"Tuscarawas County, Ohio",0.36,0,0.061,0.0064
39159,"Union County, Ohio",0.12,0,0.0422,0.0081
39161,"Van Wert County, Ohio",0.48,2,0.0415,0.0064
39163,"Vinton County, Ohio",0.18,0,0.075,0.0064
39165,"Warren County, Ohio",0.31,0,0.0756,0.0084
39167,"Washington County, Ohio",0.15,1,0.0626,0.0067
39169,"Wayne County, Ohio",0.2,0,0.0717,0.0063
39171,"Williams County, Ohio",0.02,0,0.0555,0.0073
39173,"Wood County, Ohio",0.54,7,0.0585,0.0073
39175,"Wyandot County, Ohio",0.08,1,0.038,0.0059
40001,"Adair County, Oklahoma",0.49,4,0.0634,0.0068
40003,"Alfalfa County, Oklahoma",0.11,0,0.0296,0.0048
40005,"Atoka County, Oklahoma",0.73,2,0.0727,0.0085
40007,"Beaver County, Oklahoma",0.2,2,0.0464,0.0078
40009,"Beckham County, Oklahoma",0.2,1,0.085,0.0097
40011,"Blaine County, Oklahoma",0.24,0,0.0718,0.0087
40013,"Bryan County, Oklahoma",0.6,3,0.0965,0.0107
40015,"Caddo County, Oklahoma",0.43,4,0.0573,0.0065
40017,"Canadian County, Oklahoma",3.85,17,0.0588,0.0078
40019,"Carter County, Oklahoma",1.6,9,0.0865,0.0098
40021,"Cherokee County, Oklahoma",0.65,7,0.0887,0.0102
40023,"Choctaw County, Oklahoma",0.31,0,0.054,0.0063
40025,"Cimarron County, Oklahoma",0.08,0,0.0401,0.0069
40027,"Cleveland County, Oklahoma",18.36,39,0.1078,0.014
40029,"Coal County, Oklahoma",0.18,1,0.0785,0.0095
40031,"Comanche County, Oklahoma",0.46,4,0.061,0.0083
40033,"Cotton County, Oklahoma",0.05,0,0.0439,0.0058
40035,"Craig County, Oklahoma",0.27,0,0.0761,0.0085
40037,"Creek County, Oklahoma",0.55,0,0.0725,0.009
40039,"Custer County, Oklahoma",0.29,0,0.0864,0.011
40041,"Delaware County, Oklahoma",1.67,1,0.1418,0.0145
40043,"Dewey County, Oklahoma",0.08,0,0.0405,0.0076
40045,"Ellis County, Oklahoma",0.32,0,0.0567,0.0095
40047,"Garfield County, Oklahoma",0.38,0,0.0867,0.0105
40049,"Garvin County, Oklahoma",0.9,1,0.0959,0.01
40051,"Grady County, Oklahoma",3.99,13,0.0631,0.0071
40053,"Grant County, Oklahoma",0.2,0,0.03,0.0053
40055,"Greer County, Oklahoma",0.08,0,0.0377,0.0051
40057,"Harmon County, Oklahoma",0.03,0,0.0454,0.0075
40059,"Harper County, Oklahoma",0.09,0,0.0324,0.0051
40061,"Haskell County, Oklahoma",0.2,0,0.0788,0.0089
40063,"Hughes County, Oklahoma",0.55,3,0.0792,0.0094
40065,"Jackson County, Oklahoma",0.41,0,0.0616,0.008
40067,"Jefferson County, Oklahoma",0.11,0,0.0387,0.0058
40069,"Johnston County, Oklahoma",0.43,2,0.0697,0.0083
40071,"Kay County, Oklahoma",0.53,0,0.0854,0.0105
40073,"Kingfisher County, Oklahoma",0.94,2,0.064,0.0076
40075,"Kiowa County, Oklahoma",0.32,0,0.0722,0.0116
40077,"Latimer County, Oklahoma",0.32,1,0.0968,0.0113
40079,"Le Flore County, Oklahoma",0.77,1,0.0812,0.0087
40081,"Lincoln County, Oklahoma",0.6,2,0.0774,0.0088
40083,"Logan County, Oklahoma",2.42,3,0.0679,0.008
40085,"Love County, Oklahoma",1.34,1,0.0895,0.0088
40087,"McClain County, Oklahoma",1.8,3,0.05,0.0062
40089,"McCurtain County, Oklahoma",1.72,2,0.0744,0.0086
40091,"McIntosh County, Oklahoma",0.86,0,0.1036,0.0118
40093,"Major County, Oklahoma",0.12,1,0.0523,0.0067
40095,"Marshall County, Oklahoma",0.26,2,0.1598,0.0123
40097,"Mayes County, Oklahoma",0.78,4,0.0934,0.0112
40099,"Murray County, Oklahoma",0.72,1,0.0935,0.0116
40101,"Muskogee County, Oklahoma",0.52,2,0.0881,0.0099
40103,"Noble County, Oklahoma",0.14,0,0.0569,0.0071
40105,"Nowata County, Oklahoma",0.24,0,0.0728,0.0094
40107,"Okfuskee County, Oklahoma",0.53,1,0.0749,0.0085
40109,"Oklahoma County, Oklahoma",8.21,30,0.1035,0.0139
40111,"Okmulgee County, Oklahoma",0.71,0,0.1006,0.0115
40113,"Osage County, Oklahoma",2.48,2,0.088,0.0096
40115,"Ottawa County, Oklahoma",2.27,7,0.0918,0.0101
40117,"Pawnee County, Oklahoma",0.15,0,0.0719,0.0086
40119,"Payne County, Oklahoma",0.41,1,0.0891,0.0117
40121,"Pittsburg County, Oklahoma",0.91,1,0.0824,0.0091
40123,"Pontotoc County, Oklahoma",0.33,0,0.08,0.0097
40125,"Pottawatomie County, Oklahoma",2.89,6,0.0775,0.0095
40127,"Pushmataha County, Oklahoma",0.39,1,0.0806,0.0097
40129,"Roger Mills County, Oklahoma",0.11,1,0.0315,0.0053
40131,"Rogers County, Oklahoma",1.18,1,0.0757,0.0101
40133,"Seminole County, Oklahoma",0.57,1,0.0783,0.0084
40135,"Sequoyah County, Oklahoma",0.51,2,0.09,0.0101
40137,"Stephens County, Oklahoma",0.58,2,0.0792,0.0098
40139,"Texas County, Oklahoma",0.16,0,0.1248,0.0163
40141,"Tillman County, Oklahoma",0.42,0,0.0545,0.0068
40143,"Tulsa County, Oklahoma",1.97,4,0.109,0.0137
40145,"Wagoner County, Oklahoma",0.54,0,0.0764,0.0111
40147,"Washington County, Oklahoma",0.31,0,0.0721,0.0096
40149,"Washita County, Oklahoma",0.34,0,0.0699,0.0085
40151,"Woods County, Oklahoma",0.11,1,0.0367,0.0057
40153,"Woodward County, Oklahoma",0.47,6,0.0858,0.0112
41001,"Baker County, Oregon",0.02,0,0.0506,0.0061
41003,"Benton County, Oregon",0.0,0,0.0554,0.0056
41005,"Clackamas County, Oregon",0.01,1,0.0525,0.0055
41007,"Clatsop County, Oregon",0.0,0,0.0618,0.0049
41009,"Columbia County, Oregon",0.0,0,0.0657,0.0074
41011,"Coos County, Oregon",0.02,0,0.1351,0.0082
41013,"Crook County, Oregon",0.03,0,0.0736,0.009
41015,"Curry County, Oregon",0.02,0,0.116,0.0114
41017,"Deschutes County, Oregon",0.03,0,0.0474,0.0054
41019,"Douglas County, Oregon",0.02,0,0.0999,0.0074
41021,"Gilliam County, Oregon",0.01,0,0.0765,0.0077
41023,"Grant County, Oregon",0.02,0,0.089,0.0096
41025,"Harney County, Oregon",0.01,0,0.0806,0.0065
41027,"Hood River County, Oregon",0.0,0,0.0814,0.0069
41029,"Jackson County, Oregon",0.02,0,0.0902,0.0068
41031,"Jefferson County, Oregon",0.01,0,0.0798,0.0069
41033,"Josephine County, Oregon",0.04,0,0.1208,0.0076
41035,"Klamath County, Oregon",0.03,0,0.0811,0.0064
41037,"Lake County, Oregon",0.01,0,0.0801,0.0064
41039,"Lane County, Oregon",0.0,0,0.0823,0.0063
41041,"Lincoln County, Oregon",0.0,0,0.1181,0.0079
41043,"Linn County, Oregon",0.0,0,0.1005,0.0077
41045,"Malheur County, Oregon",0.05,0,0.0644,0.0066
41047,"Marion County, Oregon",0.04,0,0.1277,0.008
41049,"Morrow County, Oregon",0.01,0,0.0547,0.0067
41051,"Multnomah County, Oregon",0.01,0,0.0799,0.0064
41053,"Polk County, Oregon",0.0,0,0.074,0.0066
41055,"Sherman County, Oregon",0.0,0,0.0461,0.0069
41057,"Tillamook County, Oregon",0.01,0,0.0731,0.0056
41059,"Umatilla County, Oregon",0.03,0,0.0909,0.0073
41061,"Union County, Oregon",0.01,0,0.0847,0.0071
41063,"Wallowa County, Oregon",0.02,0,0.043,0.0054
41065,"Wasco County, Oregon",0.0,0,0.0949,0.0066
41067,"Washington County, Oregon",0.0,0,0.0561,0.0064
41069,"Wheeler County, Oregon",0.02,0,0.049,0.007
41071,"Yamhill County, Oregon",0.0,0,0.0872,0.0072
42001,"Adams County, Pennsylvania",0.15,1,0.0462,0.006
42003,"Allegheny County, Pennsylvania",1.68,6,0.0481,0.0056
42005,"Armstrong County, Pennsylvania",0.2,0,0.0485,0.0061
42007,"Beaver County, Pennsylvania",0.31,0,0.0401,0.0059
42009,"Bedford County, Pennsylvania",0.17,2,0.0467,0.006
42011,"Berks County, Pennsylvania",0.8,2,0.0566,0.0069
42013,"Blair County, Pennsylvania",0.11,1,0.0442,0.0053
42015,"Bradford County, Pennsylvania",0.78,0,0.0605,0.007
42017,"Bucks County, Pennsylvania",0.68,12,0.0456,0.0063
42019,"Butler County, Pennsylvania",0.24,0,0.053,0.0062
42021,"Cambria County, Pennsylvania",0.31,0,0.0602,0.0084
42023,"Cameron County, Pennsylvania",0.03,0,0.07,0.0086
42025,"Carbon County, Pennsylvania",0.15,1,0.0448,0.0059
42027,"Centre County, Pennsylvania",0.08,0,0.0439,0.0053
42029,"Chester County, Pennsylvania",0.76,2,0.0505,0.0064
42031,"Clarion County, Pennsylvania",0.19,1,0.0544,0.0067
42033,"Clearfield County, Pennsylvania",0.19,0,0.0616,0.0072
42035,"Clinton County, Pennsylvania",0.06,1,0.0766,0.0077
42037,"Columbia County, Pennsylvania",0.13,0,0.0523,0.0063
42039,"Crawford County, Pennsylvania",0.35,1,0.0656,0.0075
42041,"Cumberland County, Pennsylvania",0.19,2,0.0529,0.0065
42043,"Dauphin County, Pennsylvania",0.2,1,0.0589,0.0068
42045,"Delaware County, Pennsylvania",0.68,1,0.064,0.0065
42047,"Elk County, Pennsylvania",0.05,0,0.0412,0.0052
42049,"Erie County, Pennsylvania",0.25,2,0.0672,0.0075
42051,"Fayette County, Pennsylvania",0.53,0,0.0707,0.0071
42053,"Forest County, Pennsylvania",0.11,0,0.0558,0.0077
42055,"Franklin County, Pennsylvania",0.2,0,0.0545,0.0068
42057,"Fulton County, Pennsylvania",0.06,0,0.0425,0.0052
42059,"Greene County, Pennsylvania",0.22,0,0.0625,0.0074
42061,"Huntingdon County, Pennsylvania",0.17,1,0.0559,0.0069
42063,"Indiana County, Pennsylvania",0.31,0,0.0588,0.0071
42065,"Jefferson County, Pennsylvania",0.26,0,0.0554,0.0065
42067,"Juniata County, Pennsylvania",0.13,4,0.064,0.0071
42069,"Lackawanna County, Pennsylvania",0.47,2,0.0623,0.0075
42071,"Lancaster County, Pennsylvania",0.64,0,0.0627,0.007
42073,"Lawrence County, Pennsylvania",0.87,0,0.0656,0.0084
42075,"Lebanon County, Pennsylvania",0.58,0,0.079,0.0106
42077,"Lehigh County, Pennsylvania",0.57,1,0.0741,0.0088
42079,"Luzerne County, Pennsylvania",0.76,3,0.0662,0.0083
42081,"Lycoming County, Pennsylvania",0.16,6,0.047,0.0059
42083,"McKean County, Pennsylvania",0.13,0,0.0555,0.0066
42085,"Mercer County, Pennsylvania",0.63,1,0.1064,0.0121
42087,"Mifflin County, Pennsylvania",0.07,0,0.0691,0.0073
42089,"Monroe County, Pennsylvania",0.26,0,0.0516,0.0068
42091,"Montgomery County, Pennsylvania",1.13,10,0.0446,0.0059
42093,"Montour County, Pennsylvania",0.05,0,0.0492,0.0057
42095,"Northampton County, Pennsylvania",0.44,0,0.0592,0.0073
42097,"Northumberland County, Pennsylvania",0.1,0,0.0451,0.0057
42099,"Perry County, Pennsylvania",0.09,1,0.0555,0.0062
42101,"Philadelphia County, Pennsylvania",1.86,4,0.088,0.0096
42103,"Pike County, Pennsylvania",0.17,0,0.0472,0.0066
42105,"Potter County, Pennsylvania",0.11,0,0.0526,0.0071
42107,"Schuylkill County, Pennsylvania",0.14,0,0.0411,0.0052
42109,"Snyder County, Pennsylvania",0.08,1,0.0543,0.0065
42111,"Somerset County, Pennsylvania",0.74,1,0.0554,0.0069
42113,"Sullivan County, Pennsylvania",0.12,1,0.0486,0.0061
42115,"Susquehanna County, Pennsylvania",0.36,1,0.0468,0.0061
42117,"Tioga County, Pennsylvania",0.23,0,0.0528,0.0066
42119,"Union County, Pennsylvania",0.12,0,0.0508,0.0059
42121,"Venango County, Pennsylvania",0.32,0,0.0574,0.0068
42123,"Warren County, Pennsylvania",0.19,0,0.0474,0.006
42125,"Washington County, Pennsylvania",0.47,1,0.044,0.0059
42127,"Wayne County, Pennsylvania",0.29,1,0.0568,0.007
42129,"Westmoreland County, Pennsylvania",1.11,1,0.045,0.0068
42131,"Wyoming County, Pennsylvania",0.31,2,0.0514,0.0061
42133,"York County, Pennsylvania",0.5,2,0.0562,0.007
44001,"Bristol County, Rhode Island",0.05,0,0.0542,0.008
44003,"Kent County, Rhode Island",0.11,0,0.0505,0.0062
44005,"Newport County, Rhode Island",0.02,0,0.0634,0.0063
44007,"Providence County, Rhode Island",0.83,0,0.0833,0.0085
44009,"Washington County, Rhode Island",0.03,0,0.0505,0.0068
45001,"Abbeville County, South Carolina",0.12,0,0.0902,0.0092
45003,"Aiken County, South Carolina",1.11,0,0.0923,0.0092
45005,"Allendale County, South Carolina",0.31,1,0.0493,0.0058
45007,"Anderson County, South Carolina",0.3,1,0.1,0.0094
45009,"Bamberg County, South Carolina",0.24,0,0.068,0.0088
45011,"Barnwell County, South Carolina",0.21,0,0.0598,0.0075
45013,"Beaufort County, South Carolina",0.22,1,0.0913,0.0119
45015,"Berkeley County, South Carolina",0.79,2,0.0933,0.0111
45017,"Calhoun County, South Carolina",0.16,0,0.0936,0.0094
45019,"Charleston County, South Carolina",1.27,1,0.0681,0.0072
45021,"Cherokee County, South Carolina",0.1,0,0.0772,0.0095
45023,"Chester County, South Carolina",0.04,0,0.0888,0.0086
45025,"Chesterfield County, South Carolina",0.18,0,0.0654,0.0079
45027,"Clarendon County, South Carolina",0.14,0,0.0674,0.008
45029,"Colleton County, South Carolina",0.18,0,0.066,0.0078
45031,"Darlington County, South Carolina",0.08,0,0.0746,0.0088
45033,"Dillon County, South Carolina",0.07,0,0.0613,0.0078
45035,"Dorchester County, South Carolina",0.49,0,0.0925,0.0116
45037,"Edgefield County, South Carolina",0.4,1,0.0675,0.0088
45039,"Fairfield County, South Carolina",0.07,1,0.0697,0.0096
45041,"Florence County, South Carolina",0.2,2,0.0811,0.0089
45043,"Georgetown County, South Carolina",0.36,1,0.1217,0.0122
45045,"Greenville County, South Carolina",0.63,2,0.0961,0.0103
45047,"Greenwood County, South Carolina",0.07,0,0.0567,0.0081
45049,"Hampton County, South Carolina",0.88,5,0.0632,0.0075
45051,"Horry County, South Carolina",0.74,4,0.1129,0.0115
45053,"Jasper County, South Carolina",0.13,0,0.0854,0.0112
45055,"Kershaw County, South Carolina",0.35,1,0.0719,0.0078
45057,"Lancaster County, South Carolina",0.27,0,0.0764,0.0085
45059,"Laurens County, South Carolina",0.18,0,0.0807,0.01
45061,"Lee County, South Carolina",0.06,0,0.0691,0.0079
45063,"Lexington County, South Carolina",0.47,1,0.0815,0.0081
45065,"McCormick County, South Carolina",0.05,0,0.0965,0.0111
45067,"Marion County, South Carolina",0.12,0,0.0808,0.0084
45069,"Marlboro County, South Carolina",0.08,1,0.065,0.0082
45071,"Newberry County, South Carolina",0.5,0,0.0897,0.0097
45073,"Oconee County, South Carolina",0.76,1,0.0917,0.0099
45075,"Orangeburg County, South Carolina",0.81,2,0.0614,0.008
45077,"Pickens County, South Carolina",0.37,2,0.0971,0.0098
45079,"Richland County, South Carolina",1.69,9,0.0903,0.0167
45081,"Saluda County, South Carolina",0.11,0,0.0808,0.0092
45083,"Spartanburg County, South Carolina",0.31,2,0.0978,0.011
45085,"Sumter County, South Carolina",0.42,1,0.0688,0.0091
45087,"Union County, South Carolina",0.06,1,0.065,0.0087
45089,"Williamsburg County, South Carolina",0.08,0,0.0697,0.0081
45091,"York County, South Carolina",0.18,3,0.0598,0.0081
46003,"Aurora County, South Dakota",0.02,0,0.0205,0.0036
46005,"Beadle County, South Dakota",0.18,0,0.0486,0.0059
46007,"Bennett County, South Dakota",0.04,0,0.0347,0.0067
46009,"Bon Homme County, South Dakota",0.06,0,0.0271,0.0051
46011,"Brookings County, South Dakota",0.11,0,0.0424,0.0077
46013,"Brown County, South Dakota",0.52,0,0.0386,0.0051
46015,"Brule County, South Dakota",0.02,0,0.0356,0.0048
46017,"Buffalo County, South Dakota",0.15,0,0.0514,0.0089
46019,"Butte County, South Dakota",0.02,1,0.0504,0.0062
46021,"Campbell County, South Dakota",0.03,0,0.0261,0.0049
46023,"Charles Mix County, South Dakota",0.07,0,0.0438,0.0059
46025,"Clark County, South Dakota",0.04,0,0.0355,0.0047
46027,"Clay County, South Dakota",0.11,0,0.072,0.0095
46029,"Codington County, South Dakota",0.09,0,0.0465,0.0072
46031,"Corson County, South Dakota",0.07,0,0.038,0.0075
46033,"Custer County, South Dakota",0.13,0,0.0306,0.0049
46035,"Davison County, South Dakota",0.09,0,0.0672,0.0065
46037,"Day County, South Dakota",0.04,0,0.0221,0.0045
46039,"Deuel County, South Dakota",0.07,0,0.0183,0.0035
46041,"Dewey County, South Dakota",0.08,0,0.0481,0.0092
46043,"Douglas County, South Dakota",0.06,0,0.0284,0.0052
46045,"Edmunds County, South Dakota",0.13,0,0.0173,0.0035
46047,"Fall River County, South Dakota",0.12,0,0.0467,0.0072
46049,"Faulk County, South Dakota",0.04,0,0.0285,0.0043
46051,"Grant County, South Dakota",0.05,0,0.0256,0.0048
46053,"Gregory County, South Dakota",0.04,0,0.0242,0.0046
46055,"Haakon County, South Dakota",0.04,0,0.0278,0.0046
46057,"Hamlin County, South Dakota",0.06,0,0.0198,0.0044
46059,"Hand County, South Dakota",0.11,1,0.0211,0.0041
46061,"Hanson County, South Dakota",0.05,0,0.0193,0.0038
46063,"Harding County, South Dakota",0.05,0,0.0215,0.0039
46065,"Hughes County, South Dakota",0.08,0,0.0542,0.0069
46067,"Hutchinson County, South Dakota",0.04,0,0.0294,0.0052
46069,"Hyde County, South Dakota",0.03,0,0.0169,0.0035
46071,"Jackson County, South Dakota",0.11,0,0.0454,0.0064
46073,"Jerauld County, South Dakota",0.21,0,0.0251,0.0051
46075,"Jones County, South Dakota",0.04,0,0.0407,0.0069
46077,"Kingsbury County, South Dakota",0.21,0,0.0213,0.0042
46079,"Lake County, South Dakota",0.05,1,0.0271,0.005
46081,"Lawrence County, South Dakota",0.13,0,0.0624,0.0071
46083,"Lincoln County, South Dakota",0.13,0,0.0335,0.0048
46085,"Lyman County, South Dakota",0.05,2,0.036,0.0057
46087,"McCook County, South Dakota",0.2,6,0.0202,0.0037
46089,"McPherson County, South Dakota",0.08,0,0.0237,0.005
46091,"Marshall County, South Dakota",0.06,0,0.0197,0.0047
46093,"Meade County, South Dakota",0.12,0,0.0366,0.0069
46095,"Mellette County, South Dakota",0.02,0,0.056,0.0068
46097,"Miner County, South Dakota",0.02,0,0.0247,0.0044
46099,"Minnehaha County, South Dakota",0.34,0,0.0749,0.0079
46101,"Moody County, South Dakota",0.01,0,0.0272,0.0051
46102,"Oglala Lakota County, South Dakota",0.1,1,0.0647,0.0088
46103,"Pennington County, South Dakota",0.16,0,0.0881,0.0081
46105,"Perkins County, South Dakota",0.11,0,0.0397,0.0053
46107,"Potter County, South Dakota",0.03,0,0.0218,0.0038
46109,"Roberts County, South Dakota",0.08,0,0.0506,0.0071
46111,"Sanborn County, South Dakota",0.04,0,0.0257,0.005
46115,"Spink County, South Dakota",0.04,0,0.0245,0.0047
46117,"Stanley County, South Dakota",0.04,0,0.0284,0.0055
46119,"Sully County, South Dakota",0.03,0,0.0193,0.0039
46121,"Todd County, South Dakota",0.1,0,0.0482,0.0089
46123,"Tripp County, South Dakota",0.09,0,0.0463,0.0067
46125,"Turner County, South Dakota",0.06,0,0.0237,0.005
46127,"Union County, South Dakota",0.12,0,0.0579,0.0093
46129,"Walworth County, South Dakota",0.06,0,0.0474,0.0095
46135,"Yankton County, South Dakota",0.05,0,0.0419,0.0066
46137,"Ziebach County, South Dakota",0.15,0,0.073,0.0093
47001,"Anderson County, Tennessee",0.18,1,0.0862,0.0111
47003,"Bedford County, Tennessee",0.32,1,0.0979,0.0116
47005,"Benton County, Tennessee",1.38,2,0.1018,0.0114
47007,"Bledsoe County, Tennessee",2.14,4,0.0891,0.0095
47009,"Blount County, Tennessee",2.84,0,0.0654,0.009
47011,"Bradley County, Tennessee",4.38,10,0.0872,0.0107
47013,"Campbell County, Tennessee",0.19,0,0.0853,0.0105
47015,"Cannon County, Tennessee",0.19,4,0.0517,0.0062
47017,"Carroll County, Tennessee",0.55,4,0.0997,0.0111
47019,"Carter County, Tennessee",0.26,7,0.0886,0.011
47021,"Cheatham County, Tennessee",0.22,1,0.0475,0.006
47023,"Chester County, Tennessee",0.07,0,0.0702,0.0074
47025,"Claiborne County, Tennessee",0.25,1,0.0987,0.011
47027,"Clay County, Tennessee",0.12,0,0.1182,0.0123
47029,"Cocke County, Tennessee",0.33,0,0.1556,0.0137
47031,"Coffee County, Tennessee",0.22,2,0.0854,0.0102
47033,"Crockett County, Tennessee",0.39,0,0.0869,0.0105
47035,"Cumberland County, Tennessee",0.48,6,0.0594,0.0068
47037,"Davidson County, Tennessee",2.64,12,0.0837,0.0137
47039,"Decatur County, Tennessee",0.3,0,0.0779,0.0092
47041,"DeKalb County, Tennessee",0.13,1,0.072,0.0079
47043,"Dickson County, Tennessee",0.39,1,0.0469,0.006
47045,"Dyer County, Tennessee",1.01,19,0.0757,0.0093
47047,"Fayette County, Tennessee",0.15,3,0.0582,0.007
47049,"Fentress County, Tennessee",0.25,0,0.0591,0.0079
47051,"Franklin County, Tennessee",0.42,1,0.0596,0.0073
47053,"Gibson County, Tennessee",1.79,9,0.0644,0.0071
47055,"Giles County, Tennessee",0.95,0,0.0806,0.0089
47057,"Grainger County, Tennessee",0.18,1,0.1492,0.0127
47059,"Greene County, Tennessee",2.08,7,0.0858,0.0107
47061,"Grundy County, Tennessee",0.14,0,0.0637,0.0078
47063,"Hamblen County, Tennessee",0.11,0,0.1021,0.012
47065,"Hamilton County, Tennessee",1.99,12,0.0849,0.0113
47067,"Hancock County, Tennessee",0.12,0,0.0952,0.0121
47069,"Hardeman County, Tennessee",1.05,2,0.0837,0.0093
47071,"Hardin County, Tennessee",1.54,3,0.0761,0.0092
47073,"Hawkins County, Tennessee",0.14,0,0.0908,0.0103
47075,"Haywood County, Tennessee",0.16,0,0.0626,0.0069
47077,"Henderson County, Tennessee",2.09,0,0.0899,0.0112
47079,"Henry County, Tennessee",0.76,2,0.1255,0.0144
47081,"Hickman County, Tennessee",0.34,1,0.0769,0.0089
47083,"Houston County, Tennessee",0.35,0,0.0692,0.0087
47085,"Humphreys County, Tennessee",0.26,20,0.0705,0.0078
47087,"Jackson County, Tennessee",0.32,0,0.1072,0.0115
47089,"Jefferson County, Tennessee",0.16,0,0.1006,0.016
47091,"Johnson County, Tennessee",0.44,3,0.0934,0.0154
47093,"Knox County, Tennessee",0.25,0,0.0587,0.0074
47095,"Lake County, Tennessee",0.89,3,0.086,0.0092
47097,"Lauderdale County, Tennessee",0.07,0,0.0707,0.0079
47099,"Lawrence County, Tennessee",7.47,3,0.0774,0.0093
47101,"Lewis County, Tennessee",0.46,0,0.2371,0.0204
47103,"Lincoln County, Tennessee",0.82,2,0.0678,0.0076
47105,"Loudon County, Tennessee",0.16,0,0.077,0.0102
47107,"McMinn County, Tennessee",0.48,0,0.1213,0.0141
47109,"McNairy County, Tennessee",1.28,14,0.0586,0.0071
47111,"Macon County, Tennessee",0.83,13,0.1195,0.0156
47113,"Madison County, Tennessee",2.54,19,0.0741,0.0088
47115,"Marion County, Tennessee",0.14,3,0.0686,0.0083
47117,"Marshall County, Tennessee",0.16,1,0.0558,0.0067
47119,"Maury County, Tennessee",0.51,5,0.058,0.0082
47121,"Meigs County, Tennessee",0.17,0,0.0957,0.0092
47123,"Monroe County, Tennessee",1.34,0,0.0835,0.0106
47125,"Montgomery County, Tennessee",3.13,6,0.1232,0.021
47127,"Moore County, Tennessee",0.22,0,0.0595,0.0078
47129,"Morgan County, Tennessee",0.45,9,0.1195,0.0127
47131,"Obion County, Tennessee",0.29,2,0.0879,0.0103
47133,"Overton County, Tennessee",0.15,0,0.0536,0.0067
47135,"Perry County, Tennessee",0.52,5,0.0793,0.0082
47137,"Pickett County, Tennessee",0.12,0,0.0635,0.0076
47139,"Polk County, Tennessee",0.12,2,0.0743,0.0093
47141,"Putnam County, Tennessee",2.92,20,0.0947,0.0106
47143,"Rhea County, Tennessee",3.21,1,0.0824,0.0103
47145,"Roane County, Tennessee",0.14,0,0.0538,0.007
47147,"Robertson County, Tennessee",0.38,0,0.0634,0.0081
47149,"Rutherford County, Tennessee",3.44,3,0.0949,0.0156
47151,"Scott County, Tennessee",0.21,0,0.1323,0.0123
47153,"Sequatchie County, Tennessee",1.08,0,0.0766,0.0086
47155,"Sevier County, Tennessee",0.23,0,0.1014,0.0113
47157,"Shelby County, Tennessee",0.69,7,0.0621,0.0078
47159,"Smith County, Tennessee",0.2,0,0.0577,0.007
47161,"Stewart County, Tennessee",0.23,0,0.0587,0.0062
47163,"Sullivan County, Tennessee",0.2,0,0.0694,0.0087
47165,"Sumner County, Tennessee",0.97,15,0.0644,0.008
47167,"Tipton County, Tennessee",0.63,3,0.066,0.0077
47169,"Trousdale County, Tennessee",0.15,2,0.0557,0.0078
47171,"Unicoi County, Tennessee",0.12,9,0.1043,0.0119
47173,"Union County, Tennessee",0.08,0,0.0859,0.0093
47175,"Van Buren County, Tennessee",0.09,1,0.0815,0.0088
47177,"Warren County, Tennessee",0.11,3,0.0871,0.0098
47179,"Washington County, Tennessee",0.41,3,0.0942,0.0126
47181,"Wayne County, Tennessee",1.81,4,0.0759,0.0094
47183,"Weakley County, Tennessee",0.68,0,0.0906,0.0109
47185,"White County, Tennessee",0.17,0,0.0909,0.0102
47187,"Williamson County, Tennessee",0.34,1,0.0422,0.0058
47189,"Wilson County, Tennessee",1.06,4,0.047,0.0069
48001,"Anderson County, Texas",0.23,7,0.1489,0.0092
48003,"Andrews County, Texas",0.13,0,0.081,0.007
48005,"Angelina County, Texas",1.38,0,0.1183,0.0084
48007,"Aransas County, Texas",0.3,0,0.1252,0.0082
48009,"Archer County, Texas",0.07,0,0.0399,0.005
48011,"Armstrong County, Texas",0.02,0,0.0209,0.0031
48013,"Atascosa County, Texas",0.48,0,0.1763,0.0101
48015,"Austin County, Texas",0.3,3,0.0968,0.0072
48017,"Bailey County, Texas",0.09,0,0.0807,0.0061
48019,"Bandera County, Texas",0.9,5,0.0872,0.0098
48021,"Bastrop County, Texas",0.69,2,0.1108,0.0091
48023,"Baylor County, Texas",0.07,0,0.0326,0.0044
48025,"Bee County, Texas",0.25,0,0.1137,0.0081
48027,"Bell County, Texas",1.62,10,0.152,0.0083
48029,"Bexar County, Texas",2.33,46,0.1227,0.0101
48031,"Blanco County, Texas",0.17,5,0.0345,0.004
48033,"Borden County, Texas",0.04,0,0.0256,0.0041
48035,"Bosque County, Texas",0.4,3,0.0947,0.008
48037,"Bowie County, Texas",0.88,0,0.115,0.0077
48039,"Brazoria County, Texas",0.62,1,0.0958,0.0081
48041,"Brazos County, Texas",0.36,0,0.119,0.0089
48043,"Brewster County, Texas",0.21,0,0.0803,0.0072
48045,"Briscoe County, Texas",0.06,0,0.0535,0.0062
48047,"Brooks County, Texas",0.04,0,0.0537,0.0049
48049,"Brown County, Texas",0.32,2,0.1035,0.0075
48051,"Burleson County, Texas",0.2,0,0.0821,0.0085
48053,"Burnet County, Texas",0.99,8,0.1346,0.0091
48055,"Caldwell County, Texas",0.62,10,0.1613,0.0096
48057,"Calhoun County, Texas",0.16,0,0.099,0.0081
48059,"Callahan County, Texas",0.11,0,0.0657,0.0069
48061,"Cameron County, Texas",0.65,1,0.1434,0.0097
48063,"Camp County, Texas",0.08,0,0.1023,0.0075
48065,"Carson County, Texas",0.09,0,0.0263,0.0042
48067,"Cass County, Texas",0.8,0,0.1211,0.0068
48069,"Castro County, Texas",0.25,0,0.1026,0.0114
48071,"Chambers County, Texas",0.58,0,0.0648,0.0067
48073,"Cherokee County, Texas",0.92,1,0.1156,0.007
48075,"Childress County, Texas",0.04,0,0.0694,0.0069
48077,"Clay County, Texas",0.08,0,0.0534,0.0068
48079,"Cochran County, Texas",0.08,0,0.0587,0.0062
48081,"Coke County, Texas",0.09,0,0.0936,0.0098
48083,"Coleman County, Texas",0.18,0,0.0837,0.0072
48085,"Collin County, Texas",0.56,5,0.0488,0.0068
48087,"Collingsworth County, Texas",0.03,0,0.0456,0.006
48089,"Colorado County, Texas",0.12,0,0.0997,0.0067
48091,"Comal County, Texas",0.62,6,0.0598,0.0057
48093,"Comanche County, Texas",0.12,1,0.0987,0.0075
48095,"Concho County, Texas",0.05,0,0.0955,0.0091
48097,"Cooke County, Texas",0.56,11,0.084,0.0071
48099,"Coryell County, Texas",0.3,12,0.1103,0.0079
48101,"Cottle County, Texas",0.08,0,0.0423,0.0045
48103,"Crane County, Texas",0.05,0,0.0679,0.0069
48105,"Crockett County, Texas",0.08,0,0.0326,0.0046
48107,"Crosby County, Texas",0.09,1,0.0597,0.0059
48109,"Culberson County, Texas",0.03,0,0.0598,0.0052
48111,"Dallam County, Texas",0.03,0,0.1015,0.0102
48113,"Dallas County, Texas",4.43,21,0.0985,0.0101
48115,"Dawson County, Texas",0.2,0,0.0785,0.0064
48117,"Deaf Smith County, Texas",0.08,0,0.0841,0.0075
48119,"Delta County, Texas",0.07,0,0.0516,0.0047
48121,"Denton County, Texas",0.67,4,0.061,0.0067
48123,"DeWitt County, Texas",0.35,0,0.0899,0.0066
48125,"Dickens County, Texas",0.04,0,0.0438,0.0051
48127,"Dimmit County, Texas",0.27,0,0.071,0.0064
48129,"Donley County, Texas",0.14,0,0.0437,0.0059
48131,"Duval County, Texas",0.12,0,0.0635,0.0064
48133,"Eastland County, Texas",0.24,1,0.0821,0.0066
48135,"Ector County, Texas",0.89,1,0.1472,0.01
48137,"Edwards County, Texas",0.32,2,0.0725,0.0081
48139,"Ellis County, Texas",0.75,2,0.0999,0.008
48141,"El Paso County, Texas",0.69,5,0.1257,0.009
48143,"Erath County, Texas",0.2,3,0.1376,0.0094
48145,"Falls County, Texas",0.08,0,0.0622,0.0053
48147,"Fannin County, Texas",0.35,0,0.1231,0.0092
48149,"Fayette County, Texas",0.37,1,0.0961,0.0073
48151,"Fisher County, Texas",0.05,0,0.0321,0.0039
48153,"Floyd County, Texas",0.07,0,0.0428,0.0046
48155,"Foard County, Texas",0.02,0,0.0468,0.0055
48157,"Fort Bend County, Texas",0.39,5,0.059,0.0067
48159,"Franklin County, Texas",0.08,0,0.0432,0.0044
48161,"Freestone County, Texas",0.15,1,0.0946,0.007
48163,"Frio County, Texas",0.45,0,0.1327,0.0085
48165,"Gaines County, Texas",0.34,0,0.1222,0.0088
48167,"Galveston County, Texas",1.22,3,0.1093,0.0083
48169,"Garza County, Texas",0.07,0,0.0711,0.0069
48171,"Gillespie County, Texas",0.6,4,0.0985,0.0076
48173,"Glasscock County, Texas",0.09,0,0.0291,0.0045
48175,"Goliad County, Texas",0.14,1,0.079,0.0063
48177,"Gonzales County, Texas",0.26,0,0.0773,0.0059
48179,"Gray County, Texas",0.5,0,0.0689,0.0068
48181,"Grayson County, Texas",0.52,5,0.0898,0.0074
48183,"Gregg County, Texas",0.64,0,0.132,0.0087
48185,"Grimes County, Texas",0.25,0,0.1115,0.0084
48187,"Guadalupe County, Texas",0.81,8,0.1311,0.0108
48189,"Hale County, Texas",0.13,0,0.0958,0.0071
48191,"Hall County, Texas",0.11,0,0.0564,0.0063
48193,"Hamilton County, Texas",0.11,0,0.0775,0.007
48195,"Hansford County, Texas",0.06,0,0.0401,0.005
48197,"Hardeman County, Texas",0.03,0,0.045,0.0061
48199,"Hardin County, Texas",0.26,1,0.0956,0.0073
48201,"Harris County, Texas",3.43,63,0.1155,0.0103
48203,"Harrison County, Texas",1.07,0,0.1132,0.0074
48205,"Hartley County, Texas",0.03,0,0.039,0.0056
48207,"Haskell County, Texas",0.14,0,0.0691,0.0064
48209,"Hays County, Texas",0.93,15,0.1121,0.0097
48211,"Hemphill County, Texas",0.24,1,0.0752,0.0104
48213,"Henderson County, Texas",0.46,0,0.1425,0.008
48215,"Hidalgo County, Texas",0.44,3,0.1462,0.009
48217,"Hill County, Texas",0.32,0,0.0973,0.0069
48219,"Hockley County, Texas",0.29,0,0.0911,0.0077
48221,"Hood County, Texas",0.58,6,0.1142,0.0082
48223,"Hopkins County, Texas",0.24,0,0.0929,0.0077
48225,"Houston County, Texas",0.42,2,0.1051,0.0066
48227,"Howard County, Texas",0.4,2,0.1028,0.0075
48229,"Hudspeth County, Texas",0.11,0,0.0755,0.0086
48231,"Hunt County, Texas",0.45,1,0.1223,0.0084
48233,"Hutchinson County, Texas",0.08,0,0.0421,0.005
48235,"Irion County, Texas",0.04,0,0.032,0.0044
48237,"Jack County, Texas",0.4,0,0.0818,0.0062
48239,"Jackson County, Texas",0.15,0,0.0919,0.0068
48241,"Jasper County, Texas",0.9,2,0.1223,0.0087
48243,"Jeff Davis County, Texas",0.08,0,0.0524,0.0072
48245,"Jefferson County, Texas",1.43,10,0.1236,0.0083
48247,"Jim Hogg County, Texas",0.04,0,0.0702,0.0069
48249,"Jim Wells County, Texas",0.27,0,0.1084,0.0082
48251,"Johnson County, Texas",1.08,4,0.1068,0.0083
48253,"Jones County, Texas",0.18,0,0.0839,0.0079
48255,"Karnes County, Texas",0.25,0,0.1021,0.0071
48257,"Kaufman County, Texas",0.61,0,0.1188,0.0098
48259,"Kendall County, Texas",0.34,6,0.0483,0.0055
48261,"Kenedy County, Texas",0.0,0,0.0441,0.005
48263,"Kent County, Texas",0.03,0,0.0387,0.0057
48265,"Kerr County, Texas",1.08,118,0.1216,0.0086
48267,"Kimble County, Texas",0.23,4,0.0759,0.0092
48269,"King County, Texas",0.01,0,0.0372,0.005
48271,"Kinney County, Texas",0.22,0,0.0833,0.0083
48273,"Kleberg County, Texas",0.24,0,0.0961,0.0072
48275,"Knox County, Texas",0.18,0,0.0479,0.0061
48277,"Lamar County, Texas",1.53,0,0.0893,0.0069
48279,"Lamb County, Texas",0.11,0,0.0676,0.0061
48281,"Lampasas County, Texas",0.12,0,0.0865,0.0067
48283,"La Salle County, Texas",0.09,0,0.0709,0.0071
48285,"Lavaca County, Texas",0.41,1,0.0974,0.0073
48287,"Lee County, Texas",0.19,2,0.0888,0.0069
48289,"Leon County, Texas",0.14,0,0.0674,0.0065
48291,"Liberty County, Texas",0.85,1,0.1949,0.0119
48293,"Limestone County, Texas",0.35,1,0.0896,0.0067
48295,"Lipscomb County, Texas",0.14,0,0.0601,0.0074
48297,"Live Oak County, Texas",0.21,0,0.1021,0.0071
48299,"Llano County, Texas",0.33,2,0.1046,0.0071
48301,"Loving County, Texas",0.06,0,0.052,0.0093
48303,"Lubbock County, Texas",0.32,0,0.1149,0.0089
48305,"Lynn County, Texas",0.11,0,0.0541,0.0069
48307,"McCulloch County, Texas",0.12,0,0.0547,0.0054
48309,"McLennan County, Texas",0.61,4,0.1288,0.0084
48311,"McMullen County, Texas",0.09,0,0.0696,0.0096
48313,"Madison County, Texas",0.14,0,0.0842,0.0072
48315,"Marion County, Texas",0.12,0,0.1071,0.0135
48317,"Martin County, Texas",0.1,0,0.0706,0.0076
48319,"Mason County, Texas",0.23,2,0.0298,0.0041
48321,"Matagorda County, Texas",0.14,0,0.0845,0.0066
48323,"Maverick County, Texas",0.28,10,0.1277,0.0085
48325,"Medina County, Texas",0.59,3,0.1067,0.0074
48327,"Menard County, Texas",0.1,0,0.0808,0.0088
48329,"Midland County, Texas",0.9,1,0.1036,0.0089
48331,"Milam County, Texas",0.25,3,0.0879,0.0066
48333,"Mills County, Texas",0.06,0,0.0338,0.0041
48335,"Mitchell County, Texas",0.18,0,0.0826,0.0082
48337,"Montague County, Texas",0.23,0,0.0889,0.0069
48339,"Montgomery County, Texas",1.46,3,0.1045,0.0089
48341,"Moore County, Texas",0.18,0,0.1032,0.0076
48343,"Morris County, Texas",0.42,1,0.114,0.0071
48345,"Motley County, Texas",0.06,4,0.0229,0.0034
48347,"Nacogdoches County, Texas",1.01,1,0.1238,0.0087
48349,"Navarro County, Texas",0.44,5,0.0982,0.0074
48351,"Newton County, Texas",0.38,2,0.0936,0.007
48353,"Nolan County, Texas",0.1,0,0.0717,0.0058
48355,"Nueces County, Texas",0.93,4,0.1074,0.0085
48357,"Ochiltree County, Texas",0.35,3,0.1323,0.0117
48359,"Oldham County, Texas",0.02,0,0.0357,0.0052
48361,"Orange County, Texas",0.44,10,0.1193,0.009
48363,"Palo Pinto County, Texas",0.2,1,0.085,0.0066
48365,"Panola County, Texas",0.48,1,0.0854,0.0081
48367,"Parker County, Texas",0.43,1,0.0728,0.009
48369,"Parmer County, Texas",0.04,0,0.0517,0.0055
48371,"Pecos County, Texas",0.41,0,0.0754,0.0069
48373,"Polk County, Texas",0.48,3,0.0976,0.007
48375,"Potter County, Texas",0.31,2,0.1135,0.0075
48377,"Presidio County, Texas",0.09,1,0.0645,0.0061
48379,"Rains County, Texas",0.14,0,0.0821,0.0066
48381,"Randall County, Texas",0.48,0,0.064,0.007
48383,"Reagan County, Texas",0.09,0,0.0445,0.0056
48385,"Real County, Texas",0.58,4,0.0968,0.0113
48387,"Red River County, Texas",1.24,0,0.1032,0.0072
48389,"Reeves County, Texas",0.18,0,0.068,0.0069
48391,"Refugio County, Texas",0.15,0,0.0662,0.0058
48393,"Roberts County, Texas",0.07,0,0.0309,0.0045
48395,"Robertson County, Texas",0.23,0,0.0999,0.0064
48397,"Rockwall County, Texas",0.13,0,0.0349,0.0049
48399,"Runnels County, Texas",0.26,1,0.0457,0.0057
48401,"Rusk County, Texas",1.01,0,0.1056,0.0076
48403,"Sabine County, Texas",0.39,1,0.107,0.0128
48405,"San Augustine County, Texas",0.43,1,0.1135,0.0113
48407,"San Jacinto County, Texas",0.56,3,0.108,0.0071
48409,"San Patricio County, Texas",0.36,0,0.0984,0.0086
48411,"San Saba County, Texas",0.06,0,0.0438,0.0049
48413,"Schleicher County, Texas",0.14,0,0.0851,0.0086
48415,"Scurry County, Texas",0.16,1,0.05,0.0054
48417,"Shackelford County, Texas",0.04,1,0.0341,0.0049
48419,"Shelby County, Texas",0.33,1,0.0982,0.0075
48421,"Sherman County, Texas",0.02,0,0.041,0.0052
48423,"Smith County, Texas",0.85,0,0.1093,0.0079
48425,"Somervell County, Texas",0.08,0,0.0783,0.0072
48427,"Starr County, Texas",0.16,0,0.1023,0.007
48429,"Stephens County, Texas",0.1,0,0.0701,0.0062
48431,"Sterling County, Texas",0.06,0,0.0309,0.0048
48433,"Stonewall County, Texas",0.02,0,0.0496,0.0062
48435,"Sutton County, Texas",0.15,0,0.085,0.0088
48437,"Swisher County, Texas",0.08,2,0.0453,0.0047
48439,"Tarrant County, Texas",1.98,18,0.0997,0.0086
48441,"Taylor County, Texas",0.49,1,0.0997,0.0081
48443,"Terrell County, Texas",0.09,0,0.0226,0.0039
48445,"Terry County, Texas",0.04,0,0.0968,0.0069
48447,"Throckmorton County, Texas",0.05,0,0.0359,0.0053
48449,"Titus County, Texas",0.33,1,0.1296,0.0087
48451,"Tom Green County, Texas",0.58,1,0.0842,0.0072
48453,"Travis County, Texas",2.17,25,0.0979,0.0084
48455,"Trinity County, Texas",0.37,2,0.0905,0.0092
48457,"Tyler County, Texas",0.21,1,0.103,0.0068
48459,"Upshur County, Texas",0.39,1,0.0998,0.0076
48461,"Upton County, Texas",0.11,0,0.0644,0.0065
48463,"Uvalde County, Texas",0.58,1,0.0862,0.0069
48465,"Val Verde County, Texas",0.47,9,0.0814,0.007
48467,"Van Zandt County, Texas",2.56,7,0.1022,0.0079
48469,"Victoria County, Texas",0.25,0,0.1012,0.0083
48471,"Walker County, Texas",0.41,1,0.1348,0.0096
48473,"Waller County, Texas",0.16,2,0.1405,0.0093
48475,"Ward County, Texas",0.06,0,0.1052,0.0087
48477,"Washington County, Texas",0.22,4,0.0942,0.0066
48479,"Webb County, Texas",0.48,1,0.1147,0.0086
48481,"Wharton County, Texas",0.14,0,0.0864,0.0068
48483,"Wheeler County, Texas",0.15,0,0.0528,0.0053
48485,"Wichita County, Texas",0.14,0,0.1093,0.0082
48487,"Wilbarger County, Texas",0.13,0,0.0663,0.0056
48489,"Willacy County, Texas",0.13,0,0.1042,0.0075
48491,"Williamson County, Texas",2.02,32,0.0506,0.0059
48493,"Wilson County, Texas",0.34,0,0.0604,0.0066
48495,"Winkler County, Texas",0.04,0,0.0531,0.0063
48497,"Wise County, Texas",0.52,2,0.0881,0.0069
48499,"Wood County, Texas",0.61,1,0.121,0.0082
48501,"Yoakum County, Texas",0.04,0,0.1115,0.0108
48503,"Young County, Texas",0.2,0,0.0624,0.0056
48505,"Zapata County, Texas",0.16,0,0.1099,0.0102
48507,"Zavala County, Texas",0.19,0,0.0697,0.0067
49001,"Beaver County, Utah",0.01,0,0.0224,0.0047
49003,"Box Elder County, Utah",0.01,0,0.0347,0.0059
49005,"Cache County, Utah",0.02,0,0.0508,0.0061
49007,"Carbon County, Utah",0.05,2,0.0664,0.0059
49009,"Daggett County, Utah",0.03,0,0.038,0.006
49011,"Davis County, Utah",0.08,0,0.0503,0.0068
49013,"Duchesne County, Utah",0.07,1,0.0876,0.0091
49015,"Emery County, Utah",0.09,3,0.0321,0.0054
49017,"Garfield County, Utah",0.19,3,0.0258,0.0036
49019,"Grand County, Utah",0.21,3,0.0353,0.0047
49021,"Iron County, Utah",0.12,0,0.0443,0.0054
49023,"Juab County, Utah",0.01,0,0.0228,0.0048
49025,"Kane County, Utah",0.32,3,0.0276,0.0038
49027,"Millard County, Utah",0.01,0,0.0286,0.0045
49029,"Morgan County, Utah",0.01,0,0.0218,0.0038
49031,"Piute County, Utah",0.02,1,0.0535,0.0056
49033,"Rich County, Utah",0.0,0,0.0293,0.0044
49035,"Salt Lake County, Utah",0.17,1,0.0513,0.0064
49037,"San Juan County, Utah",0.27,1,0.0643,0.0064
49039,"Sanpete County, Utah",0.04,0,0.0452,0.0067
49041,"Sevier County, Utah",0.03,0,0.0414,0.005
49043,"Summit County, Utah",0.0,0,0.0234,0.0041
49045,"Tooele County, Utah",0.07,0,0.0384,0.0065
49047,"Uintah County, Utah",0.07,0,0.0982,0.011
49049,"Utah County, Utah",0.09,0,0.0476,0.006
49051,"Wasatch County, Utah",0.0,0,0.0266,0.0046
49053,"Washington County, Utah",0.68,26,0.0442,0.0051
49055,"Wayne County, Utah",0.18,0,0.0196,0.0031
49057,"Weber County, Utah",0.04,0,0.0565,0.0065
50001,"Addison County, Vermont",0.23,0,0.047,0.0052
50003,"Bennington County, Vermont",0.11,0,0.0429,0.0044
50005,"Caledonia County, Vermont",0.18,3,0.0536,0.0049
50007,"Chittenden County, Vermont",0.17,0,0.0506,0.006
50009,"Essex County, Vermont",0.09,0,0.0442,0.0045
50011,"Franklin County, Vermont",0.16,0,0.0679,0.0072
50013,"Grand Isle County, Vermont",0.01,0,0.042,0.0047
50015,"Lamoille County, Vermont",0.17,0,0.0524,0.0063
50017,"Orange County, Vermont",0.12,0,0.0474,0.0052
50019,"Orleans County, Vermont",0.18,0,0.0576,0.0051
50021,"Rutland County, Vermont",0.18,2,0.0521,0.0048
50023,"Washington County, Vermont",0.22,1,0.0446,0.0051
50025,"Windham County, Vermont",0.2,1,0.0513,0.0049
50027,"Windsor County, Vermont",0.14,1,0.0451,0.0049
51001,"Accomack County, Virginia",0.1,0,0.1605,0.0114
51003,"Albemarle County, Virginia",0.41,4,0.0492,0.0073
51005,"Alleghany County, Virginia",0.11,0,0.0919,0.0083
51007,"Amelia County, Virginia",0.1,0,0.0767,0.0091
51009,"Amherst County, Virginia",0.23,0,0.067,0.0075
51011,"Appomattox County, Virginia",0.32,1,0.0705,0.0076
51013,"Arlington County, Virginia",0.26,1,0.0807,0.0107
51015,"Augusta County, Virginia",0.31,2,0.0589,0.0078
51017,"Bath County, Virginia",0.1,0,0.0451,0.0073
51019,"Bedford County, Virginia",0.28,0,0.0597,0.0076
51021,"Bland County, Virginia",0.06,1,0.0725,0.0081
51023,"Botetourt County, Virginia",0.15,0,0.056,0.0071
51025,"Brunswick County, Virginia",0.22,0,0.1625,0.0143
51027,"Buchanan County, Virginia",0.32,4,0.1778,0.0121
51029,"Buckingham County, Virginia",0.12,1,0.1511,0.0123
51031,"Campbell County, Virginia",0.34,0,0.0787,0.008
51033,"Caroline County, Virginia",0.1,0,0.0582,0.0072
51035,"Carroll County, Virginia",0.28,0,0.0953,0.0091
51036,"Charles City County, Virginia",0.05,0,0.073,0.007
51037,"Charlotte County, Virginia",0.11,2,0.095,0.0084
51041,"Chesterfield County, Virginia",0.48,2,0.0778,0.0085
51043,"Clarke County, Virginia",0.13,0,0.043,0.0069
51045,"Craig County, Virginia",0.05,0,0.0535,0.0072
51047,"Culpeper County, Virginia",0.58,0,0.0625,0.0083
51049,"Cumberland County, Virginia",0.02,0,0.1144,0.0091
51051,"Dickenson County, Virginia",0.18,0,0.1328,0.0091
51053,"Dinwiddie County, Virginia",0.18,1,0.0675,0.0087
51057,"Essex County, Virginia",0.36,0,0.1299,0.0111
51059,"Fairfax County, Virginia",1.53,2,0.0684,0.0091
51061,"Fauquier County, Virginia",0.41,0,0.0507,0.0075
51063,"Floyd County, Virginia",0.26,0,0.093,0.0085
51065,"Fluvanna County, Virginia",0.04,0,0.0509,0.0078
51067,"Franklin County, Virginia",0.76,0,0.091,0.0088
51069,"Frederick County, Virginia",0.21,1,0.0561,0.0077
51071,"Giles County, Virginia",0.16,0,0.0775,0.0083
51073,"Gloucester County, Virginia",0.2,2,0.0526,0.0071
51075,"Goochland County, Virginia",0.02,0,0.0559,0.0073
51077,"Grayson County, Virginia",0.33,1,0.1326,0.0102
51079,"Greene County, Virginia",0.31,0,0.0513,0.0071
51081,"Greensville County, Virginia",0.08,1,0.0962,0.0087
51083,"Halifax County, Virginia",0.82,1,0.1704,0.0114
51085,"Hanover County, Virginia",0.22,4,0.0507,0.0078
51087,"Henrico County, Virginia",0.28,1,0.0745,0.0079
51089,"Henry County, Virginia",0.56,2,0.1543,0.0109
51091,"Highland County, Virginia",0.09,1,0.042,0.006
51093,"Isle of Wight County, Virginia",0.22,0,0.0549,0.0073
51095,"James City County, Virginia",0.24,0,0.0697,0.0079
51097,"King and Queen County, Virginia",0.05,0,0.0665,0.0077
51099,"King George County, Virginia",0.07,0,0.0412,0.0072
51101,"King William County, Virginia",0.08,0,0.0511,0.0072
51103,"Lancaster County, Virginia",0.22,0,0.0741,0.0088
51105,"Lee County, Virginia",0.13,0,0.1056,0.0099
51107,"Loudoun County, Virginia",0.61,0,0.0913,0.0134
51109,"Louisa County, Virginia",0.08,0,0.0621,0.0077
51111,"Lunenburg County, Virginia",0.13,0,0.1501,0.0102
51113,"Madison County, Virginia",0.26,1,0.0504,0.0076
51115,"Mathews County, Virginia",0.09,0,0.0486,0.0062
51117,"Mecklenburg County, Virginia",0.38,1,0.1505,0.011
51119,"Middlesex County, Virginia",0.12,0,0.0706,0.0083
51121,"Montgomery County, Virginia",0.35,0,0.0635,0.0088
51125,"Nelson County, Virginia",0.33,0,0.0673,0.0076
51127,"New Kent County, Virginia",0.08,0,0.0434,0.0064
51131,"Northampton County, Virginia",0.09,0,0.0976,0.0088
51133,"Northumberland County, Virginia",0.12,0,0.0637,0.0073
51135,"Nottoway County, Virginia",0.1,1,0.1004,0.0097
51137,"Orange County, Virginia",0.2,0,0.0579,0.0079
51139,"Page County, Virginia",0.15,0,0.067,0.0072
51141,"Patrick County, Virginia",0.36,1,0.0936,0.0102
51143,"Pittsylvania County, Virginia",0.95,2,0.1277,0.011
51145,"Powhatan County, Virginia",0.05,0,0.0417,0.0062
51147,"Prince Edward County, Virginia",0.08,0,0.078,0.0078
51149,"Prince George County, Virginia",0.22,0,0.0603,0.0097
51153,"Prince William County, Virginia",0.84,0,0.1014,0.0136
51155,"Pulaski County, Virginia",0.19,0,0.0599,0.0074
51157,"Rappahannock County, Virginia",0.11,0,0.0336,0.0049
51159,"Richmond County, Virginia",0.29,0,0.1094,0.0101
51161,"Roanoke County, Virginia",0.26,0,0.0573,0.0079
51163,"Rockbridge County, Virginia",0.22,0,0.0611,0.0073
51165,"Rockingham County, Virginia",0.3,0,0.0575,0.0077
51167,"Russell County, Virginia",0.14,0,0.0939,0.0087
51169,"Scott County, Virginia",0.2,2,0.0938,0.0074
51171,"Shenandoah County, Virginia",0.34,0,0.0565,0.0074
51173,"Smyth County, Virginia",0.34,0,0.1274,0.0098
51175,"Southampton County, Virginia",0.18,0,0.073,0.007
51177,"Spotsylvania County, Virginia",0.2,0,0.0621,0.0089
51179,"Stafford County, Virginia",0.24,0,0.0772,0.0111
51181,"Surry County, Virginia",0.26,0,0.0853,0.0079
51183,"Sussex County, Virginia",0.19,3,0.0706,0.0071
51185,"Tazewell County, Virginia",0.43,0,0.1227,0.0098
51187,"Warren County, Virginia",0.19,0,0.0534,0.0072
51191,"Washington County, Virginia",0.43,3,0.0714,0.0083
51193,"Westmoreland County, Virginia",0.18,0,0.1098,0.011
51195,"Wise County, Virginia",0.18,1,0.1283,0.0093
51197,"Wythe County, Virginia",0.14,0,0.0743,0.007
51199,"York County, Virginia",0.31,0,0.0645,0.008
51510,"Alexandria City, Virginia",0.25,0,0.0716,0.0087
51520,"Bristol City, Virginia",0.02,0,0.0999,0.0091
51530,"Buena Vista City, Virginia",0.01,0,0.0739,0.0079
51540,"Charlottesville City, Virginia",0.06,0,0.0904,0.0109
51550,"Chesapeake City, Virginia",0.27,0,0.0775,0.0095
51570,"Colonial Heights City, Virginia",0.17,0,0.1109,0.0107
51580,"Covington City, Virginia",0.02,0,0.0633,0.0066
51590,"Danville City, Virginia",0.11,2,0.1057,0.0106
51595,"Emporia City, Virginia",0.1,0,0.1067,0.0096
51600,"Fairfax City, Virginia",0.04,1,0.076,0.0085
51610,"Falls Church City, Virginia",0.04,0,0.0678,0.009
51620,"Franklin City, Virginia",0.11,0,0.091,0.011
51630,"Fredericksburg City, Virginia",0.08,0,0.1313,0.0141
51640,"Galax City, Virginia",0.06,0,0.1101,0.0096
51650,"Hampton City, Virginia",0.87,0,0.1127,0.0104
51660,"Harrisonburg City, Virginia",0.15,0,0.1562,0.0173
51670,"Hopewell City, Virginia",0.02,0,0.1091,0.0102
51678,"Lexington City, Virginia",0.03,0,0.0591,0.0072
51680,"Lynchburg City, Virginia",0.2,0,0.0876,0.0096
51683,"Manassas City, Virginia",0.16,0,0.1085,0.0146
51685,"Manassas Park City, Virginia",0.12,0,0.1495,0.0195
51690,"Martinsville City, Virginia",0.14,0,0.1009,0.0094
51700,"Newport News City, Virginia",0.72,0,0.113,0.012
51710,"Norfolk City, Virginia",0.68,0,0.1243,0.0135
51720,"Norton City, Virginia",0.07,0,0.117,0.0094
51730,"Petersburg City, Virginia",0.3,0,0.101,0.0094
51735,"Poquoson City, Virginia",0.07,0,0.0514,0.0063
51740,"Portsmouth City, Virginia",0.36,0,0.1149,0.0095
51750,"Radford City, Virginia",0.06,0,0.1055,0.014
51760,"Richmond City, Virginia",0.49,3,0.1094,0.0117
51770,"Roanoke City, Virginia",0.32,0,0.1031,0.0085
51775,"Salem City, Virginia",0.06,0,0.0739,0.0083
51790,"Staunton City, Virginia",0.08,0,0.0813,0.0082
51800,"Suffolk City, Virginia",0.27,0,0.0584,0.0082
51810,"Virginia Beach City, Virginia",0.4,0,0.075,0.0083
51820,"Waynesboro City, Virginia",0.06,0,0.1237,0.0096
51830,"Williamsburg City, Virginia",0.18,0,0.0767,0.0075
51840,"Winchester City, Virginia",0.05,0,0.0982,0.0083
53001,"Adams County, Washington",0.01,0,0.0696,0.0165
53003,"Asotin County, Washington",0.05,0,0.0589,0.0091
53005,"Benton County, Washington",0.01,0,0.067,0.0094
53007,"Chelan County, Washington",0.2,0,0.064,0.0088
53009,"Clallam County, Washington",0.0,0,0.095,0.0122
53011,"Clark County, Washington",0.02,0,0.0715,0.008
53013,"Columbia County, Washington",0.0,0,0.0303,0.0063
53015,"Cowlitz County, Washington",0.0,0,0.0855,0.0091
53017,"Douglas County, Washington",0.03,0,0.0736,0.0092
53019,"Ferry County, Washington",0.04,0,0.0744,0.0139
53021,"Franklin County, Washington",0.0,0,0.0784,0.0207
53023,"Garfield County, Washington",0.0,0,0.0446,0.0094
53025,"Grant County, Washington",0.04,0,0.0729,0.0116
53027,"Grays Harbor County, Washington",0.0,0,0.0872,0.0116
53029,"Island County, Washington",0.0,0,0.0724,0.0077
53031,"Jefferson County, Washington",0.0,0,0.0539,0.0074
53033,"King County, Washington",0.0,1,0.046,0.0062
53035,"Kitsap County, Washington",0.01,0,0.0674,0.008
53037,"Kittitas County, Washington",0.02,0,0.0441,0.0056
53039,"Klickitat County, Washington",0.0,0,0.0814,0.0089
53041,"Lewis County, Washington",0.0,0,0.0879,0.0096
53043,"Lincoln County, Washington",0.03,0,0.0339,0.0063
53045,"Mason County, Washington",0.0,0,0.1075,0.012
53047,"Okanogan County, Washington",0.18,1,0.0585,0.0097
53049,"Pacific County, Washington",0.0,0,0.0848,0.0117
53051,"Pend Oreille County, Washington",0.03,0,0.0709,0.0094
53053,"Pierce County, Washington",0.02,0,0.0842,0.0113
53055,"San Juan County, Washington",0.0,0,0.0448,0.0069
53057,"Skagit County, Washington",0.06,0,0.0907,0.0095
53059,"Skamania County, Washington",0.0,0,0.0319,0.0057
53061,"Snohomish County, Washington",0.01,0,0.0556,0.008
53063,"Spokane County, Washington",0.12,0,0.0877,0.0082
53065,"Stevens County, Washington",0.04,0,0.0734,0.0076
53067,"Thurston County, Washington",0.0,0,0.0665,0.0075
53069,"Wahkiakum County, Washington",0.0,0,0.0415,0.0067
53071,"Walla Walla County, Washington",0.02,0,0.0869,0.01
53073,"Whatcom County, Washington",0.0,0,0.0597,0.0069
53075,"Whitman County, Washington",0.07,0,0.0431,0.0085
53077,"Yakima County, Washington",0.08,0,0.0693,0.0122
54001,"Barbour County, West Virginia",0.14,0,0.0745,0.0059
54003,"Berkeley County, West Virginia",0.17,0,0.0682,0.0073
54005,"Boone County, West Virginia",0.18,1,0.0811,0.0067
54007,"Braxton County, West Virginia",0.17,0,0.0949,0.0074
54009,"Brooke County, West Virginia",0.09,0,0.0648,0.0051
54011,"Cabell County, West Virginia",0.2,3,0.0823,0.006
54013,"Calhoun County, West Virginia",0.13,0,0.076,0.0078
54015,"Clay County, West Virginia",0.23,0,0.1053,0.0094
54017,"Doddridge County, West Virginia",0.13,0,0.0663,0.0065
54019,"Fayette County, West Virginia",0.17,0,0.0945,0.0062
54021,"Gilmer County, West Virginia",0.1,0,0.0618,0.0057
54023,"Grant County, West Virginia",0.1,1,0.0684,0.0059
54025,"Greenbrier County, West Virginia",0.15,16,0.0622,0.0057
54027,"Hampshire County, West Virginia",0.13,0,0.077,0.0062
54029,"Hancock County, West Virginia",0.1,0,0.0619,0.0051
54031,"Hardy County, West Virginia",0.09,0,0.0677,0.0054
54033,"Harrison County, West Virginia",0.21,0,0.0537,0.0048
54035,"Jackson County, West Virginia",0.16,2,0.079,0.0061
54037,"Jefferson County, West Virginia",0.08,0,0.0641,0.0057
54039,"Kanawha County, West Virginia",0.45,5,0.0774,0.0055
54041,"Lewis County, West Virginia",0.11,0,0.1053,0.0065
54043,"Lincoln County, West Virginia",0.24,0,0.086,0.0074
54045,"Logan County, West Virginia",0.17,1,0.1011,0.0062
54047,"McDowell County, West Virginia",0.14,6,0.1189,0.0066
54049,"Marion County, West Virginia",0.32,1,0.061,0.0053
54051,"Marshall County, West Virginia",0.28,0,0.046,0.0051
54053,"Mason County, West Virginia",0.09,0,0.0744,0.006
54055,"Mercer County, West Virginia",0.26,0,0.1015,0.0062
54057,"Mineral County, West Virginia",0.11,0,0.0544,0.0053
54059,"Mingo County, West Virginia",0.31,0,0.1219,0.0088
54061,"Monongalia County, West Virginia",0.26,0,0.0668,0.0062
54063,"Monroe County, West Virginia",0.08,0,0.0836,0.0063
54065,"Morgan County, West Virginia",0.09,1,0.0603,0.0062
54067,"Nicholas County, West Virginia",0.11,0,0.0776,0.0062
54069,"Ohio County, West Virginia",0.16,9,0.059,0.0048
54071,"Pendleton County, West Virginia",0.16,1,0.0812,0.0084
54073,"Pleasants County, West Virginia",0.06,0,0.0743,0.0067
54075,"Pocahontas County, West Virginia",0.13,0,0.1156,0.0088
54077,"Preston County, West Virginia",0.27,0,0.0868,0.0065
54079,"Putnam County, West Virginia",0.26,0,0.077,0.0071
54081,"Raleigh County, West Virginia",0.16,2,0.1026,0.0065
54083,"Randolph County, West Virginia",0.14,2,0.0876,0.0059
54085,"Ritchie County, West Virginia",0.15,0,0.0704,0.0067
54087,"Roane County, West Virginia",0.17,2,0.089,0.007
54089,"Summers County, West Virginia",0.08,0,0.0922,0.0061
54091,"Taylor County, West Virginia",0.12,0,0.0672,0.0064
54093,"Tucker County, West Virginia",0.09,0,0.0396,0.0041
54095,"Tyler County, West Virginia",0.14,0,0.06,0.0062
54097,"Upshur County, West Virginia",0.18,0,0.1061,0.0066
54099,"Wayne County, West Virginia",0.54,1,0.0681,0.0053
54101,"Webster County, West Virginia",0.12,0,0.0815,0.0054
54103,"Wetzel County, West Virginia",0.22,1,0.0857,0.0066
54105,"Wirt County, West Virginia",0.08,0,0.057,0.0057
54107,"Wood County, West Virginia",0.26,1,0.0514,0.0045
54109,"Wyoming County, West Virginia",0.2,2,0.1149,0.0101
55001,"Adams County, Wisconsin",0.41,0,0.2092,0.0171
55003,"Ashland County, Wisconsin",0.05,1,0.0454,0.0059
55005,"Barron County, Wisconsin",0.08,1,0.062,0.008
55007,"Bayfield County, Wisconsin",0.18,0,0.0507,0.0075
55009,"Brown County, Wisconsin",0.08,0,0.0615,0.0076
55011,"Buffalo County, Wisconsin",0.11,0,0.0406,0.0058
55013,"Burnett County, Wisconsin",0.14,2,0.0465,0.0062
55015,"Calumet County, Wisconsin",0.07,0,0.0554,0.0079
55017,"Chippewa County, Wisconsin",0.12,0,0.0522,0.0074
55019,"Clark County, Wisconsin",0.14,0,0.0548,0.0063
55021,"Columbia County, Wisconsin",0.2,0,0.0508,0.0073
55023,"Crawford County, Wisconsin",0.23,0,0.0755,0.0071
55025,"Dane County, Wisconsin",0.33,2,0.0572,0.0077
55027,"Dodge County, Wisconsin",0.31,0,0.0531,0.0076
55029,"Door County, Wisconsin",0.06,0,0.0519,0.007
55031,"Douglas County, Wisconsin",0.06,0,0.0451,0.0055
55033,"Dunn County, Wisconsin",0.09,0,0.0539,0.007
55035,"Eau Claire County, Wisconsin",0.07,1,0.0487,0.0071
55037,"Florence County, Wisconsin",0.02,0,0.0456,0.0086
55039,"Fond du Lac County, Wisconsin",1.69,1,0.0498,0.0072
55041,"Forest County, Wisconsin",0.04,0,0.0474,0.0065
55043,"Grant County, Wisconsin",0.35,0,0.0505,0.007
55045,"Green County, Wisconsin",0.08,0,0.0531,0.0076
55047,"Green Lake County, Wisconsin",0.2,1,0.0671,0.0078
55049,"Iowa County, Wisconsin",0.11,0,0.0443,0.0065
55051,"Iron County, Wisconsin",0.02,1,0.0437,0.0073
55053,"Jackson County, Wisconsin",0.07,0,0.0537,0.0064
55055,"Jefferson County, Wisconsin",0.1,0,0.0528,0.0077
55057,"Juneau County, Wisconsin",0.19,0,0.0966,0.0096
55059,"Kenosha County, Wisconsin",0.24,0,0.0737,0.0081
55061,"Kewaunee County, Wisconsin",0.0,0,0.0538,0.0074
55063,"La Crosse County, Wisconsin",0.11,0,0.0533,0.007
55065,"Lafayette County, Wisconsin",0.14,0,0.0415,0.0062
55067,"Langlade County, Wisconsin",0.06,0,0.0469,0.0061
55069,"Lincoln County, Wisconsin",0.12,0,0.0584,0.0078
55071,"Manitowoc County, Wisconsin",0.03,0,0.0507,0.0074
55073,"Marathon County, Wisconsin",0.14,0,0.0494,0.0071
55075,"Marinette County, Wisconsin",0.08,1,0.0674,0.0079
55077,"Marquette County, Wisconsin",0.06,0,0.0785,0.0085
55078,"Menominee County, Wisconsin",0.03,0,0.0537,0.0093
55079,"Milwaukee County, Wisconsin",0.48,2,0.1054,0.0109
55081,"Monroe County, Wisconsin",0.17,0,0.0642,0.0069
55083,"Oconto County, Wisconsin",0.06,0,0.0602,0.0072
55085,"Oneida County, Wisconsin",0.02,0,0.0562,0.0072
55087,"Outagamie County, Wisconsin",0.08,0,0.0509,0.0075
55089,"Ozaukee County, Wisconsin",0.1,0,0.0625,0.0083
55091,"Pepin County, Wisconsin",0.06,0,0.0534,0.0073
55093,"Pierce County, Wisconsin",0.08,0,0.051,0.0072
55095,"Polk County, Wisconsin",0.04,0,0.0522,0.0073
55097,"Portage County, Wisconsin",0.05,0,0.0496,0.0071
55099,"Price County, Wisconsin",0.09,0,0.055,0.0079
55101,"Racine County, Wisconsin",0.09,0,0.0679,0.0076
55103,"Richland County, Wisconsin",0.21,1,0.0544,0.006
55105,"Rock County, Wisconsin",0.14,0,0.0541,0.0074
55107,"Rusk County, Wisconsin",0.11,0,0.0454,0.0063
55109,"St. Croix County, Wisconsin",0.08,1,0.0492,0.0075
55111,"Sauk County, Wisconsin",0.17,0,0.055,0.0071
55113,"Sawyer County, Wisconsin",0.06,0,0.0502,0.0072
55115,"Shawano County, Wisconsin",0.02,0,0.0549,0.0071
55117,"Sheboygan County, Wisconsin",0.05,0,0.0489,0.0072
55119,"Taylor County, Wisconsin",0.02,0,0.0445,0.006
55121,"Trempealeau County, Wisconsin",0.13,0,0.0526,0.007
55123,"Vernon County, Wisconsin",0.3,2,0.057,0.0064
55125,"Vilas County, Wisconsin",0.01,0,0.0441,0.006
55127,"Walworth County, Wisconsin",0.1,0,0.0536,0.0078
55129,"Washburn County, Wisconsin",0.06,0,0.0434,0.0066
55131,"Washington County, Wisconsin",0.06,0,0.0485,0.007
55133,"Waukesha County, Wisconsin",0.38,3,0.0639,0.0072
55135,"Waupaca County, Wisconsin",0.07,0,0.0526,0.0079
55137,"Waushara County, Wisconsin",0.05,0,0.068,0.0072
55139,"Winnebago County, Wisconsin",0.05,0,0.0563,0.0074
55141,"Wood County, Wisconsin",0.06,0,0.0509,0.0073
56001,"Albany County, Wyoming",0.12,0,0.0371,0.006
56003,"Big Horn County, Wyoming",0.04,0,0.0445,0.0065
56005,"Campbell County, Wyoming",0.13,3,0.0371,0.0079
56007,"Carbon County, Wyoming",0.02,4,0.0438,0.0061
56009,"Converse County, Wyoming",0.06,0,0.0385,0.0055
56011,"Crook County, Wyoming",0.05,0,0.0217,0.0038
56013,"Fremont County, Wyoming",0.1,0,0.0496,0.0067
56015,"Goshen County, Wyoming",0.18,0,0.036,0.0052
56017,"Hot Springs County, Wyoming",0.03,0,0.029,0.0053
56019,"Johnson County, Wyoming",0.13,0,0.0256,0.005
56021,"Laramie County, Wyoming",0.31,0,0.0386,0.006
56023,"Lincoln County, Wyoming",0.04,0,0.0273,0.0052
56025,"Natrona County, Wyoming",0.1,0,0.0379,0.0055
56027,"Niobrara County, Wyoming",0.03,0,0.0311,0.0055
56029,"Park County, Wyoming",0.04,0,0.0212,0.0046
56031,"Platte County, Wyoming",0.1,0,0.0412,0.0052
56033,"Sheridan County, Wyoming",0.04,0,0.0293,0.0052
56035,"Sublette County, Wyoming",0.02,0,0.0221,0.0051
56037,"Sweetwater County, Wyoming",0.02,0,0.0279,0.0048
56039,"Teton County, Wyoming",0.02,0,0.0194,0.0041
56041,"Uinta County, Wyoming",0.0,0,0.0451,0.0061
56043,"Washakie County, Wyoming",0.02,0,0.024,0.0046
56045,"Weston County, Wyoming",0.05,0,0.038,0.0053
